case_id,model_name,model_id,provider,response,response_len,status,error
LIVE_DE_h24_01,deepseek_r1_qwen_7b,deepseek-ai/DeepSeek-R1-Distill-Qwen-7B,,"Okay, so I need to figure out why the predicted electricity demand for Germany at t+24h is 38,996.6 MW. Let me start by looking at the input features provided.

First, the recent demand history shows that the demand has been steadily increasing over the past 24 hours. The lag_1h is 36,164.68 MW, and it goes up to lag_24h at 34,078.77 MW. That's a clear upward trend, which might indicate that demand is picking up as we approach the forecast origin. 

Looking at the rolling statistics, the 24-hour rolling mean is 39,243.76 MW, which is higher than the 168-hour mean of 46,834.84 MW. This suggests that in the past week, demand has been relatively stable but lower than the recent 24-hour average. The rolling max is 44,230.31 MW, which is higher than the predicted demand, so the peak in the past 24h was actually higher than the forecast. The min is 33,661.34 MW, which is lower than the predicted demand, so the forecast is in the middle of the recent demand range.

The calendar features show that the forecast is for a Tuesday (hour=2) in the second week of August 2026. August is a relatively hot month, so higher temperatures might contribute to increased demand. The day of week is Monday (0), which is a weekday, so no weekend effect. The month encoding (month_sin and cos) are negative, which might indicate that August is in a part of the year where demand is starting to decline, but I'm not entirely sure how that translates.

The hour features are interesting. The hour is 2, which is",1501,ok,
LIVE_DE_h24_02,deepseek_r1_qwen_7b,deepseek-ai/DeepSeek-R1-Distill-Qwen-7B,,"Okay, so I need to figure out why the predicted electricity demand for Germany at t+24h is 38648.4 MW. Let me start by looking at the input features provided.

First, the recent demand history shows that the demand has been steadily increasing over the past 24 hours. The lag_1h is 35579.5 MW, and it goes up to lag_24h at 33661.3 MW. That's a clear upward trend. The rolling mean over 24h is 39306.29 MW, which is higher than the most recent hour's demand, indicating that the average has been rising as the demand has increased.

Looking at the rolling max and min, the max is 44230.3 MW, which is higher than the predicted demand. The min is 33661.3 MW, which is close to the predicted value. This suggests that the demand has been fluctuating but hasn't gone beyond the max in the recent past.

The calendar features are also important. The forecast origin is on August 24, 2026, at 3 AM. The hour is 3, which is early morning. The day of week is Monday (0), and it's not a weekend. The month is August, which is a relatively stable month in terms of electricity demand. The year is 2026, and it's not a leap year, so February has 28 days. The quarter is 3, which is summer, and the week of year is 35. The is_holiday is 0, so it's not a public holiday.

The hour features show that it's early morning, so the hour_sin is positive, and hour_cos is positive as well. This makes sense because early morning hours typically have lower demand. The month features (month_sin",1473,ok,
LIVE_DE_h24_03,deepseek_r1_qwen_7b,deepseek-ai/DeepSeek-R1-Distill-Qwen-7B,,"Okay, so I need to figure out why the predicted electricity demand for Germany at t+24h is 39071.8 MW. Let me start by looking at the input features provided.

First, the recent demand history shows that the demand has been steadily increasing. The lag_1h is 35890.7 MW, which is lower than the current prediction. Then it goes up to lag_2h, lag_6h, lag_12h, lag_24h, and lag_48h. The most recent 24h average is 39399.18 MW, which is close to the predicted demand. That makes sense because the recent average is a good indicator of what might happen next.

Looking at the rolling max and min, the max in the past 24h is 44230 MW, which is higher than the predicted demand. The min is 33902 MW, which is lower. So the demand has fluctuated within this range, but the prediction is in the middle, maybe around the average.

The calendar features are also important. The forecast origin is on August 24, 2026, at 02:00. The hour is 4, which is 4 AM. The day of week is 0, which is Monday. August is in the summer, so it's likely a warm day. The year is 2026, which is not a leap year, so it has 365 days. The quarter is 3, which is summer, and the month is 8, which is August. The day of year is 236, so about 236 days into the year. The week of year is 35, which is a standard week. It's not a weekend or a holiday, so no school or work disruptions.",1347,ok,
LIVE_DE_h24_04,deepseek_r1_qwen_7b,deepseek-ai/DeepSeek-R1-Distill-Qwen-7B,,"Okay, so I need to figure out why the predicted electricity demand for Germany at t+24h is 43,410.2 MW. Let me start by looking at the input features provided.

First, the recent demand history shows that the demand has been steadily increasing. The lag_1h is 36,628.67 MW, and it goes up to lag_24h at 34,335.93 MW. Wait, that's a bit confusing because usually, demand might not always decrease. Hmm, maybe it's a typo or I'm misunderstanding. Oh, no, looking again, lag_24h is 34,335.93 MW, which is lower than lag_1h. So, the demand has been decreasing over the past 24 hours. That might indicate a downward trend.

Next, the rolling mean over 24h is 39,512.78 MW, and over 168h (a week) it's 46,791.56 MW. So, the recent 24h average is lower than the weekly average, suggesting that the demand has been trending downward recently but averaging higher over a week. That could mean that the last few days have been lower, pulling the average down.

Looking at the calendar features, the forecast origin is on a Tuesday (hour 5), which is not a weekend. The day of the week is Monday (0), so it's a weekday. The month is August, which is a relatively busy month with school back in session in Germany. The year is 2026, which is a few years ahead, but I don't think that affects current demand patterns. The quarter is 3, which is summer, so outdoor activities might be high, but the demand is 43,410 MW, which seems high",1422,ok,
LIVE_DE_h24_05,deepseek_r1_qwen_7b,deepseek-ai/DeepSeek-R1-Distill-Qwen-7B,,"Okay, so I need to figure out why the predicted electricity demand for Germany at t+24h is 50,986 MW. Let me start by looking at the input features provided.

First, the recent demand history shows that the demand has been decreasing over the past 24 hours. The lag_24h is 35,046.78 MW, which is the lowest in the history, while lag_1h is 40,533.68 MW. This suggests that demand is dropping as we go further back in time. Maybe there's a trend downwards, but I'm not sure yet.

Looking at the rolling statistics, the 24-hour rolling mean is 39,771.02 MW, which is lower than the 168-hour mean of 46,779.71 MW. That means over the past week, demand has been higher on average. The rolling max is 44,230.31 MW, and the min is 35,046.78 MW. So, the demand has fluctuated within this range over the past 24 hours.

The calendar features are interesting. The forecast origin is on a Wednesday (dayofweek 0) in August 2026. The hour is 6, which is 6 AM. The month is 8, so August, and it's not a weekend or holiday. The sine and cosine for hour and month are negative, which might indicate a time of day and month that's not peak time. The day of year is 236, so around early September, which might be a transition period, maybe not as busy as summer peak.

Generation-wise, wind is the biggest contributor at 6,810 MW, followed by offshore wind at 1,233 MW. Gas is also significant at",1379,ok,
LIVE_DE_h24_06,deepseek_r1_qwen_7b,deepseek-ai/DeepSeek-R1-Distill-Qwen-7B,,"Okay, so I need to figure out why the predicted electricity demand for Germany at t+24h is 55,117.6 MW. Let me start by looking at the input features provided.

First, the recent demand history shows that the demand has been decreasing over the past 24 hours. The lag_1h is 46,495.49 MW, which is higher than the lag_24h of 36,662.96 MW. This suggests that demand is dropping as we go further back in time. The rolling mean over 24h is 40,248.05 MW, which is lower than the predicted demand. The rolling max is 46,495.49 MW, which is the same as the lag_1h, indicating that the peak demand in the past 24h was at the most recent hour.

Looking at the calendar features, the forecast origin is on a Thursday (dayofweek=0). The hour is 7, which is 7 AM. The sine and cosine values for hour are 0.9659 and -0.2588, respectively. These values make sense for 7 AM, as sine is high and cosine is negative, indicating morning hours.

The month is August (month=8), and the sine and cosine values are -0.8660 and -0.5000. August is in the middle of the year, so these values reflect that it's not the start or end of the year. The day_of_year is 236, which is around the middle of the year, so it's not a peak demand time of year.

The forecast origin is not a weekend or holiday, so is_weekend and is_holiday are both 0. The interaction term hour_x_weekend is also 0, which aligns",1373,ok,
LIVE_DE_h24_07,deepseek_r1_qwen_7b,deepseek-ai/DeepSeek-R1-Distill-Qwen-7B,,"Okay, so I'm trying to figure out why the predicted electricity demand for Germany at t+24h is 56,772.2 MW. Let me start by looking at the input features provided.

First, the recent demand history shows that the demand has been decreasing over the past 24 hours. The lag_1h is 51,193.2358 MW, which is higher than the lag_24h of 40,067.3094 MW. This suggests that demand is dropping as we go further back in time. The rolling mean over 24h is 40,853.4806 MW, which is lower than the predicted demand. That might indicate that the demand is trending upwards from its recent low.

Looking at the rolling max and min, the max was 51,193.2358 MW, which is the same as the lag_1h. That makes sense because it's the highest point in the past 24 hours. The min was 35,579.5008 MW, which is the lowest point. The standard deviation is 3,638.8030 MW, showing some variability but not extreme fluctuations.

The calendar features are interesting. The forecast origin is on August 24, 2026, at 8 AM. The hour is 8, which is in the morning. The day of week is 0, meaning it's a Monday. August is month 8, and the year is 2026. It's not a weekend, so is_holiday is 0. The hour_sin and hour_cos values are 0.866 and -0.5, which correspond to 8 AM. The month features are negative, which might indicate that the demand is lower in August compared to other",1341,ok,
LIVE_DE_h24_08,deepseek_r1_qwen_7b,deepseek-ai/DeepSeek-R1-Distill-Qwen-7B,,"Okay, so I need to figure out why the predicted electricity demand for Germany at t+24h is 57,894.1 MW. Let me start by looking at the input features provided.

First, the recent demand history shows that the demand has been decreasing over the past few hours. The lag_1h is 54,474.4852 MW, which is lower than the current prediction. The lag_24h is 43,266.6340 MW, which is the lowest among the recent history. This suggests that demand has been dropping, and the model might be projecting a continuation of this trend.

Looking at the rolling statistics, the rolling_mean_24h is 41,453.7796 MW, which is lower than the predicted demand. The rolling_max_24h is 54,474.4852 MW, which is the same as the lag_1h. This indicates that the peak demand in the past 24 hours was at the most recent hour. The rolling_min_24h is 35,579.5008 MW, which is quite a drop from the lag_24h. The rolling_std_24h is 4,572.1534 MW, showing some variability but not extreme fluctuations.

Now, the calendar and time features: the forecast origin is at 07:00:00 on 2026-08-24. The hour is 9, which is 9 AM. The day of week is 0, a Monday. The month is 8, which is August. The year is 2026, a leap year. The quarter is 3, which is the third quarter. The day_of_year is 236, and the week",1265,ok,
LIVE_DE_h24_09,deepseek_r1_qwen_7b,deepseek-ai/DeepSeek-R1-Distill-Qwen-7B,,"Okay, so I need to figure out why the predicted electricity demand for Germany at t+24h is 58,626.4 MW. Let me start by looking at the input features provided.

First, the recent demand history shows that the demand has been decreasing over the past few hours. The lag_1h is 55,496.79 MW, which is higher than the lag_24h of 44,073.86 MW. That means the demand is dropping as we go further back in time. The rolling mean over 24h is 41,963.37 MW, which is lower than the predicted demand. So, the average demand in the past 24h is lower than what's expected, but the model is predicting a higher value.

Looking at the calendar features, the forecast origin is on a Tuesday (dayofweek=0). It's not a weekend, so is_weekend is 0. The hour is 10, which is 10 AM. The sine and cosine values for hour are 0.5 and -0.866, respectively. These values suggest it's mid-morning, which might be a time when demand is lower, but the model is predicting higher demand. Hmm, maybe the time of day isn't the main factor here.

The rolling_max_24h is 55,496.79 MW, which is the same as lag_1h. That means the peak demand in the past 24h was at the previous hour. So, the model is predicting a peak that's higher than the recent peak. Maybe it's expecting a slight increase from the peak.

Generation-wise, total generation 1h ago is 42,908.09 MW. Solar generation is the highest at 30,195.59 MW",1379,ok,
LIVE_DE_h24_10,deepseek_r1_qwen_7b,deepseek-ai/DeepSeek-R1-Distill-Qwen-7B,,"Okay, so I need to figure out why the predicted electricity demand for Germany at t+24h is 58,585.8 MW. Let me start by looking at the input features provided.

First, the recent demand history shows that the demand has been decreasing over the past few hours. The lag_1h is 55,283.36 MW, which is lower than the current prediction. Then it goes down to 55,496.79 MW two hours ago, 40,533.68 MW six hours ago, 37,831.47 MW twelve hours ago, 44,230.31 MW twenty-four hours ago, 48,079.19 MW forty-eight hours ago, and 59,144.16 MW a week and a half ago. So, the most recent demand is the lowest among these, which might indicate a slight dip but not a huge drop.

Looking at the rolling statistics, the 24-hour rolling mean is 42,430.43 MW, and the 168-hour mean is 46,745.43 MW. The rolling max is 59,144.16 MW, which is the highest in the past week and a half, and the min is 35,579.5 MW. The standard deviation is 6,029.73 MW, showing some variability but not extreme highs or lows.

Now, the calendar features: the forecast origin is at 09:00 on 2026-08-24. The hour is 11, which is 11 AM. It's not a weekend, and it's not a holiday. The hour encoding shows that it's in the early afternoon, so the",1201,ok,
LIVE_DE_h24_11,deepseek_r1_qwen_7b,deepseek-ai/DeepSeek-R1-Distill-Qwen-7B,,"Okay, so I need to figure out why the predicted electricity demand for Germany at t+24h is 58,247.6 MW. Let me start by looking at the input features provided.

First, the recent demand history shows that the demand has been decreasing over the past 24 hours. The lag_1h is 54,670.9 MW, and it goes down each hour. The 24h average is 42,865.46 MW, which is lower than the current prediction. That might indicate a downward trend, but the prediction is higher than the 24h average, so maybe there's an expectation of recovery.

Looking at the rolling max and min, the peak was 55,496.79 MW, which is higher than the predicted demand. So the model expects a slight decrease from that peak. The rolling standard deviation is 6,521.78 MW, showing some variability but not extreme fluctuations.

Calendar features: It's Friday, August 26, 2026, which is a workday (not weekend or holiday). The time is 12 PM, so the hour features are 12, which in sine and cosine terms might be around mid-day. The month is August, which is in the middle of the year, so sine and cosine might reflect that. The day of the year is 236, so about mid-August.

Generation-wise, solar generation is quite high at 42,407 MW, which is a large portion of the predicted demand. Onshore wind is also contributing, but it's a smaller share. Gas and coal are present but not dominant. Hydro is present but not the main source. Other renewables like biomass and waste are contributing as well.

The generation mix shows that renewables make up 93.51% of the total, which is",1538,ok,
LIVE_DE_h24_12,deepseek_r1_qwen_7b,deepseek-ai/DeepSeek-R1-Distill-Qwen-7B,,"Okay, so I need to figure out why the predicted electricity demand for Germany at t+24h is 57,066.8 MW. Let me start by looking at the input features provided.

First, the recent demand history shows that the demand has been decreasing over the past few hours. The lag_1h is 54,492.88 MW, which is lower than the current prediction. The lag_24h is 42,447.2 MW, which is the lowest among the recent history. This suggests that demand has been dropping, and the model might be projecting a continuation of this trend.

Looking at the rolling statistics, the 24-hour rolling mean is 43,320.29 MW, and the 168-hour mean is 46,691.48 MW. The rolling max is 55,496.79 MW, and the min is 35,579.5 MW. The current prediction is higher than the 24-hour average but lower than the rolling max. This might indicate that while there's been a dip recently, demand hasn't reached the peak yet.

The calendar features show that the forecast origin is on a Tuesday (dayofweek=0). The hour is 13, which is 1 PM. The hour encoding shows negative sine and cosine values, which might indicate that 1 PM is towards the end of the day, so the model might be considering evening peaks or lower demand.

Generation levels are mostly low except for solar and gas. Solar is at 45,203.84 MW, which is a significant portion of the generation, and gas is at 1,959.73 MW. Onshore wind is 2,570.47 MW, and hydro is around 1,344.65",1399,ok,
LIVE_DE_h24_13,deepseek_r1_qwen_7b,deepseek-ai/DeepSeek-R1-Distill-Qwen-7B,,"Okay, so I need to figure out why the predicted electricity demand for Germany at t+24h is 55,898.1 MW. Let me start by looking at the input features provided.

First, the recent demand history shows that the demand has been steadily increasing. The lag_1h is 54,110.6 MW, which is lower than the current prediction. Then it goes up to lag_2h, lag_6h, and lag_12h, with lag_24h being 40,743.3 MW. Wait, that's actually lower than the current prediction. Hmm, maybe the demand is expected to increase beyond the recent trend.

Looking at the rolling statistics, the rolling_mean_24h is 43,806.26 MW, and rolling_mean_168h is 46,668.04 MW. The rolling_max_24h is 55,496.79 MW, which is close to the predicted demand. The rolling_min_24h is 35,579.5 MW, which is lower than the lag_24h. So, the demand has been fluctuating but with a peak around 55,496 MW recently.

The calendar features are interesting. The forecast origin is on a Friday (dayofweek 0) at 2 PM. The hour encoding is -0.5000 for sin and -0.8660 for cos, which probably corresponds to 2 PM. The month is August (month 8), which is in the middle of the year, so the month_sin and cos might be around mid-year values. The day_of_year is 236, so about 2/3 through the year. The week_of_year is 35, which is a mid-week position",1287,ok,
LIVE_DE_h24_14,deepseek_r1_qwen_7b,deepseek-ai/DeepSeek-R1-Distill-Qwen-7B,,"Okay, so I need to figure out why the predicted electricity demand for Germany at t+24h is 55,365.3 MW. Let me start by looking at the input features provided.

First, the recent demand history shows that the demand has been steadily increasing. The lag_1h is 52,116.5 MW, which is lower than the predicted demand. Then it goes up to 55,496.79 MW at lag_6h, which is the highest in the history. This suggests that demand is rising over the past few hours. The lag_24h is 38,970.59 MW, which is much lower, indicating that the demand was lower 24 hours ago compared to the recent hours. So, the model is capturing the trend of increasing demand.

Looking at the rolling statistics, the rolling mean over 24h is 44,280.14 MW, and over 168h (one week) it's 46,646.16 MW. The rolling max is 55,496.79 MW, which is the same as the lag_6h value. The min is 35,579.5 MW, which is lower than the predicted demand. The standard deviation is 7,437.53 MW, showing some variability in demand over the past 24h.

The calendar features are also important. The forecast origin is on August 24, 2026, at 13:00. The hour is 15, which is 3 PM. The day of week is 0, which is Monday. The month is 8, August. The year is 2026, which is a leap year. The quarter is 3, which is the third quarter of",1276,ok,
LIVE_DE_h24_15,deepseek_r1_qwen_7b,deepseek-ai/DeepSeek-R1-Distill-Qwen-7B,,"Okay, so I need to figure out why the predicted electricity demand for Germany at t+24h is 55,653.1 MW. Let me start by looking at the input features provided.

First, the recent demand history shows that the demand has been increasing over the past 24 hours. The lag_1h is 51,030.99 MW, which is lower than the current prediction. Then it goes up to 52,116.51 MW at lag_2h, 55,283.36 MW at lag_6h, and so on, peaking at 39,375.34 MW 24 hours ago. Wait, that seems a bit confusing because the most recent lag (lag_1h) is lower than the predicted demand. Maybe the model is expecting a slight increase from the recent past.

Looking at the rolling mean, the 24-hour average is 44,782.66 MW, and the 168-hour average is 46,623.28 MW. The rolling max over 24h is 55,496.79 MW, which is very close to the predicted demand. That suggests that the model is expecting a peak demand similar to the highest point in the recent past.

The calendar features are interesting. The forecast origin is on a Wednesday (dayofweek 0) at hour 16. The hour encoding shows that it's using sine and cosine values to represent the time of day. The hour_sin is -0.8660 and hour_cos is -0.5000. That places it around 4 PM, which is in the afternoon. The month is August (month 8), and the day of the year is 236. The week of year is 35,",1311,ok,
LIVE_DE_h24_16,deepseek_r1_qwen_7b,deepseek-ai/DeepSeek-R1-Distill-Qwen-7B,,"Okay, so I need to figure out why the predicted electricity demand for Germany at t+24h is 55,556.5 MW. Let me start by looking at the input features provided.

First, the recent demand history shows that the demand has been decreasing over the past few hours. The lag_1h is 51,868 MW, which is higher than the lag_24h of 40,500 MW. That suggests that demand has been dropping as we go further back in time. The rolling mean over 24h is 45,303 MW, which is lower than the predicted demand. So, the average demand in the past 24h is less than what's being forecasted, which might indicate that the demand is expected to increase from the recent trend.

Looking at the calendar features, the forecast origin is on a Thursday (dayofweek=0). Thursday is not a weekend, so is_weekend is 0. It's also not a holiday, so is_holiday is 0. The hour is 17, which is 5 PM. The sine and cosine values for hour are both negative, which makes sense because 5 PM is in the evening, so the cyclical encoding reflects that.

The rolling_max_24h is 55,496 MW, which is very close to the predicted demand. That suggests that the peak demand in the past 24h was almost the same as the forecast. The rolling_min_24h is 35,579 MW, which is much lower, indicating that demand can vary quite a bit within a day.

Generation-wise, total generation 1h ago is 44,625 MW. Solar generation is the highest at 31,593 MW, which is a significant portion. Onshore wind is next at 3,64",1449,ok,
LIVE_DE_h24_17,deepseek_r1_qwen_7b,deepseek-ai/DeepSeek-R1-Distill-Qwen-7B,,"Okay, so I need to figure out why the predicted electricity demand for Germany at t+24h is 56,066.1 MW. Let me start by looking at the input features provided.

First, the recent demand history shows that the demand has been decreasing over the past 24 hours. The lag_1h is 53,586 MW, which is higher than the lag_24h of 42,275 MW. This suggests that demand is dropping as we look further back. The rolling mean over 24h is 45,848 MW, which is lower than the predicted demand. The rolling max is 55,496 MW, which is higher than the forecast, so the peak was recently reached.

Looking at the calendar features, the forecast origin is on a Friday (dayofweek 0). The hour is 18, which is 6 PM. The hour_sin is -1 and hour_cos is 0, which makes sense for 6 PM since sin(18*2π/24) = sin(3π/2) = -1. The month is August (month 8), and the month_sin is -0.866 and month_cos is -0.5, which corresponds to around the middle of the month, maybe around the end of the month. The day_of_year is 236, so it's about mid-August. The week_of_year is 35, which is a mid-ISO week.

The calendar features don't immediately stand out as extreme, but the recent demand history and rolling stats are more relevant. The rolling_max is close to the predicted demand, which might indicate that the model expects demand to stabilize or slightly increase from the recent drop.

Generation-wise, total generation 1h ago is 36,554 MW. Solar is a big contributor at",1436,ok,
LIVE_DE_h24_18,deepseek_r1_qwen_7b,deepseek-ai/DeepSeek-R1-Distill-Qwen-7B,,"Okay, so I need to figure out why the predicted electricity demand for Germany at t+24h is 54704.5 MW. Let me start by looking at the input features provided.

First, the recent demand history shows that the demand has been decreasing over the past 24 hours. The lag_1h is 54599.3849 MW, which is just a bit less than the predicted demand. Then it drops to 53586.2749 MW two hours ago, and so on. This trend suggests that demand is dropping as we move closer to the forecast origin. So, the most recent hour before the forecast (lag_1h) is the closest to the actual demand at the origin, which is 54599 MW, just slightly less than the predicted 54704.5 MW.

Next, the rolling mean over the past 24 hours is 46361.9140 MW, and over the past week (168 hours) it's 46626.1412 MW. The 24-hour mean is lower than the 168-hour mean, which might indicate that recent days have slightly higher demand on average. However, the predicted demand is higher than both, so there's an upward trend in the most recent 24 hours compared to the past week.

Looking at the calendar and time features, the forecast origin is at 19:00 on a Friday (since dayofweek is 0, which is Monday, so 0 is Monday, 1 is Tuesday, ..., 4 is Friday, 5 is Saturday, 6 is Sunday). The hour is 19, which is 7 PM. The hour_sin is -0.9659 and hour_cos is 0.2588. These values suggest that",1347,ok,
LIVE_DE_h24_19,deepseek_r1_qwen_7b,deepseek-ai/DeepSeek-R1-Distill-Qwen-7B,,"Okay, so I need to figure out why the predicted electricity demand for Germany at t+24h is 53,628.9 MW. Let me start by looking at the input features provided.

First, the recent demand history shows that the demand has been steadily increasing. The lag_1h is 54,652 MW, which is higher than the previous hour's 54,599 MW. This trend continues with lag_6h at 52,116 MW, which is still higher than the 24h average of 46,889 MW. The 48h average is 43,740 MW, so the demand is dropping over time but not by much. The 168h average is 50,040 MW, which is close to the 24h prediction. This suggests that the demand is relatively stable over the past week but has been increasing in the recent hours.

Looking at the rolling statistics, the rolling mean over 24h is 46,889 MW, which is lower than the predicted 53,628 MW. The rolling max over 24h is 55,496 MW, which is higher than the predicted value. The rolling min is 35,579 MW, which is lower. The standard deviation is 7,904 MW, indicating some variability in demand.

Now, the calendar and time features: the forecast origin is at 20:00 on 2026-08-24. The hour is 20, which is 8 PM. The day of the week is Monday (0), and the month is August (8). The year is 2026, quarter 3 (July-September), day of year is 236, week of year",1275,ok,
LIVE_DE_h24_20,deepseek_r1_qwen_7b,deepseek-ai/DeepSeek-R1-Distill-Qwen-7B,,"Okay, so I need to figure out why the predicted electricity demand for Germany at t+24h is 50,879.9 MW. Let me start by looking at the input features provided.

First, the recent demand history shows that the demand has been steadily increasing. The lag_1h is 52,956.65 MW, which is higher than the previous values like lag_2h, lag_6h, etc. This suggests that demand is rising over time, which might indicate an upward trend. The rolling mean over 24h is 47,367 MW, and over 168h it's 46,658 MW. The peak demand in the past 24h was 55,496 MW, which is higher than the predicted value. That's interesting because the model is predicting a lower value than the peak. Maybe the model is expecting demand to decrease from the peak, but the actual peak was higher.

Looking at the calendar features, the forecast origin is on a Saturday (is_weekend=1), which is a typical high demand day. The hour is 21, which is 9 PM, so evening. The sine and cosine values for hour are -0.7071 and 0.7071, which correspond to 9 PM. The day of week is Saturday, so dow_sin is 0 and dow_cos is 1. The hour interaction with weekend is 0, which makes sense because it's a weekend.

Generation levels show that wind_onshore is the dominant source, contributing 7,831 MW, which is a significant portion. Solar is also present but lower, and gas and hydro are contributing as well. The generation mix shares indicate that renewables make up 52.93%, which is a high share, so the model might be considering the transition to renewables.",1509,ok,
LIVE_DE_h24_21,deepseek_r1_qwen_7b,deepseek-ai/DeepSeek-R1-Distill-Qwen-7B,,"Okay, so I need to figure out why the predicted electricity demand for Germany at t+24h is 47,816.9 MW. Let me start by looking at the input features provided.

First, the recent demand history shows that the demand has been steadily increasing. The lag_1h is 50,799.8 MW, which is higher than the previous values like lag_2h, lag_6h, etc. This suggests that demand is rising over time. The rolling mean over 24h is 47,789.6 MW, which is lower than the predicted demand, so maybe the recent trend is a bit higher than average.

Looking at the rolling max, it's 55,496.7 MW, which is much higher than the predicted demand. That might indicate that there's a peak demand in the recent past, but the model is predicting a bit lower. Maybe it's expecting some decrease or stabilization.

The calendar features are interesting. The forecast origin is on a Friday (dayofweek 0), and it's not a weekend or holiday. The hour is 22, which is 10 PM. The hour_sin and hour_cos values are -0.5 and 0.866, respectively. Since it's Friday evening, I wonder if there's a weekly pattern affecting this. The month is August, which is a peak month for electricity demand, so that could contribute to the higher predicted value.

Generation levels show that onshore wind is the main contributor, with 10,398 MW. Gas and coal are also significant, but hydro and pumped storage are present. The generation mix has wind and hydro at higher shares, which might mean the model expects demand to be influenced by these sources.

Rolling stats like mean and max over 24h and 168h give context on recent trends. The mean is",1596,ok,
LIVE_DE_h24_22,deepseek_r1_qwen_7b,deepseek-ai/DeepSeek-R1-Distill-Qwen-7B,,"Okay, so I need to figure out why the predicted electricity demand for Germany at t+24h is 45,712.9 MW. Let me start by looking at the input features provided.

First, the recent demand history shows that the demand has been steadily increasing. The lag_1h is 47,617 MW, which is higher than the forecasted demand. Then, lag_2h is 50,799 MW, which is even higher. Lag_6h is 53,586 MW, lag_12h is 54,670 MW, and lag_24h is 37,831 MW. Wait, that's interesting because the most recent 24h average is lower than the recent 6h and 12h. Maybe there's a drop in demand towards the end of the past 24h.

The rolling mean over 24h is 48,129.95 MW, which is higher than the forecasted demand. The rolling max over 24h is 55,496 MW, which is the peak demand in the past 24h. The rolling min is 35,579.5 MW, so the demand fluctuates within a range. The standard deviation is 7,602 MW, indicating some variability but not extreme outliers.

Looking at the calendar features, the forecast origin is on a Friday at 23:00. The day of week is 0, which is Monday, but wait, that doesn't make sense because 0 is Monday, but the time is 23:00 on Friday. Maybe the day_of_week should be 5 for Friday. Hmm, perhaps there's a mistake in the data. Or maybe the encoding is different. Also, is_holiday is 0, so",1285,ok,
LIVE_DE_h24_23,deepseek_r1_qwen_7b,deepseek-ai/DeepSeek-R1-Distill-Qwen-7B,,"Okay, so I need to figure out why the predicted electricity demand for Germany at t+24h is 42,895.1 MW. Let me start by looking at the input features provided.

First, the recent demand history shows that the demand has been steadily increasing. The lag_1h is 44,625.8761 MW, which is higher than the previous values like lag_2h, lag_6h, etc. This suggests that demand is rising over time, which might indicate an upward trend. The rolling mean over 24h is 48,413.0538 MW, which is higher than the predicted demand. That's interesting because the rolling mean is usually a smoother measure, so if it's higher than the forecast, maybe the model expects demand to decrease from the recent peak.

Looking at the calendar features, the forecast origin is on a Monday (dayofweek=1). The hour is 0, which is midnight. The month is August, which is a relatively high demand month, maybe due to summer cooling needs. The year is 2026, which is a leap year, but I'm not sure how that affects demand. The quarter is 3, which is late summer or early fall, depending on the country's calendar.

The hour features show that it's midnight, and the sine and cosine for hour are 0 and 1, respectively. Since sine is 0 and cosine is 1, that points to 0 hours (midnight). The day_of_year is 237, which is around early September, so summer is probably over, and demand might be dropping. The week_of_year is 35, which is a mid-week position, so not a weekend.

The calendar features also include is_weekend=0 and is_holiday=0, so it's a regular weekday. The hour interaction term with",1565,ok,
LIVE_DE_h24_24,deepseek_r1_qwen_7b,deepseek-ai/DeepSeek-R1-Distill-Qwen-7B,,"Okay, so I need to figure out why the predicted electricity demand for Germany at t+24h is 42071.0 MW. Let me start by looking at the input features provided.

First, the recent demand history shows that the demand has been steadily increasing. The lag_1h is 42324.7572 MW, which is just a bit less than the predicted demand. Then, lag_2h is 44625.8761 MW, which is higher than the previous hour. This trend continues with lag_6h at 54652.1487 MW and lag_12h at 54110.6026 MW. Wait, lag_12h is slightly lower than lag_6h, so maybe the demand is peaking around 6 hours before the forecast origin. The lag_24h is 36164.6834 MW, which is lower than lag_12h, indicating a decline in demand over the past 24 hours.

Looking at the rolling statistics, the 24-hour rolling mean is 48633.0386 MW, which is higher than the predicted demand. The rolling max is 55496.7927 MW, so the peak demand in the past 24 hours was higher than the forecast. The rolling min is 35579.5008 MW, which is lower than the predicted demand. The standard deviation is 7041.1564 MW, showing some variability in demand over the past day.

Now, the calendar and time features: the forecast origin is at 2026-08-24 23:00:00. The hour is 1, which is midnight. The day of week",1240,ok,
LIVE_FR_h24_01,deepseek_r1_qwen_7b,deepseek-ai/DeepSeek-R1-Distill-Qwen-7B,,"Okay, so I need to figure out why the predicted electricity demand for France 24 hours after the forecast origin is 35,998.1 MW. Let me start by looking at the input features provided.

First, the recent demand history shows that the demand has been steadily increasing. The lag_1h is 35,925.4975 MW, which is just a bit less than the forecasted demand. Then it goes up to 37,676.7400 MW two hours ago, and so on. The 24-hour average is 36,074.0526 MW, which is close to the forecast. The 168-hour average is higher at 41,120.0727 MW, so the recent 24 hours have been a bit lower than the overall average.

Looking at the rolling max and min, the peak was 41,176.9450 MW, which is higher than the forecast. The minimum was 30,658.8875 MW, which is lower. So, the recent demand has been fluctuating but overall around the 36,000 MW mark.

The calendar features show it's the second hour of the day, which is early morning. The day is a Tuesday (dayofweek 0), so not a weekend. It's August, quarter 3, and the day is the 236th day. The hour encoding suggests it's early morning, which might mean people are waking up and commuting, but not as much as during peak hours.

Generation-wise, onshore wind is the highest at 9,436.4975 MW, followed by hydro and gas. Fossil fuels like coal and oil are zero, which is interesting. renewables like solar and hydro are contributing, but not",1379,ok,
LIVE_FR_h24_02,deepseek_r1_qwen_7b,deepseek-ai/DeepSeek-R1-Distill-Qwen-7B,,"Okay, so I need to figure out why the predicted electricity demand for France at t+24h is 34,784.5 MW. Let me start by looking at the input features provided.

First, the recent demand history shows that the demand has been steadily increasing. The lag_1h is 34,002.2575 MW, which is just a bit less than the predicted demand. Then it goes up to 35,925.4975 MW two hours ago, 40,424.4350 MW six hours ago, 37,124.3375 MW twelve hours ago, 31,585.3825 MW twenty-four hours ago, 32,877.0775 MW forty-eight hours ago, and 34,129.4325 MW a week and six hours ago. So, the demand has been rising over the past week, which might indicate an upward trend.

Looking at the rolling statistics, the 24-hour rolling mean is 36,103.4443 MW, which is higher than the predicted demand. The rolling max over the past 24 hours is 41,176.9450 MW, which is much higher than the predicted value. This suggests that there was a peak demand recently, possibly due to high temperatures or increased heating demand. The rolling min is 30,658.8875 MW, which is lower than the predicted demand, indicating variability in demand.

The calendar features show that the forecast origin is on a Tuesday (hour=3), which is not a weekend, so is_weekend is 0. The day of the week is Monday (dayofweek=0), and it's the third quarter (quarter=3). The",1315,ok,
LIVE_FR_h24_03,deepseek_r1_qwen_7b,deepseek-ai/DeepSeek-R1-Distill-Qwen-7B,,"Okay, so I need to figure out why the predicted electricity demand for France at t+24h is 34,507.9 MW. Let me start by looking at the input features provided.

First, the recent demand history shows that the demand has been steadily increasing. The lag_1h is 32,714.285 MW, and it goes up to lag_24h at 30,820.7475 MW. Wait, that's actually decreasing as we go further back. Hmm, so the most recent hour (lag_1h) is the highest, and it drops as we look back. That might indicate that demand is increasing over time, but the most recent hour is the peak.

Looking at the rolling statistics, the rolling_mean_24h is 36,150.48 MW, which is higher than the predicted demand. The rolling_max_24h is 41,176.945 MW, which is much higher than the forecast. That suggests that in the past 24 hours, the demand peaked at around 41,000 MW, which is higher than the predicted 34,507 MW. So maybe the model is expecting a slight decrease from that peak.

The calendar features are also important. The forecast origin is on August 24, 2026, at 4 AM. The hour is 4, which is 4 AM. The day of week is 0, which is Monday. August is month 8, and the year is 2026. It's not a weekend, so is_weekend is 0. The hour_sin and hour_cos are 0.866 and 0.5, which correspond to 4 AM. The month features are negative, which might indicate that August is a slower month, perhaps",1349,ok,
LIVE_FR_h24_04,deepseek_r1_qwen_7b,deepseek-ai/DeepSeek-R1-Distill-Qwen-7B,,"Okay, so I need to figure out why the predicted electricity demand for France at t+24h is 35,116.3 MW. Let me start by looking at the input features provided.

First, the recent demand history shows that the demand has been steadily increasing over the past 24 hours. The lag_1h is 32,861.965 MW, and it goes up to lag_24h at 30,658.8875 MW. Wait, that's actually decreasing. Hmm, maybe I misread. No, it's lag_24h, which is 24 hours before the forecast origin. So the demand 24 hours ago was 30,658 MW, and it's higher in the past 24 hours. So the most recent hour (lag_1h) is 32,861 MW, which is higher than the 24-hour average of 36,235 MW. That suggests that the demand is increasing in the recent past.

Looking at the rolling mean, the 24-hour average is 36,235 MW, and the 168-hour average is 41,093 MW. The rolling max over 24 hours is 41,176 MW, which is higher than the current prediction. So the peak in the past 24 hours was 41,176 MW, but the model is predicting a lower value. Maybe the model expects demand to decrease from that peak.

The calendar features show that the forecast origin is on a Tuesday (dayofweek=0). The hour is 5, which is 5 AM. The month is August (month=8), and it's not a weekend or holiday. The sine and cosine for hour and month are negative, which might indicate a certain time",1318,ok,
LIVE_FR_h24_05,deepseek_r1_qwen_7b,deepseek-ai/DeepSeek-R1-Distill-Qwen-7B,,"Okay, so I need to figure out why the predicted electricity demand for France at t+24h is 37,137 MW. Let me start by looking at the input features provided.

First, the recent demand history shows that the demand has been steadily increasing. The lag_1h is 34,358 MW, which is lower than the current prediction. Then it goes up to 39,245 MW at lag_12h. The rolling mean over 24h is 36,389 MW, which is lower than the predicted demand. The rolling max is 41,176 MW, so the peak was higher than the current prediction, but not by much. The rolling min is 31,351 MW, which is lower than the predicted demand.

Looking at the calendar and time features, the forecast origin is at 6 AM on a Monday in August 2026. The hour is 6, which is in the morning, so maybe people are starting their day, which could slightly increase demand. The day of week is Monday, which is a weekday, so no weekend effect. The month is August, which is a relatively busy month, so higher demand is expected. The year is 2026, which is not a leap year, so that's fine.

The hour_sin and hour_cos are 1 and 0, which correspond to 6 AM. The month_sin and month_cos are negative, indicating that August is towards the end of the year, so the cyclical encoding makes sense. The day_of_year is 236, which is around the middle of the year, so that's consistent with August.

Generation levels show that wind onshore is the main contributor, with 7,551 MW. Wind is a significant part of France's renewable energy mix. Offshore wind is also contributing, but less",1527,ok,
LIVE_FR_h24_06,deepseek_r1_qwen_7b,deepseek-ai/DeepSeek-R1-Distill-Qwen-7B,,"Okay, so I need to figure out why the predicted electricity demand for France at t+24h is 40,974.6 MW. Let me start by looking at the input features provided.

First, the recent demand history shows that the demand has been steadily increasing. The lag_1h is 37,175.7 MW, which is lower than the predicted demand. Then it goes up to lag_2h at 34,358.4 MW, which is still lower. The lag_6h is 35,925.5 MW, lag_12h is 41,176.9 MW, lag_24h is 31,351.7 MW, lag_48h is 33,607.5 MW, and lag_168h is 39,169.9 MW. Wait, so the most recent 24h average is 36,630 MW, and the 168h average is 41,087 MW. The rolling max in the past 24h is 41,176 MW, which is the highest demand in that window. The rolling min is 31,351 MW.

Looking at the calendar features, the forecast origin is on a Thursday (dayofweek 0) in August 2026. The hour is 7, which is 7 AM. It's not a weekend, so is_weekend is 0. It's not a holiday either. The hour_sin is 0.9659 and hour_cos is -0.2588. For the month, month_sin is -0.866 and month_cos is -0.5. Day_of_year is 236, week_of_year is 35",1055,ok,
LIVE_FR_h24_07,deepseek_r1_qwen_7b,deepseek-ai/DeepSeek-R1-Distill-Qwen-7B,,"Okay, so I need to figure out why the predicted electricity demand for France 24 hours after the forecast origin is 43,337.2 MW. Let me start by looking at the input features provided.

First, the recent demand history shows that the demand has been decreasing over the past 24 hours. The lag_1h is 39,508 MW, which is higher than the lag_24h of 32,528 MW. This suggests that demand is dropping, but it's still relatively high. The rolling mean over 24 hours is 36,969 MW, which is lower than the predicted demand, indicating that the recent trend is downward.

Looking at the rolling max and min, the peak was 41,176 MW, which is higher than the predicted demand. This might mean that the demand could peak again soon, but the forecast is predicting a bit lower than that. The rolling standard deviation is 2,714 MW, showing some variability but not extreme fluctuations.

Calendar features are interesting. The forecast origin is on a weekday (dayofweek 0, which is Monday), in August (month 8), and it's not a weekend or holiday. The hour is 8, which is 8 AM. The sine and cosine values for hour and month are negative, which might indicate that it's mid-morning, so demand might be lower than peak times.

Generation levels show that solar and wind are contributing, but not the highest. Gas and nuclear are significant, which are fossil fuels. Coal and pumped storage are zero, which is unusual but possible. The total generation is high, but the renewable share is 25%, so most of the generation is from renewables and fossil fuels.

The generation mix shares show that renewables make up a bit more than a quarter, which is moderate. Fossil fuels are low, so maybe the forecast expects",1692,ok,
LIVE_FR_h24_08,deepseek_r1_qwen_7b,deepseek-ai/DeepSeek-R1-Distill-Qwen-7B,,"Okay, so I need to figure out why the predicted electricity demand for France at t+24h is 44,758.5 MW. Let me start by looking at the input features provided.

First, the recent demand history shows that the demand has been decreasing over the past 24 hours. The lag_1h is 42,668.34 MW, which is higher than the current prediction. Then it goes down to 39,508.29 MW at lag_2h, 32,714.29 MW at lag_6h, 40,424.44 MW at lag_12h, 33,420.41 MW at lag_24h, 36,452.58 MW at lag_48h, and 43,493.09 MW at lag_168h. So, the most recent hour (lag_1h) has the highest demand, and it's been decreasing as we go further back. This might indicate that the demand is currently high but is expected to drop in the next 24 hours.

Looking at the rolling statistics, the rolling mean over 24 hours is 37,392.34 MW, which is lower than the predicted demand. The rolling max is 42,668.34 MW, which is the same as the lag_1h value. The rolling min is 32,714.29 MW, which is the lowest in the past 24 hours. The rolling standard deviation is 2,781.02 MW, showing some variability but not extreme highs or lows.

Now, the calendar and time features: the forecast origin is at 07:00:00 on 2026-",1169,ok,
LIVE_FR_h24_09,deepseek_r1_qwen_7b,deepseek-ai/DeepSeek-R1-Distill-Qwen-7B,,"Okay, so I need to figure out why the predicted electricity demand for France at t+24h is 46,410.5 MW. Let me start by looking at the input features provided.

First, the recent demand history shows that the demand has been decreasing over the past 24 hours. The lag_1h is 44,341.47 MW, which is higher than the current prediction. Then it goes down to 42,668.34 MW at lag_2h, and so on until lag_24h at 35,027.815 MW. This trend suggests that demand is dropping as we look back, which might indicate that the current demand is lower than the recent past but higher than the older data.

Looking at the rolling statistics, the rolling mean over 24 hours is 37,847.38 MW, and over 168 hours (one week) it's 41,099.44 MW. The peak demand in the past 24 hours was 44,341.47 MW, which is higher than the predicted demand. The minimum was 32,714.285 MW, which is lower than the predicted value. The standard deviation is 2,988.585 MW, showing some variability in demand.

Now, the calendar and time features: the forecast origin is at 10 AM on a Tuesday in August 2026. The hour feature is 10, which is in the morning. The day of week is 0, meaning it's a Monday. August is in the summer, so daylight saving time might be in effect, but since it's a forecast, I don't know if that's considered. The month is 8, which is August, and the year is 2",1340,ok,
LIVE_FR_h24_10,deepseek_r1_qwen_7b,deepseek-ai/DeepSeek-R1-Distill-Qwen-7B,,"Okay, so I'm trying to figure out why the predicted electricity demand for France 24 hours ahead is 46,876.7 MW. Let me start by looking at the input features provided.

First, the recent demand history shows that the demand has been decreasing over the past 24 hours. The lag_1h is 45,632.6 MW, which is lower than the current prediction. The lag_24h is 36,107.66 MW, which is the lowest in the history. This suggests that demand has been dropping, so it's possible that the model expects it to continue dropping, hence the lower prediction.

Looking at the rolling statistics, the rolling_mean_24h is 38,289.25 MW, which is lower than the predicted demand. The rolling_max_24h is 45,632.6275 MW, which is the same as the lag_1h. This might indicate that the peak demand in the past 24 hours was at the very beginning, so the model might be expecting a slight increase from that peak.

The calendar features are interesting. The forecast origin is at 11 AM, which is in the morning. The hour_sin is positive, and hour_cos is negative. This suggests it's around mid-morning. The day is a Monday (dayofweek 0), which is a weekday, not a weekend. It's in August, which is a warm month, so higher temperatures might lead to increased demand. The month features (sin and cos) are negative, which might indicate it's towards the end of the month, but I'm not sure how that translates yet.

The hour_x_weekend is 0, so it's not a weekend. The generation levels show that solar and wind are contributing, but not the highest. Total generation is quite high, around",1557,ok,
LIVE_FR_h24_11,deepseek_r1_qwen_7b,deepseek-ai/DeepSeek-R1-Distill-Qwen-7B,,"Okay, so I need to figure out why the predicted electricity demand for France at t+24h is 48,828.7 MW. Let me start by looking at the input features provided.

First, the recent demand history shows that the demand has been decreasing over the past 24 hours. The lag_1h is 47,150.97 MW, which is lower than the current prediction. The lag_24h is 38,349.5 MW, which is the lowest among the past 24 hours. This suggests that demand has been dropping, and the model might be projecting a continuation of this trend.

Looking at the rolling statistics, the rolling_mean_24h is 38,749.39 MW, which is lower than the predicted demand. The rolling_max_24h is 47,150.97 MW, which is the same as the lag_1h. This indicates that the peak demand in the past 24 hours was at the very beginning, and it's been decreasing since then. The rolling_min is 32,714.29 MW, which is quite a drop from the peak.

The calendar features are also important. The forecast origin is on a Tuesday (dayofweek 0). The hour is 12, which is noon. The month is August, which is a relatively high demand month, but the year is 2026, which is a leap year, so February has 29 days. The quarter is 3, which is summer, a time when demand is typically higher. However, the hour features show that it's noon, and the sine and cosine for hour are 0 and -1, respectively. This might indicate that solar and wind generation could be lower at this time, as solar peaks around noon and wind might be transitioning.

Generation levels",1488,ok,
LIVE_FR_h24_12,deepseek_r1_qwen_7b,deepseek-ai/DeepSeek-R1-Distill-Qwen-7B,,"Okay, so I need to figure out why the predicted electricity demand for France at t+24h is 48,456.2 MW. Let me start by looking at the input features provided.

First, the recent demand history shows that the demand has been decreasing over the past 24 hours. The lag_1h is 48,630.4 MW, which is higher than the predicted demand. Then it drops to 47,150.97 MW at lag_2h, 39,508.09 MW at lag_6h, 35,925.4975 MW at lag_12h, 37,408.165 MW at lag_24h, 39,720.7375 MW at lag_48h, and 46,887.585 MW at lag_168h. So, the most recent hour before the forecast origin had the highest demand, and it's dropping as we go further back. This might indicate that the demand is decreasing, but the model is predicting a slight increase compared to the most recent hour.

Looking at the rolling statistics, the rolling mean over 24h is 39,177.76 MW, which is lower than the predicted demand. The rolling max is 48,630.41 MW, which is the same as the lag_1h. The rolling min is 32,714.285 MW, so the demand varies within this range. The standard deviation is 4,248.59 MW, showing some variability but not extreme highs or lows.

Now, the calendar and time features: the forecast origin is at 13:00 on 2026-08-24",1192,ok,
LIVE_FR_h24_13,deepseek_r1_qwen_7b,deepseek-ai/DeepSeek-R1-Distill-Qwen-7B,,"Okay, so I need to figure out why the predicted electricity demand for France at t+24h is 47,945.3 MW. Let me start by looking at the input features provided.

First, the recent demand history shows that the demand has been decreasing over the past 24 hours. The lag_1h is 48,531.86 MW, which is higher than the current prediction. Then it goes down to 48,630.41 MW at lag_2h, 42,668.34 MW at lag_6h, 34,002.26 MW at lag_12h, 37,538.21 MW at lag_24h, 39,785.63 MW at lag_48h, and 47,874.69 MW at lag_168h. So, the demand has been dropping as we go further back in time, which might indicate a trend towards lower demand.

Next, the rolling statistics. The rolling mean over 24h is 39,641.25 MW, which is lower than the predicted demand. The rolling max is 48,630.41 MW, which is the same as the lag_2h value. The rolling min is 32,714.28 MW, which is lower than the predicted demand. The rolling standard deviation is 4,636.22 MW, showing some variability but not extreme highs or lows.

Looking at the calendar and time features, the forecast origin is at 2026-08-24 12:00:00. The hour is 14, which is 2 PM, so in Europe, that's in the afternoon. The day",1155,ok,
LIVE_FR_h24_14,deepseek_r1_qwen_7b,deepseek-ai/DeepSeek-R1-Distill-Qwen-7B,,"Okay, so I need to figure out why the predicted electricity demand for France at t+24h is 48,135.1 MW. Let me start by looking at the input features provided.

First, the recent demand history shows that the demand has been decreasing over the past few hours. The lag_1h is 49,710 MW, which is higher than the predicted demand. Then it goes down to 48,531 MW for 2h, 44,341 MW for 6h, 32,714 MW for 12h, 37,124 MW for 24h, 38,732 MW for 48h, and 47,505 MW for 168h. So, the most recent hour has the highest demand, and it's decreasing as we go further back. This might indicate that demand is dropping, but the model is predicting a slight increase from the last hour.

Looking at the rolling statistics, the 24h rolling mean is 40,148 MW, which is lower than the predicted demand. The rolling max is 49,710 MW, which is the same as the lag_1h, so that's the peak in the past 24h. The rolling min is 32,714 MW, which is the lowest in the past 24h. The rolling standard deviation is 5,043 MW, showing some variability but not extreme highs or lows.

Now, the calendar and time features: the forecast origin is at 15:00 on 2026-08-24. The hour is 15, which is 3 PM. The day of week is Monday (0), so it's a weekday. The month is August (8),",1238,ok,
LIVE_FR_h24_15,deepseek_r1_qwen_7b,deepseek-ai/DeepSeek-R1-Distill-Qwen-7B,,"Okay, so I need to figure out why the predicted electricity demand for France at t+24h is 47,856.1 MW. Let me start by looking at the input features provided.

First, the recent demand history shows that the demand has been steadily increasing. The lag_1h is 49,163.95 MW, which is higher than the previous values like lag_2h (49,710.075 MW). Wait, actually, lag_2h is higher than lag_1h, so demand was increasing in the past hour. Then lag_6h is 45,632.6275, which is lower than lag_1h, so there's a dip in demand 6 hours ago. Lag_12h is 32,861.9650, which is a significant drop, and lag_24h is 36,320.61 MW, which is lower than lag_12h but higher than lag_48h (38,024.3325 MW). Hmm, so demand was high 24 hours ago, then it dropped to 32k MW 12 hours ago, and then slightly increased to 36k MW 24 hours ago. The 48-hour average is higher than the 24-hour average, which might indicate some variability.

Looking at the rolling statistics, the 24-hour rolling mean is 40,650.0598 MW, which is lower than the predicted demand. The 168-hour mean is 41,148.1805 MW, which is also lower. The rolling max is 49,710.075 MW, which is the highest demand in the past 24 hours,",1168,ok,
LIVE_FR_h24_16,deepseek_r1_qwen_7b,deepseek-ai/DeepSeek-R1-Distill-Qwen-7B,,"Okay, so I need to figure out why the predicted electricity demand for France 24 hours after the forecast origin is 47,162.7 MW. Let me start by looking at the input features provided.

First, the recent demand history shows that the demand has been decreasing over the past 24 hours. The lag_1h is 48,047.4275 MW, which is higher than the predicted demand. Then it goes down to 49,163.9500 MW at lag_2h, 47,150.9725 MW at lag_6h, 34,358.4275 MW at lag_12h, 37,111.6700 MW at lag_24h, 38,700.2125 MW at lag_48h, and 46,082.8500 MW at lag_168h. So, the most recent hour (lag_1h) has the highest demand, and it's decreasing as we go further back. This might indicate that the demand is dropping, which could be due to factors like people staying home more or reduced heating needs.

Next, the rolling statistics: the 24-hour rolling mean is 41,138.6772 MW, and the 168-hour mean is 41,156.2853 MW. Both are lower than the predicted demand. The rolling max is 49,710.0750 MW, which is higher than the predicted demand, and the rolling min is 32,714.2850 MW. So, the peak demand in the past 24 hours was higher than the forecast, but the average is lower.",1151,ok,
LIVE_FR_h24_17,deepseek_r1_qwen_7b,deepseek-ai/DeepSeek-R1-Distill-Qwen-7B,,"Okay, so I need to figure out why the predicted electricity demand for France 24 hours after the forecast origin is 46,849.6 MW. Let me start by looking at the input features provided.

First, the recent demand history shows that the demand has been steadily increasing. The lag_1h is 46,919.8675 MW, which is just a bit higher than the predicted demand. Then, lag_2h is 48,047.4275 MW, which is higher than the predicted value. The lag_6h is 48,630.4125 MW, lag_12h is 37,175.71 MW, which is lower, and lag_24h is 39,245.8375 MW, lag_48h is 39,802.76 MW, and lag_168h is 47,135.7975 MW. So, the most recent hour and two hours ago had higher demand than the prediction, but then it drops significantly after that.

Looking at the rolling statistics, the 24-hour rolling mean is 41,547.3521 MW, and the 168-hour mean is 41,161.2675 MW. The peak demand in the past 24 hours was 49,710.075 MW, which is higher than the predicted value, and the minimum was 32,714.285 MW. The standard deviation is 5,495.8428 MW, indicating some variability in demand.

Now, the calendar and time features: the forecast origin is at 18:00 on 2026-08",1128,ok,
LIVE_FR_h24_18,deepseek_r1_qwen_7b,deepseek-ai/DeepSeek-R1-Distill-Qwen-7B,,"Okay, so I'm trying to figure out why the predicted electricity demand for France 24 hours after a certain timestamp is 47,245.3 MW. Let me break down the information given and see what's going on.

First, looking at the recent demand history, the demand has been steadily increasing over the past 24 hours. The lag_1h is 47,171.11 MW, which is just a bit less than the predicted demand. Then it goes up to 46,919.87 MW two hours ago, and so on, with the 24-hour average being 41,877.57 MW. So, the demand is rising as we go back in time, which suggests that it's increasing right now. The rolling max is 49,710 MW, which is higher than the predicted demand, so maybe the peak is coming up.

The calendar features are interesting. The forecast origin is on a Saturday (is_weekend=1), but the previous day was Friday, which is a working day. The hour is 19, which is 7 PM, so in Europe, that's evening. The day of week is Saturday, but the previous hour was Friday evening. The month is August, which is a relatively warm month in France, so higher temperatures might contribute to higher demand. The year is 2026, so we're in the middle of a leap year, but that probably doesn't affect much.

Looking at the generation levels, solar and wind are significant. Solar is at 4,531 MW, wind onshore is 7,670 MW, and wind offshore is 1,697 MW. These add up to around 13,900 MW. Gas is 1,590 MW, nuclear is 36,822 MW, which",1416,ok,
LIVE_FR_h24_19,deepseek_r1_qwen_7b,deepseek-ai/DeepSeek-R1-Distill-Qwen-7B,,"Okay, so I need to figure out why the predicted electricity demand for France 24 hours after the forecast origin is 45,560.1 MW. Let me start by looking at the input features provided.

First, the recent demand history shows that the demand has been steadily decreasing over the past 24 hours. The lag_1h is 47,215.945 MW, which is higher than the lag_24h of 40,727.1975 MW. This suggests that demand is dropping as we move further back in time, which might indicate a downward trend. If the trend continues, it could explain why the forecast is lower than some of the recent values.

Looking at the rolling statistics, the rolling_mean_24h is 42,129.1969 MW. This is lower than the predicted demand, which is 45,560.1 MW. So, the average demand over the past 24 hours is lower than the forecast. This could mean that the recent demand has been lower than the average, pulling the forecast down.

The rolling_max_24h is 49,710.075 MW, which is higher than the predicted demand. This suggests that while the peak demand in the past 24 hours was higher, the current forecast is predicting a lower value. Maybe the recent trend is a drop from that peak, indicating that the demand is cooling off.

The calendar features are also important. The forecast origin is on a Friday (dayofweek 0) at 8 PM. The hour encoding shows that it's 8 PM, with sin and cos values indicating a certain point in the day. The hour features (sin and cos) help the model understand the cyclical nature of the day, so it's aware that 8 PM is near the end of the day.

The",1544,ok,
LIVE_FR_h24_20,deepseek_r1_qwen_7b,deepseek-ai/DeepSeek-R1-Distill-Qwen-7B,,"Okay, so I need to figure out why the predicted electricity demand for France at t+24h is 44029.5 MW. Let me start by looking at the input features provided.

First, the recent demand history shows that the demand has been steadily increasing. The lag_1h is 45102.99 MW, which is just a bit less than the forecasted demand. Then it goes up to 49163.95 MW at lag_6h, 44341.47 at lag_12h, and so on. The 24h lag is 40424.435 MW, which is lower than the current forecast. This suggests that demand has been rising over the past day, which might indicate an upward trend.

Looking at the rolling statistics, the 24h rolling mean is 42311.52 MW, which is lower than the forecast. The rolling max is 49710.07 MW, which is higher than the forecast. The min is 32714.28 MW, which is lower. The standard deviation is 5714.1285 MW, indicating some variability in demand over the past day.

Now, the calendar features: the forecast origin is at 2026-08-24 19:00:00. The hour is 21, which is 9 PM. The day of week is 0, which is Monday. August is month 8, and the year is 2026. The quarter is 3, which is July-September. Day of year is 236, and week of year is 35. It's not a weekend, so is_weekend is 0, and it's not a holiday either. The hour features",1241,ok,
LIVE_FR_h24_21,deepseek_r1_qwen_7b,deepseek-ai/DeepSeek-R1-Distill-Qwen-7B,,"Okay, so I need to figure out why the predicted electricity demand for France 24 hours after the forecast origin is 44,123.1 MW. Let me start by looking at the input features provided.

First, the recent demand history shows that the demand has been steadily increasing. The lag_1h is 43,708.69 MW, which is just a bit less than the predicted demand. Then it goes up to 45,102.99 MW two hours ago, and so on. The 24-hour average is 42,448.37 MW, which is lower than the predicted demand, indicating that demand has been rising over the past day.

Looking at the rolling max and min, the peak was 49,710 MW, which is higher than the predicted demand, suggesting that the highest demand in the past 24 hours was during the peak period. The minimum was 32,714 MW, which is lower than the predicted demand, so the demand varied within a range.

The calendar features show that the forecast origin is on a Friday (dayofweek 0). The hour is 22, which is 10 PM. The hour_sin is -0.5 and hour_cos is 0.866, which correspond to 10 PM in a cyclical manner. The month is August (month 8), and the day of the year is 236. The quarter is 3, which is the third quarter, and it's not a weekend or holiday, so is_weekend and is_holiday are 0.

Generation levels show that solar and wind are significant. Solar was 214.94 MW, wind onshore was 6,031.82 MW, and wind offshore was 1,116.76 MW. These add up to",1389,ok,
LIVE_FR_h24_22,deepseek_r1_qwen_7b,deepseek-ai/DeepSeek-R1-Distill-Qwen-7B,,"Okay, so I need to figure out why the predicted electricity demand for France 24 hours after the forecast origin is 43,854.2 MW. Let me start by looking at the input features provided.

First, the recent demand history shows that the demand has been steadily increasing. The lag_1h is 43,513 MW, which is just a bit less than the forecasted demand. Then it goes up to 43,708 MW two hours ago, and so on. The 24-hour average is 42,567 MW, which is lower than the forecast, suggesting that demand is rising over time.

Looking at the rolling max and min, the peak was 49,710 MW, which is higher than the forecast. That might indicate that the demand is expected to increase beyond the recent average. The standard deviation is 5,696 MW, showing some variability, but not too extreme.

Calendar features: It's 23:00, so almost midnight. The day is Friday (dayofweek 0), which is a working day, not a weekend. It's August, so summer, which usually has higher demand. The forecast is in 2026, a year with higher temperatures, so that's a factor.

The hour encoding shows it's 11 PM, with sin and cos values indicating night. The month encoding for August is around -0.866 for sine and -0.5 for cosine, pointing towards summer months. The day of year is 236, which is around mid-August.

Generation-wise, solar and wind are significant. Solar is 202 MW, wind onshore is 5,588 MW, which are both substantial. Offshore wind is also contributing, but less so. Nuclear is the largest generator at 38,007 MW, which",1503,ok,
LIVE_FR_h24_23,deepseek_r1_qwen_7b,deepseek-ai/DeepSeek-R1-Distill-Qwen-7B,,"Okay, so I need to figure out why the predicted electricity demand for France at t+24h is 40,180 MW. Let me start by looking at the input features provided.

First, the recent demand history shows that the demand was highest 1 hour before the forecast origin at 42,160 MW, then it decreased to 43,513 MW two hours ago, 47,171 MW six hours ago, 48,630 MW twelve hours ago, 37,676 MW twenty-four hours ago, 37,108 MW forty-eight hours ago, and 41,266 MW a week ago. So, the demand seems to have been increasing up to six hours ago but then dropped off after that.

The rolling mean over 24 hours is 42,662 MW, which is lower than the peak of 49,710 MW but higher than the minimum of 32,714 MW. The 168-hour rolling mean is 41,122 MW, which is a bit lower than the 24-hour average. The peak demand in the past 24 hours was 49,710 MW, which is higher than the predicted demand. So, the model might be expecting a slight decrease from the peak.

Looking at the calendar and time features, the forecast origin is at 22:00 on August 24, 2026. The hour is 0, which is midnight, so the next 24 hours would be from midnight to the next midnight. The day of the week is 1, which is Monday, and the month is 8, which is August. The year is 2026, quarter 3 (July-September), day of year is 237, week",1286,ok,
LIVE_FR_h24_24,deepseek_r1_qwen_7b,deepseek-ai/DeepSeek-R1-Distill-Qwen-7B,,"Okay, so I need to figure out why the predicted electricity demand for France 24 hours after the forecast origin is 38,884 MW. Let me start by looking at the input features provided.

First, the recent demand history shows that the demand has been steadily increasing. The lag_1h is 39,745 MW, which is just a bit less than the predicted demand. Then it goes up to 42,160 MW two hours ago, and so on. The 24-hour average is 42,748 MW, which is higher than the predicted 38,884 MW. Hmm, that's interesting because the average is higher than the forecast. Maybe the demand is expected to decrease from the average?

Looking at the rolling max and min, the peak was 49,710 MW, which is much higher than the predicted demand. That suggests that in the past 24 hours, there was a significant spike in demand, but the forecast is predicting a lower value. Maybe the model is accounting for that peak and expecting demand to drop?

The calendar features are also important. The forecast origin is on a Monday (dayofweek 1) in August 2026. August is a relatively hot month, so temperatures might be high, which could drive up demand for cooling. The hour is 1, which is midnight, so maybe people are waking up and using more electricity for lighting or heating. The hour_sin and hour_cos values are positive, which might indicate that midnight is part of the transition from one day to the next, but I'm not sure how that affects demand.

The generation levels show that wind onshore is contributing a significant amount—4,899 MW. Offshore wind is also present but at 624 MW. Gas and nuclear are major sources, with nuclear being the largest. Coal and hydro are present but at",1668,ok,
LIVE_ES_h24_01,deepseek_r1_qwen_7b,deepseek-ai/DeepSeek-R1-Distill-Qwen-7B,,"Okay, so I need to figure out why the predicted electricity demand for Spain 24 hours ahead is 22,993.1 MW. Let me start by looking at the input features provided.

First, the recent demand history shows that the demand has been steadily increasing. The lag_1h is 24,213 MW, which is higher than the previous values like lag_2h (25,774 MW) and lag_6h (28,710 MW). Wait, actually, lag_6h is higher than lag_2h, so the demand is increasing over time. That might indicate a trend, so the model probably considers this trend in its forecast.

The rolling mean over 24 hours is 24,719 MW, which is higher than the predicted demand of 22,993 MW. Hmm, that's interesting. The model is predicting a lower demand than the recent average. Maybe it's expecting demand to decrease from the recent trend.

Looking at the calendar features, the forecast origin is on a Tuesday (hour=2), and it's not a weekend. The day of the week is Monday (0), which is a weekday. The month is August (8), which is a relatively busy month for electricity, maybe due to high temperatures and increased heating demand. The year is 2026, so it's in the middle of a leap year, but that might not affect electricity demand much.

The rolling max over 24h is 30,126 MW, which is much higher than the predicted demand. The rolling min is 21,456 MW, which is lower than the predicted demand. So the model is predicting a demand that's within the recent range but lower than the peak and higher than the trough. Maybe it's considering that the peak is coming up but the trough has already passed.

Generation-wise",1575,ok,
LIVE_ES_h24_02,deepseek_r1_qwen_7b,deepseek-ai/DeepSeek-R1-Distill-Qwen-7B,,"Okay, so I need to figure out why the predicted electricity demand for Spain at t+24h is 23,623.7 MW. Let me start by looking at the input features provided.

First, the recent demand history shows that the demand has been steadily increasing. The lag_1h is 23,289 MW, which is lower than the current prediction. Then it goes up to 24,213 MW two hours ago, 30,126 MW six hours ago, 25,014 MW twelve hours ago, 22,046 MW twenty-four hours ago, 23,337 MW forty-eight hours ago, and 23,650 MW a week ago. So, the most recent hour has the lowest demand, but it's increasing over the past few hours.

The rolling mean over 24 hours is 24,743.8 MW, which is higher than the predicted demand. The rolling max over 24 hours is 30,126 MW, which is the highest demand in the past 24 hours. The rolling min is 21,456 MW, so the demand fluctuates within this range.

Looking at the calendar and time features, the forecast origin is at 3 AM on a Tuesday in August 2026. The hour feature is 3, which is 3 AM. The sine and cosine values for hour are both 0.7071, which makes sense for 3 AM since sine and cosine are positive in the first quadrant. The day of week is Monday (0), so it's a weekday, not a weekend. The month is August, which is in the middle of the year, so the month_sin is negative, and month_cos is -0.5, indicating it's in the latter half of the year.

The",1361,ok,
LIVE_ES_h24_03,deepseek_r1_qwen_7b,deepseek-ai/DeepSeek-R1-Distill-Qwen-7B,,"Okay, so I need to figure out why the predicted electricity demand for Spain at t+24h is 23,031.8 MW. Let me start by looking at the input features provided.

First, the recent demand history shows that the demand has been steadily increasing. The lag_1h is 22,731 MW, which is lower than the current prediction. Then it goes up to 23,289 MW two hours ago, 29,196 MW six hours ago, 24,991 MW twelve hours ago, 21,589 MW twenty-four hours ago, 22,757 MW forty-eight hours ago, and 23,328 MW a week and a half ago. So, the most recent hour has the lowest demand, but it's increasing over the past few hours.

Looking at the rolling statistics, the 24-hour rolling mean is 24,772 MW, which is higher than the predicted demand. The rolling max is 30,126 MW, which is much higher, indicating that there was a peak demand recently. The rolling min is 21,456 MW, which is lower than the predicted value. The standard deviation is 2,537 MW, showing some variability in demand over the past 24 hours.

Now, the calendar and time features: the forecast origin is at 02:00 on August 24, 2026. The hour is 4, which is 04:00. It's not a weekend, and it's not a holiday. The hour encoding shows that it's in the early morning, with sin and cos values indicating a time of day that's relatively early. The month is August, which is in the middle of the year, so the month encoding reflects that with negative sine and",1402,ok,
LIVE_ES_h24_04,deepseek_r1_qwen_7b,deepseek-ai/DeepSeek-R1-Distill-Qwen-7B,,"Okay, so I need to figure out why the predicted electricity demand for Spain at t+24h is 23,339.8 MW. Let me start by looking at the input features provided.

First, the recent demand history shows that the demand has been steadily increasing. The lag_1h is 22,440 MW, which is lower than the current prediction. Then it goes up to 22,731 MW for lag_2h, 27,410 MW for lag_6h, 25,719 MW for lag_12h, 21,456 MW for lag_24h, 22,501 MW for lag_48h, and 23,468 MW for lag_168h. So, the demand has been rising over the past week, peaking at 23,468 MW a week ago. That might indicate that the demand is increasing, which could be due to seasonal factors or higher temperatures.

Looking at the rolling statistics, the 24-hour rolling mean is 24,807.83 MW, which is higher than the 168-hour mean of 28,989.58 MW. Wait, that seems contradictory because the 168-hour average is higher than the 24-hour average. Maybe I misread. No, actually, the 24-hour rolling mean is 24,807 MW, and the 168-hour is 28,989 MW. So the demand has been increasing over the past week, which aligns with the recent history.

The rolling max is 30,126 MW, which is the highest demand in the past 24 hours, and the min is 21,456 MW. So the",1207,ok,
LIVE_ES_h24_05,deepseek_r1_qwen_7b,deepseek-ai/DeepSeek-R1-Distill-Qwen-7B,,"Okay, so I need to figure out why the predicted electricity demand for Spain at t+24h is 24,450 MW. Let me start by looking at the input features provided.

First, the recent demand history shows that the demand has been steadily increasing. The lag_1h is 22,871 MW, which is lower than the current prediction. Then it goes up to 22,440 MW for lag_2h, 25,774 MW for lag_6h, 26,865 MW for lag_12h, 21,662 MW for lag_24h, 22,980 MW for lag_48h, and 25,413 MW for lag_168h. So, the most recent hour (lag_1h) is the lowest, but it's increasing over the next few hours. This might indicate that demand is rising, which could be a trend leading up to the forecast.

Next, the rolling statistics. The rolling mean over 24h is 24,866.79 MW, which is slightly lower than the predicted demand. The rolling mean over 168h is 28,986 MW, which is higher. The rolling max is 30,126 MW, and the min is 21,662 MW. The standard deviation is 2,429.56 MW. So, the demand has been fluctuating but generally around 24,000 MW with some variability. The fact that the 24h mean is close to the prediction suggests that the recent trend is around that level.

Looking at the calendar and time features, the forecast origin is at 2026-08-24 04:00:00",1223,ok,
LIVE_ES_h24_06,deepseek_r1_qwen_7b,deepseek-ai/DeepSeek-R1-Distill-Qwen-7B,,"Okay, so I need to figure out why the predicted electricity demand for Spain 24 hours after the forecast origin is 26,347.8 MW. Let me start by looking at the input features provided.

First, the recent demand history shows that the demand has been fluctuating. The most recent 24 hours before the forecast origin had a peak of 30,126 MW and a minimum of 21,884 MW. The rolling mean over 24 hours is 25,012 MW, which is lower than the predicted demand. That might mean that the demand is expected to increase slightly from the recent average.

Looking at the rolling statistics, the 168-hour mean is 28,984 MW, which is higher than the 24-hour mean. This suggests that over a week, the demand is generally higher, so the model might be expecting an increase from the recent 24-hour average.

The calendar features are also important. The forecast origin is on a Thursday (dayofweek 0). Thursday is not a weekend, so is_weekend is 0. It's also not a holiday, so is_holiday is 0. The hour is 7, which is 7 AM. The hour encoding shows that it's in the morning, so the sine and cosine values reflect that time of day.

The month is August, which is a relatively hot month, so maybe higher temperatures contribute to higher demand. The year is 2026, but without knowing the exact month, it's hard to say, but August is typically warm.

Generation levels show that wind onshore is the largest contributor, accounting for 6,089 MW, which is almost a quarter of the total generation. Solar is next, contributing about 1.3%. Fossil fuels, specifically gas, are a significant part, around 25%. Coal is negligible",1602,ok,
LIVE_ES_h24_07,deepseek_r1_qwen_7b,deepseek-ai/DeepSeek-R1-Distill-Qwen-7B,,"Okay, so I need to figure out why the predicted electricity demand for Spain 24 hours after the forecast origin is 28,597.6 MW. Let me start by looking at the input features provided.

First, the recent demand history shows that the demand has been decreasing over the past 24 hours. The lag_1h is 27,696 MW, which is lower than the current prediction. The lag_24h is 22,145 MW, the lowest in the history, which suggests that demand has been dropping as we go further back. This might indicate a downward trend, so the model is probably expecting a continuation of that trend.

Looking at the rolling statistics, the 24-hour average is 25,254.625 MW, which is higher than the lag_24h but lower than the current prediction. The 168-hour average is 28,984.857 MW, which is close to the predicted demand. This suggests that over a week, the average is around 29,000 MW, so the model might be using a longer-term average or some cyclical pattern to predict the next 24 hours.

The rolling max and min over 24 hours are 30,126 MW and 22,145 MW, respectively. The max is quite a bit higher than the current prediction, which might mean that the model is considering the peak from the past but adjusting based on recent trends. The min is the lowest point, so the model might be expecting a slight increase but not a sharp rise.

The calendar features are interesting. The forecast origin is on a Friday (dayofweek 0), and the hour is 8, which is 8 AM. The hour_sin is 0.866 and hour_cos is -0.5, which corresponds to",1510,ok,
LIVE_ES_h24_08,deepseek_r1_qwen_7b,deepseek-ai/DeepSeek-R1-Distill-Qwen-7B,,"Okay, so I need to figure out why the predicted electricity demand for Spain at t+24h is 29,500.1 MW. Let me start by looking at the input features provided.

First, the recent demand history shows that the demand has been fluctuating. The lag_1h is 29,236 MW, which is just a bit lower than the forecast. Lag_2h is 27,696 MW, which is a significant drop. Then it goes up to 22,731 MW at lag_6h, which is a big drop from the previous readings. Lag_12h is 30,126 MW, which is higher than the forecast, and lag_24h is 22,754 MW, which is lower than the forecast. Lag_48h is 25,248 MW, and lag_168h is 30,102 MW. So, the most recent 24 hours have had some variability, with demand peaking around 30k MW and then dropping.

Looking at the rolling statistics, the 24-hour rolling mean is 25,550 MW, and the 168-hour mean is 28,986 MW. The peak in the past 24 hours was 30,126 MW, which is higher than the forecast. The minimum was 22,440 MW. The standard deviation is 2,332 MW, indicating some variability but not extreme highs or lows.

Now, the calendar and time features: the forecast origin is at 07:00 on 2026-08-24. The hour is 9, which is 9 AM. The day of the week is Monday (0), month is August (8), year",1207,ok,
LIVE_ES_h24_09,deepseek_r1_qwen_7b,deepseek-ai/DeepSeek-R1-Distill-Qwen-7B,,"Okay, so I need to figure out why the predicted electricity demand for Spain at t+24h is 30,186.5 MW. Let me start by looking at the input features provided.

First, the recent demand history shows that the demand has been decreasing over the past few hours. The lag_1h is 30,510 MW, which is higher than the predicted demand. Then it drops to 29,236 MW at lag_2h, 22,440 MW at lag_6h, 29,196 MW at lag_12h, 23,293 MW at lag_24h, 26,016 MW at lag_48h, and 30,894 MW at lag_168h. So, the most recent hour (lag_1h) is the highest, and the demand seems to drop off as we look further back. This might indicate that the demand is currently high but could be decreasing, maybe due to factors like people going home or less activity.

Next, the rolling mean over 24h is 25,873.25 MW, and over 168h (a week) it's 28,988.99 MW. The rolling max in the past 24h is 30,510 MW, which is the same as the lag_1h value. The rolling min is 22,440 MW from lag_6h. So, the demand has been fluctuating but generally seems to hover around 25,000 to 30,000 MW. The high max suggests that there was a peak demand recently, possibly due to high temperatures or increased usage.

Looking at the calendar and time features, the forecast origin is at 1",1226,ok,
LIVE_ES_h24_10,deepseek_r1_qwen_7b,deepseek-ai/DeepSeek-R1-Distill-Qwen-7B,,"Okay, so I need to figure out why the predicted electricity demand for Spain at t+24h is 30,332.2 MW. Let me start by looking at the input features provided.

First, the recent demand history shows that the demand was highest 1 hour before the forecast origin at 30,887 MW, which is just a bit higher than the predicted demand. Then it drops a bit over the next 24 hours, ending at 23,425 MW 24 hours before. The rolling mean over 24 hours is 26,189 MW, which is lower than the predicted demand. The rolling max is 30,887 MW, which is the same as the recent demand 1 hour before. The rolling min is 22,440 MW, which is lower than the predicted demand.

Looking at the calendar and time features, the forecast origin is at 11 AM on a Monday in late August 2026. The hour encoding is 11, which in sine and cosine terms might be around midday. The day of week is Monday, which is a weekday, not a weekend. The month is August, which is a relatively busy month with school back in Spain, so higher demand is expected. The year is 2026, which is not a leap year, so 365 days. The quarter is 3, which is summer, a peak demand period. The day of year is 236, which is towards the end of summer. The week of year is 35, which is a mid-week position. It's not a weekend, so no holidays there.

Generation-wise, solar generation 1 hour before was 17,099 MW, which is a significant portion of the total generation. Onshore wind was 6,629 MW, and gas",1438,ok,
LIVE_ES_h24_11,deepseek_r1_qwen_7b,deepseek-ai/DeepSeek-R1-Distill-Qwen-7B,,"Okay, so I'm trying to figure out why the predicted electricity demand for Spain 24 hours after the forecast origin is 30066.1 MW. Let me start by looking at the input features provided.

First, the recent demand history shows that the demand has been decreasing over the past 24 hours. The lag_1h is 31041 MW, which is higher than the predicted demand. Then it goes down to 30887 MW at lag_2h, 25158 MW at lag_6h, 25774 MW at lag_12h, and so on. It looks like the demand is dropping, especially after 6 and 12 hours. The rolling mean over 24 hours is 26507 MW, which is lower than the predicted demand. The rolling max is 31041 MW, which is the same as the lag_1h, so that's the peak demand in the past 24 hours. The rolling min is 22440 MW, which is lower than the predicted demand. The standard deviation is 2710 MW, which isn't too high, so the demand isn't fluctuating wildly.

Looking at the calendar and time features, the forecast origin is at 12 PM on a Friday (since dayofweek is 0, which is Monday, so 0 is Monday, 1 is Tuesday, ..., 5 is Saturday, 6 is Sunday). So 12 PM on a Friday. The hour is 12, which is noon. The hour_sin is 0 and hour_cos is -1, which makes sense for noon because sine would be at the midpoint of the sine wave, and cosine would be at the peak on the negative side. The month is August, which is month 8. The month_sin is -0.8",1362,ok,
LIVE_ES_h24_12,deepseek_r1_qwen_7b,deepseek-ai/DeepSeek-R1-Distill-Qwen-7B,,"Okay, so I need to figure out why the predicted electricity demand for Spain at t+24h is 30,189.9 MW. Let me start by looking at the input features provided.

First, the recent demand history shows that the demand has been decreasing over the past few hours. The lag_1h is 31,354 MW, which is higher than the predicted demand. Then it drops to 31,041 MW for lag_2h, 27,696 MW for lag_6h, 24,213 MW for lag_12h, 24,977 MW for lag_24h, 26,253 MW for lag_48h, and 33,389 MW for lag_168h. Wait, that last one is higher than the current prediction. Hmm, that might indicate that demand is increasing over the past week, but since we're predicting 24h ahead, maybe the model is considering that trend.

Looking at the rolling statistics, the 24h rolling mean is 26,812.83 MW, and the 168h mean is 28,981.13 MW. The rolling max is 31,354 MW, which is the same as the lag_1h. The min is 22,440 MW. The standard deviation is 2,828.61 MW, which is pretty high, indicating variability in demand.

Now, the calendar features: the forecast origin is at 2026-08-24 11:00:00. The hour is 13, which is 1 PM. It's not a weekend, and not a holiday. The hour encoding shows negative values for both sin and cos",1191,ok,
LIVE_ES_h24_13,deepseek_r1_qwen_7b,deepseek-ai/DeepSeek-R1-Distill-Qwen-7B,,"Okay, so I'm trying to figure out why the predicted electricity demand for Spain 24 hours after the forecast origin is 29,554.5 MW. Let me start by looking at the input features provided.

First, the recent demand history shows that the demand has been decreasing over the past 24 hours. The lag_1h is 31,897 MW, which is higher than the lag_24h of 25,532 MW. This suggests that demand is dropping as we go further back in time. The rolling mean over 24 hours is 27,101 MW, which is lower than the predicted demand. That might indicate that the recent trend is downward, so the model expects a slight increase from the current lag_24h of 25,532 MW to 29,554.5 MW.

Looking at the rolling max and min, the peak was 31,897 MW, which is the same as the lag_1h. So the highest demand in the past 24 hours was just an hour before the forecast. The min was 22,440 MW, which is lower than the current prediction, so maybe the model is accounting for possible fluctuations.

The calendar features are interesting. The forecast origin is at 14:00 on a Monday (dayofweek 0). The hour encoding shows that it's 2 PM, with sin and cos values around -0.5 and -0.866, which makes sense for 14:00. The month is August, which is in the middle of the year, so the month_sin and cos are around -0.866 and -0.5, indicating it's in the middle of summer. The day_of_year is 236, so about 64 days into August. The is",1393,ok,
LIVE_ES_h24_14,deepseek_r1_qwen_7b,deepseek-ai/DeepSeek-R1-Distill-Qwen-7B,,"Okay, so I need to figure out why the predicted electricity demand for Spain at t+24h is 29,089.2 MW. Let me start by looking at the input features provided.

First, the recent demand history shows that the demand has been decreasing over the past 24 hours. The lag_1h is 31,577 MW, which is higher than the lag_24h of 25,014 MW. This suggests that demand is dropping as we go further back in time. The rolling mean over 24h is 27,353 MW, which is lower than the predicted demand. That might indicate that the recent trend is downward, so the model expects higher demand in the future, but the current average is lower.

Looking at the rolling max and min, the max was 31,897 MW, which is the highest demand in the past 24h, and the min was 22,440 MW. The predicted demand is higher than the rolling max, so maybe the model is expecting a recovery or stabilization after a peak.

The calendar features are interesting. The forecast origin is on a Tuesday (dayofweek 0). The hour is 15, which is 3 PM. The hour_sin and hour_cos are both -0.7071, which suggests it's around 3 PM. The day is in the middle of the week, not a weekend, and it's not a holiday. The hour_x_weekend is 0, so no interaction effect there.

The generation levels show that solar generation was 20,073 MW, which is a significant portion. Wind onshore was 7,182 MW, and gas was 2,776 MW. Other sources like coal and nuclear are minimal. So, the current generation is mostly from solar, wind, and gas",1469,ok,
LIVE_ES_h24_15,deepseek_r1_qwen_7b,deepseek-ai/DeepSeek-R1-Distill-Qwen-7B,,"Okay, so I'm trying to figure out why the predicted electricity demand for Spain 24 hours after the forecast origin is 28,705 MW. Let me start by looking at the input features provided.

First, the recent demand history shows that the demand has been steadily increasing. The lag_1h is 30,649 MW, which is higher than the previous values like lag_2h (31,577 MW) and lag_6h (30,887 MW). This suggests that demand is rising over time. The lag_24h is 24,991 MW, which is lower than the current prediction, so maybe the recent trend is continuing but not a sharp increase.

Looking at the rolling statistics, the 24-hour rolling mean is 27,587 MW, and the 168-hour mean is 28,938 MW. The rolling max is 31,897 MW, which is higher than the predicted demand. This might indicate that there's a peak demand in the recent past that's influencing the forecast. The rolling min is 22,440 MW, which is lower than the predicted value, so the model is considering both higher and lower demand periods.

The calendar features are interesting. The forecast origin is at 16:00 on a Monday, so it's not a weekend. The hour encoding shows that it's 4 o'clock in the evening, which in sine and cosine terms is pointing towards the end of the day. The day of week is Monday, which isn't a holiday, so that's a neutral factor. The month is August, which is a relatively high demand month, maybe due to air conditioning usage.

Generation levels show that solar and wind are significant. Solar is 19,034 MW, wind onshore is 7,787 MW",1510,ok,
LIVE_ES_h24_16,deepseek_r1_qwen_7b,deepseek-ai/DeepSeek-R1-Distill-Qwen-7B,,"Okay, so I'm trying to figure out why the predicted electricity demand for Spain 24 hours after the forecast origin is 29,338.4 MW. Let me start by looking at the input features provided.

First, the recent demand history shows that the demand has been steadily increasing. The lag_1h is 30,486 MW, which is higher than the previous values like lag_2h, lag_6h, etc. This suggests that demand is rising over time. The rolling mean over 24h is 27,816.79 MW, which is lower than the predicted demand, so maybe the recent trend is pushing the demand higher than the average.

Looking at the rolling max, it's 31,897 MW, which is higher than the predicted demand. That might mean that the peak demand in the past 24h was quite high, so the model is expecting a similar peak in the next 24h. The rolling min is 22,440 MW, which is lower than the predicted demand, so the model is considering both higher and lower demand periods.

The calendar features are interesting. The forecast origin is on a Thursday (dayofweek 0), which is a weekday, not a weekend. The hour is 17, which is 5 PM. The hour_sin and hour_cos are negative, which might indicate that 5 PM is in the evening, so demand might be decreasing. The month is August, which is a peak month for electricity demand, so that could contribute to the higher forecast.

Generation levels show that solar and wind are significant, but gas and coal are also present. The generation mix shares indicate that renewables make up 73% of the generation, which might suggest a stable demand as these sources are reliable. However, the predicted demand is higher than the total generation from all sources, which is 37",1659,ok,
LIVE_ES_h24_17,deepseek_r1_qwen_7b,deepseek-ai/DeepSeek-R1-Distill-Qwen-7B,,"Okay, I need to figure out why the predicted electricity demand for Spain at t+24h is 30,190.6 MW. Let me start by looking at the input features provided.

First, the recent demand history shows that the demand has been decreasing over the past 24 hours. The lag_1h is 30,815 MW, which is higher than the lag_24h of 26,865 MW. This suggests that demand is dropping as we go further back in time. The rolling mean over 24h is 28,029 MW, which is lower than the predicted demand. The rolling max is 31,897 MW, which is higher than the predicted value, indicating that the peak demand in the past 24h was higher than the forecast.

Looking at the calendar features, the forecast origin is on a Friday (dayofweek 0) at 6 PM (hour 18). It's not a weekend, so is_weekend is 0. The hour_sin is -1, and hour_cos is 0, which makes sense for 6 PM since sin(18*2π/24) = sin(3π/2) = -1, and cos is 0. The month is August (month 8), which is in the middle of summer, a time when demand might be higher, but the predicted demand is lower than the rolling max, so maybe other factors are at play.

The generation levels show that solar and wind are significant. Solar is 17,327 MW, wind onshore is 8,589 MW, and other renewables like hydro and biomass contribute as well. Fossil fuels like gas and coal are contributing less, which might explain why demand isn't as high as expected. The total generation is 37,674 MW, which is",1412,ok,
LIVE_ES_h24_18,deepseek_r1_qwen_7b,deepseek-ai/DeepSeek-R1-Distill-Qwen-7B,,"Okay, so I'm trying to figure out why the predicted electricity demand for Spain 24 hours ahead is 29,884.5 MW. Let me start by looking at the input features provided.

First, the recent demand history shows that the demand has been decreasing over the past 24 hours. The lag_1h is 31,167 MW, which is higher than the lag_24h of 27,768 MW. This trend suggests that demand is dropping as we move further back in time. The rolling mean over 24 hours is 28,208 MW, which is lower than the predicted demand. That might indicate that the recent trend is continuing, so the model expects a slight increase from the current lag_24h.

Looking at the rolling max and min, the peak was 31,897 MW, which is higher than the current prediction. This could mean that the demand might not peak again in the next 24 hours, so the model adjusts it down a bit. The rolling standard deviation is 3,204 MW, showing some variability but not extreme fluctuations.

The calendar features are interesting. The forecast origin is on a Saturday (is_weekend=1), which might affect demand because weekends usually have lower consumption. The hour is 19, which is 7 PM, and the sine and cosine values suggest it's near the end of the day, possibly when people are transitioning from work to leisure. The month is August, which is a peak month for electricity use in Spain due to high temperatures and air conditioning. The day of the year is 236, and the week of year is 35, which might not be directly relevant but could be part of a larger model.

Generation levels show that solar and wind are contributing significantly. Solar is at 14,859 MW, wind onshore at",1634,ok,
LIVE_ES_h24_19,deepseek_r1_qwen_7b,deepseek-ai/DeepSeek-R1-Distill-Qwen-7B,,"Okay, so I need to figure out why the predicted electricity demand for Spain at t+24h is 30,997.1 MW. Let me start by looking at the input features provided.

First, the recent demand history shows that the demand has been decreasing over the past 24 hours. The lag_1h is 31,561 MW, which is higher than the lag_24h of 28,710 MW. This trend suggests that demand is dropping as we move further back in time. The rolling mean over 24h is 28,366 MW, which is lower than the predicted demand. The rolling max is 31,897 MW, which is the highest demand in the past 24h, so the predicted demand is a bit below that peak.

Looking at the calendar features, the forecast origin is on a Friday (dayofweek=0). The hour is 20, which is 8 PM. The hour encoding shows that it's 8 PM, which is in the evening. The hour_sin is negative, and hour_cos is positive, which makes sense for 8 PM as it's towards the end of the day. The day is not a weekend, so is_weekend is 0, and it's not a holiday either.

The generation levels show that solar and wind are significant. Solar is 9,030 MW, wind onshore is 11,701 MW, and wind offshore is 0. Other sources like nuclear, gas, coal, hydro, etc., contribute more to the generation. The total generation is 35,998 MW, which is almost the same as the predicted demand. The generation mix shares indicate that renewables make up 62.25% of the generation, with solar being the largest contributor at 25.08%.

Putting this together",1453,ok,
LIVE_ES_h24_20,deepseek_r1_qwen_7b,deepseek-ai/DeepSeek-R1-Distill-Qwen-7B,,"Okay, so I need to figure out why the predicted electricity demand for Spain at t+24h is 31415.3 MW. Let me start by looking at the input features provided.

First, the recent demand history shows that the demand has been decreasing over the past 24 hours. The lag_1h is 31714 MW, which is higher than the current prediction. Then it goes down to 31561 MW at lag_2h, 30649 MW at lag_6h, 30510 MW at lag_12h, 30126 MW at lag_24h, 29952 MW at lag_48h, and 35692 MW at lag_168h. Wait, that last one is higher, so maybe there's a weekly pattern? But the forecast is only 24h ahead, so maybe the weekly trend isn't directly affecting this prediction.

The rolling mean over 24h is 28491.58 MW, which is lower than the predicted demand. The rolling max over 24h is 31897 MW, which is higher than the predicted value. So the peak in the past 24h was higher than the forecast. Maybe the demand is expected to decrease slightly from that peak.

Looking at the calendar features, the forecast origin is on a Tuesday (dayofweek 0). The hour is 21, which is 9 PM. The sine and cosine for hour are -0.7071 and 0.7071, which suggests it's near midnight in a cyclical representation. But since it's 21, it's in the evening. The month is August (month 8), and the sine and cosine are -0.866 and -",1280,ok,
LIVE_ES_h24_21,deepseek_r1_qwen_7b,deepseek-ai/DeepSeek-R1-Distill-Qwen-7B,,"Okay, so I need to figure out why the predicted electricity demand for Spain 24 hours after the forecast origin is 30551.3 MW. Let me start by looking at the input features provided.

First, the recent demand history shows that the demand has been decreasing over the past 24 hours. The lag_1h is 32428 MW, which is higher than the current prediction. The lag_24h is 29196 MW, which is the lowest in the history. This might indicate a downward trend, so maybe the model expects demand to continue dropping.

Looking at the rolling statistics, the 24-hour rolling mean is 28587.5 MW, and the 168-hour mean is 28818.34 MW. The rolling max is 32428 MW, which was the demand just one hour before the forecast. The min is 22440 MW, which is quite a drop. The standard deviation is 3426 MW, showing some variability but not extreme values.

The calendar features are interesting. The forecast is on a Sunday (is_weekend=0, since 1 is Saturday or Sunday, but wait, is_weekend=0 means it's not a weekend? Wait, no, the description says is_weekend=1 for Saturday or Sunday. So if it's 0, it's a weekday. So the forecast origin is on a Sunday, which is a weekend day, so is_weekend=1? Wait, the data shows is_weekend=0. Hmm, maybe I misread. Let me check: the data says is_weekend: 0. So that means it's not a weekend. But Sunday is a weekend. Maybe the data is incorrect, or perhaps the model treats weekends differently. Alternatively, maybe the model doesn't use is_weekend as a binary but",1482,ok,
LIVE_ES_h24_22,deepseek_r1_qwen_7b,deepseek-ai/DeepSeek-R1-Distill-Qwen-7B,,"Okay, so I need to figure out why the predicted electricity demand for Spain at t+24h is 28,216.6 MW. Let me start by looking at the input features provided.

First, the recent demand history shows that the demand has been steadily increasing. The lag_1h is 30,320 MW, which is higher than the previous values like lag_2h (32,428 MW). Wait, that seems a bit confusing because usually, demand might decrease over time, but here it's increasing. Maybe Spain has a planned increase in demand for that period.

Looking at the rolling mean over 24h, it's 28,634.3 MW, which is lower than the predicted demand. That suggests that the average demand in the past 24h was a bit lower than what's expected. Maybe the recent trend is higher than the average.

The rolling max is 32,428 MW, which is the highest demand in the past 24h. The predicted demand is 28,216 MW, which is below this peak but higher than the rolling min of 22,440 MW. So, it's somewhere in the middle of the demand range.

The calendar features are interesting. The forecast origin is on a Friday (dayofweek 0) at 11 PM. The hour_sin is -0.2588 and hour_cos is 0.9659. Since it's Friday evening, the hour features might be indicating a time when demand is typically lower, but maybe due to high wind generation, it's higher.

Generation levels show that wind onshore is the largest contributor, with 9,851 MW. That's a significant portion, about 34% of the total generation. Solar is next, contributing around 1%. Gas and nuclear are also substantial,",1513,ok,
LIVE_ES_h24_23,deepseek_r1_qwen_7b,deepseek-ai/DeepSeek-R1-Distill-Qwen-7B,,"Okay, so I need to figure out why the predicted electricity demand for Spain at t+24h is 26,398 MW. Let me start by looking at the input features provided.

First, the recent demand history shows that the demand was highest 6 hours before the forecast origin at 31,167 MW, then it decreased to 31,354 MW 12 hours before, and then went down to 25,774 MW 24 hours before. The 48-hour average is 25,104 MW, which is slightly lower than the 24-hour average. The 168-hour average is 28,777 MW, which is higher than the 24-hour average. So, the demand seems to be relatively stable but with some fluctuations.

The rolling max 24h is 32,428 MW, which is higher than the predicted demand. The rolling min is 22,440 MW, so the demand varies within a range. The standard deviation is 3,436 MW, indicating moderate variability.

Looking at the calendar and time features, the forecast origin is at 22:00 on 2026-08-24. The hour is 0, which is midnight, so the next day's 00:00. The day of week is 1, which is Monday. August is month 8, and the year is 2026. It's not a weekend, so is_weekend is 0. It's not a holiday either. The hour features show that it's midnight, and the sine and cosine for hour are 0 and 1, which makes sense for midnight. The month features are -0.866 for sine and -0.5 for cosine, which probably corresponds to the middle of the",1343,ok,
LIVE_ES_h24_24,deepseek_r1_qwen_7b,deepseek-ai/DeepSeek-R1-Distill-Qwen-7B,,"Okay, so I need to figure out why the predicted electricity demand for Spain 24 hours after the forecast origin is 24,891.3 MW. Let me start by looking at the input features provided.

First, the recent demand history shows that the demand has been steadily increasing over the past 24 hours. The lag_1h is 26,360 MW, which is lower than the current prediction. The lag_24h is 24,213 MW, which is the lowest among the lags, suggesting that the demand has been rising each hour. The rolling mean over 24 hours is 28,681.5 MW, which is higher than the current prediction, indicating that the recent trend is upwards.

Looking at the rolling max and min, the max was 32,428 MW, which is much higher than the predicted demand. This suggests that there might have been a peak in demand recently, which could be due to factors like high temperatures or increased heating demand. The rolling standard deviation is 3,416 MW, showing some variability in demand over the past 24 hours.

The calendar features show that the forecast origin is on a Monday (dayofweek 1) in August 2026 (month 8). The hour is 1, which is midnight. The month is in the middle of summer, so temperatures are likely high, increasing electricity demand for heating. The year is 2026, which is not a leap year, so it's a common year. It's not a weekend, so no leisure time reducing demand. The hour features show that it's midnight, so the hour_sin is positive and hour_cos is positive, indicating midnight. The month features (sin and cos) are negative, suggesting it's in the latter half of the year, which aligns with August. The day_of_year is",1612,ok,
LIVE_PT_h24_01,deepseek_r1_qwen_7b,deepseek-ai/DeepSeek-R1-Distill-Qwen-7B,,"Okay, so I need to figure out why the predicted electricity demand for Portugal at t+24h is 5132.2 MW. Let me start by looking at the input features provided.

First, the recent demand history shows that the demand has been steadily increasing. The lag_1h is 4975 MW, which is lower than the current prediction. Then it goes up to 5258.3 MW two hours ago, 5828.5 MW six hours ago, 5471.7 MW twelve hours ago, 4772.9 MW twenty-four hours ago, 5044 MW forty-eight hours ago, and 5026.7 MW a week prior. So, the demand has been rising over the past week, which might indicate that the current prediction is capturing this upward trend.

Looking at the rolling statistics, the 24-hour rolling mean is 5108.5 MW, and the 168-hour mean is 5779.4 MW. The rolling max is 6050.3 MW, which is higher than the predicted demand. The min is 4311.4 MW. So, the current prediction is near the average but a bit below the recent peak. This suggests that the model might be considering the recent peak but not overestimating it too much.

The calendar features are also important. The forecast origin is on August 24, 2026, which is a Monday. The hour is 1, which is midnight. The day of week is 0 (Monday), month is 8 (August), quarter is 3 (third quarter), day of year is 236, week of year is 35, and it's not a weekend or holiday. The hour encoding shows that midnight is represented as 0, which makes sense. The month encoding",1413,ok,
LIVE_PT_h24_02,deepseek_r1_qwen_7b,deepseek-ai/DeepSeek-R1-Distill-Qwen-7B,,"Okay, so I need to figure out why the predicted electricity demand for Portugal at t+24h is 4936.2 MW. Let me start by looking at the input features provided.

First, the recent demand history shows that the demand has been steadily increasing. The lag_1h is 4716.5 MW, which is lower than the current prediction. Then it goes up to 4975.0 MW two hours ago, 6050.3 MW six hours ago, 5344.5 MW twelve hours ago, 4542.9 MW twenty-four hours ago, 4807.8 MW forty-eight hours ago, and 4814.8 MW a week prior. So, the most recent hour has the lowest demand, but it's increasing over the past few hours.

Looking at the rolling statistics, the 24-hour rolling mean is 5106.175 MW, which is higher than the predicted demand. The 168-hour mean is 5777.5964 MW, indicating a higher average over a week. The rolling max is 6050.3 MW, which is the highest demand in the past 24 hours. The min is 4311.4 MW, so the demand varies within a range.

The calendar features show it's the second hour of the day, which is early morning. It's a Monday (dayofweek 0), so not a weekend. The month is August (month 8), and the year is 2026. The quarter is 3, which is summer. The day of the year is 236, and the week of year is 35. It's not a weekend, so no holidays.

Generation-wise, wind is the main contributor, with 3058 MW on the",1312,ok,
LIVE_PT_h24_03,deepseek_r1_qwen_7b,deepseek-ai/DeepSeek-R1-Distill-Qwen-7B,,"Okay, so I need to figure out why the predicted electricity demand for Portugal at t+24h is 4746.7 MW. Let me start by looking at the input features provided.

First, the recent demand history shows that the demand has been steadily increasing. The lag_1h is 4538.7 MW, which is lower than the current prediction. Then it goes up to 4716.5 MW for lag_2h, 5897.7 MW for lag_6h, 5261.5 MW for lag_12h, 4403.8 MW for lag_24h, 4617.6 MW for lag_48h, and 4672.5 MW for lag_168h. So, the demand has been rising over the past week, which might indicate an upward trend.

Looking at the rolling statistics, the 24-hour rolling mean is 5106 MW, which is higher than the 168-hour mean of 5775.95 MW. Wait, that seems contradictory because the 168-hour mean is higher than the 24-hour mean. Maybe I misread. No, actually, the 168-hour mean is 5775.95 MW, which is higher than the 24-hour mean of 5106 MW. That suggests that over a week, the average demand is higher than in the past 24 hours. But the recent 24-hour demand is 4746.7 MW, which is lower than the 168-hour average. Hmm, maybe there's a seasonal pattern or some event affecting demand.

The rolling max in 24h is 6050.3 MW, which is higher than the predicted demand. So the peak in",1233,ok,
LIVE_PT_h24_04,deepseek_r1_qwen_7b,deepseek-ai/DeepSeek-R1-Distill-Qwen-7B,,"Okay, so I need to figure out why the predicted electricity demand for Portugal at t+24h is 4680.2 MW. Let me start by looking at the input features provided.

First, the recent demand history shows that the demand has been steadily increasing. The lag_1h is 4433.6 MW, which is lower than the current prediction. Then it goes up to 4538.7 MW for lag_2h, 5599.9 MW for lag_6h, 5202.4 MW for lag_12h, 4311.4 MW for lag_24h, 4538.4 MW for lag_48h, and 4590.7 MW for lag_168h. So, the demand has been rising over the past week, which might indicate an upward trend.

Looking at the rolling statistics, the 24-hour rolling mean is 5107.24 MW, which is higher than the 168-hour mean of 5774.53 MW. Wait, that seems a bit confusing because 5774 is higher than 5107. Maybe the demand has been increasing over the past week, so the 168-hour average is higher than the recent 24-hour average. The rolling max is 6050.3 MW, which is the highest point in the past 24 hours, so the peak was recently reached.

The calendar features show that the forecast origin is on a weekday (dayofweek 0, which is Monday), not a weekend. The hour is 4, which is 4 AM. The month is August, which is a relatively warm month in Portugal. The year is 2026, so it's in the middle of the year. The quarter is",1277,ok,
LIVE_PT_h24_05,deepseek_r1_qwen_7b,deepseek-ai/DeepSeek-R1-Distill-Qwen-7B,,"Okay, so I need to figure out why the predicted electricity demand for Portugal at t+24h is 4776.8 MW. Let me start by looking at the input features provided.

First, the recent demand history shows that the demand has been steadily increasing. The lag_1h is 4393.3 MW, which is lower than the current prediction. Then it goes up to 4433.6 MW for lag_2h, 5258.3 MW for lag_6h, 5186.1 MW for lag_12h, 4321.1 MW for lag_24h, 4543.9 MW for lag_48h, and 4665.4 MW for lag_168h. So, the demand has been rising over the past week, which might indicate a trend that's continuing into the future.

Next, the rolling statistics. The rolling mean over 24 hours is 5110.65 MW, which is higher than the predicted demand. The rolling mean over 168 hours is 5773.35 MW, which is even higher. This suggests that on average, the demand has been increasing, so the model might be projecting a continuation of that trend.

Looking at the rolling max and min, the peak demand in the past 24 hours was 6050.3 MW, which is higher than the predicted 4776.8 MW. The minimum was 4321.1 MW, which is lower than the current prediction. This could mean that the model is considering the recent peak but adjusting for a possible decline or stabilization.

Now, the calendar and time features. The forecast origin is at 2026-08-24 04:00:00, which is",1320,ok,
LIVE_PT_h24_06,deepseek_r1_qwen_7b,deepseek-ai/DeepSeek-R1-Distill-Qwen-7B,,"Okay, so I need to figure out why the predicted electricity demand for Portugal at t+24h is 4991.3 MW. Let me start by looking at the input features provided.

First, the recent demand history shows that the demand has been steadily increasing. The lag_1h is 4505.2 MW, which is lower than the current prediction. Then it goes up to 4393.3 MW for lag_2h, 4975.0 MW for lag_6h, 5547.9 MW for lag_12h, 4359.1 MW for lag_24h, 4621.5 MW for lag_48h, and 4889.7 MW for lag_168h. So, the most recent hour (lag_1h) is the lowest, but the 12-hour and 24-hour lags are higher. This might indicate that demand is increasing over time, but not too rapidly.

Looking at the rolling statistics, the 24-hour rolling mean is 5118.325 MW, which is higher than the predicted demand. The 168-hour mean is even higher at 5772.4024 MW. The rolling max is 6050.3 MW, which is the highest point in the past 24 hours. The min is 4343.7 MW, which is lower than the predicted demand. The standard deviation is 527.57 MW, showing some variability but not extreme highs or lows.

Now, the calendar and time features. The forecast origin is at 2026-08-24 05:00:00, which is a Tuesday. The hour is 6, so 6 AM. The day of",1191,ok,
LIVE_PT_h24_07,deepseek_r1_qwen_7b,deepseek-ai/DeepSeek-R1-Distill-Qwen-7B,,"Okay, so I need to figure out why the predicted electricity demand for Portugal at t+24h is 5519.5 MW. Let me start by looking at the input features provided.

First, the recent demand history shows that the demand has been decreasing over the past 24 hours. The lag_24h is 4343.7 MW, which is the lowest among the past 24 hours, and the rolling mean over 24h is 5137.82 MW. That suggests that the demand is currently in a downtrend, which might be contributing to the higher predicted demand in the next 24h. Wait, no, if the recent demand is lower, maybe the model expects it to increase? Or perhaps the trend is such that it's increasing despite the lower numbers.

Looking at the rolling max and min, the max in the past 24h was 6050.3 MW, which is higher than the current prediction. So the model might be expecting a slight increase from the current low. The rolling standard deviation is 506.52 MW, indicating some variability but not extreme fluctuations.

The calendar features are interesting. The forecast origin is on a Thursday (dayofweek 0) in August 2026. August is in the middle of summer, so daylight saving time might be in effect, but I'm not sure how that affects demand. The hour is 7, which is 7 AM. The hour encoding shows a high cosine value (-0.2588) and a sine value (0.9659), which suggests it's around 7 AM, so the day part is captured well.

The month encoding for August is negative in both sine and cosine, which might indicate it's towards the end of the year, but since it's August, that's in the middle. The day of year is",1556,ok,
LIVE_PT_h24_08,deepseek_r1_qwen_7b,deepseek-ai/DeepSeek-R1-Distill-Qwen-7B,,"Okay, so I need to figure out why the predicted electricity demand for Portugal at t+24h is 6045.8 MW. Let me start by looking at the input features provided.

First, the recent demand history shows that the demand has been decreasing over the past 24 hours. The lag_1h is 5159 MW, which is higher than the lag_24h of 4582.8 MW. That suggests a downward trend in demand. The rolling mean over 24h is 5171.79 MW, which is lower than the predicted demand. So, the average demand in the past 24h is lower than what's expected, but the model is predicting a slight increase.

Looking at the rolling max and min, the peak was 6050.3 MW at lag_12h, which is very close to the predicted demand. That might indicate that the peak from the past is influencing the forecast. The rolling std is 477.45 MW, which is moderate, so there's some variability but not extreme fluctuations.

The calendar features are interesting. The forecast origin is on a weekday (dayofweek 0, which is Monday), in August (month 8), and it's not a weekend or holiday. The hour is 8, which is 8 AM. The sine and cosine values for hour and month are negative, which might indicate that it's mid-morning, so less peak demand. The weekend and holiday flags are 0, so no impact from weekends or holidays.

Generation-wise, solar and wind are significant. Solar is 144 MW, wind onshore is 3596.7 MW, and wind offshore is 25 MW. That's a lot of wind generation, which is a major contributor to renewable energy. The total generation is 6902.2 MW,",1507,ok,
LIVE_PT_h24_09,deepseek_r1_qwen_7b,deepseek-ai/DeepSeek-R1-Distill-Qwen-7B,,"Okay, so I need to figure out why the predicted electricity demand for Portugal at t+24h is 6275.5 MW. Let me start by looking at the input features provided.

First, the recent demand history shows that the demand has been decreasing over the past 24 hours. The lag_1h is 5763.5 MW, which is lower than the current prediction. The lag_24h is 4947.4 MW, which is the lowest in the history. This suggests that demand has been dropping, so the model might be projecting a slight increase but not a huge jump.

Rolling statistics are also important. The rolling_mean_24h is 5220.9875 MW, which is lower than the predicted demand. The rolling_max_24h is 6050.3 MW, which is higher than the forecast. This means that while the average has decreased, there was a peak recently. The rolling_min is 4393.3 MW, so the model isn't predicting a sudden spike but a moderate increase.

Looking at calendar features, the forecast origin is on a Saturday (is_weekend=1). Saturdays often have lower demand because people are at home. The hour is 9, which is 9 AM, a relatively early hour but not peak time. The month is August, which is a relatively quiet month in terms of electricity demand, so that might contribute to a lower baseline.

Generation levels show that wind is the dominant source, contributing 3756.6 MW, which is over 60% of the total generation. Solar is also significant at 686.6 MW. Gas and hydro are present but not dominant. The generation mix shares confirm that renewables make up a large portion, which might stabilize demand.

The hour_sin and hour_cos values are around 0.7 and -0.",1593,ok,
LIVE_PT_h24_10,deepseek_r1_qwen_7b,deepseek-ai/DeepSeek-R1-Distill-Qwen-7B,,"Okay, so I need to figure out why the predicted electricity demand for Portugal at t+24h is 6384.9 MW. Let me start by looking at the input features provided.

First, the recent demand history shows that the demand has been decreasing over the past 24 hours. The lag_1h is 6193.2 MW, which is lower than the current prediction. The rolling mean over 24h is 5272.8958 MW, which is also lower than the predicted demand. The rolling max is 6193.2 MW, which is the same as the recent 1h demand. The rolling min is 4393.3 MW, which is the lowest point in the past 24h. The standard deviation is 510.4928 MW, indicating some variability but not extreme highs or lows.

Looking at the calendar and time features, the forecast origin is at 10 AM on a Tuesday in August 2026. The hour encoding is 10, which is represented by sin and cos values. The hour_sin is 0.5 and hour_cos is -0.866, which suggests it's around 10 AM. The day of week is 0 (Monday), but since it's a Tuesday, maybe that's not a weekend. The month is 8 (August), which is a relatively busy month for electricity demand, perhaps due to heating in winter or cooling in summer. The year is 2026, but I don't think the year alone affects demand much unless it's a leap year or something, which it's not.

The generation levels show that wind_onshore is the dominant source with 3901.5 MW, followed by solar at 1188.2 MW. Gas and hydro are also significant, but not as much as",1432,ok,
LIVE_PT_h24_11,deepseek_r1_qwen_7b,deepseek-ai/DeepSeek-R1-Distill-Qwen-7B,,"Okay, so I need to figure out why the predicted electricity demand for Portugal at t+24h is 6622.4 MW. Let me start by looking at the input features provided.

First, the recent demand history shows that the demand has been decreasing over the past 24 hours. The lag_1h is 6509.7 MW, which is lower than the current prediction. The lag_24h is 5480.6 MW, which is the lowest in the history. This suggests that demand has been dropping, so the model might be projecting a continuation of that trend.

Looking at the rolling statistics, the 24-hour rolling mean is 5322.2 MW, which is lower than the predicted demand. The rolling max is 6509.7 MW, which is the same as the recent 1-hour demand. This indicates that the peak demand in the past 24h was higher than the current prediction. The rolling min is 4393.3 MW, which is quite a bit lower than the predicted demand, showing variability in demand.

The calendar features are also important. The forecast origin is on a Tuesday (dayofweek 0) in August 2026. August is a relatively slow month for electricity demand, especially in Portugal, which tends to have higher demand in winter. The hour is 11, which is in the afternoon, so the demand might be influenced by evening peaks. The hour_sin and hour_cos values are 0.2588 and -0.9659, respectively. These values suggest it's around 11 AM, which is in the morning of the next day, so the sine and cosine encode the time of day, capturing the cyclical nature.

The month features show that it's August, which is a lighter month, so the model might expect lower demand. The year is",1580,ok,
LIVE_PT_h24_12,deepseek_r1_qwen_7b,deepseek-ai/DeepSeek-R1-Distill-Qwen-7B,,"Okay, so I need to figure out why the predicted electricity demand for Portugal at t+24h is 6530.7 MW. Let me start by looking at the input features provided.

First, the recent demand history shows that the demand has been steadily decreasing. The lag_1h is 6576.2 MW, which is higher than the current prediction. Then it drops to 6509.7 MW at lag_2h, 4827 MW at lag_6h, 4975 MW at lag_12h, 5589.4 MW at lag_24h, 5162.7 MW at lag_48h, and 6475 MW at lag_168h. So, the most recent hour before the forecast origin had the highest demand, and it's been dropping as we go further back. This might indicate that demand is decreasing over time, but not sure yet.

Looking at the rolling statistics, the rolling mean over 24h is 5367.88 MW, which is lower than the predicted demand. The rolling max is 6576.2 MW, which is the same as the lag_1h. The rolling min is 4393.3 MW, which is much lower. The standard deviation is 624.14 MW, so there's some variability in the demand over the past 24 hours.

Now, the calendar and time features: the forecast origin is at 12 PM on 2026-08-24. The hour is 12, which is noon. The day of week is Monday (0), month is August (8), year is 2026, quarter is 3 (which is Q3, so from April to June?), wait, no, Q1 is",1243,ok,
LIVE_PT_h24_13,deepseek_r1_qwen_7b,deepseek-ai/DeepSeek-R1-Distill-Qwen-7B,,"Okay, so I need to figure out why the predicted electricity demand for Portugal at t+24h is 6467.3 MW. Let me start by looking at the input features provided.

First, the recent demand history shows that the demand has been steadily increasing. The lag_1h is 6534 MW, which is higher than the previous values like lag_2h (6576.2 MW). Wait, no, actually, lag_1h is 6534, which is higher than lag_2h of 6576.2? Wait, no, 6534 is less than 6576.2. So the demand is decreasing as we go further back in time. Hmm, that's interesting. So the most recent hour (lag_1h) is 6534 MW, which is lower than the 2-hour average of 6576.2 MW. That might indicate a slight decrease in demand recently.

Looking at the rolling mean over 24 hours, it's 5407.2375 MW. That's lower than the predicted demand of 6467.3 MW. So the average demand over the past day is lower than what's being predicted. That could mean that the demand is increasing towards the forecast origin, but the average is lower because of some lower values in the past.

The rolling max over 24h is 6576.2 MW, which is the same as lag_2h. That suggests that the peak demand in the past 24 hours was 6576.2 MW, which is higher than the predicted demand. So the model is predicting a demand that's lower than the peak observed in the past 24 hours. That might be because the recent hours are lower, pulling the average down, but the peak is still higher.",1403,ok,
LIVE_PT_h24_14,deepseek_r1_qwen_7b,deepseek-ai/DeepSeek-R1-Distill-Qwen-7B,,"Okay, so I need to figure out why the predicted electricity demand for Portugal at t+24h is 6415.8 MW. Let me start by looking at the input features provided.

First, the recent demand history shows that the demand has been decreasing over the past 24 hours. The lag_1h is 6365.1 MW, which is lower than the current prediction. Then it goes down to 6534.0 MW at lag_2h, 5763.5 MW at lag_6h, 4538.7 MW at lag_12h, 5344.5 MW at lag_24h, 4875.1 MW at lag_48h, and 6543.9 MW at lag_168h. So, the most recent hour before the forecast origin had the lowest demand, and it's been increasing as we go further back. This might indicate that the demand is stabilizing or perhaps about to increase.

Looking at the rolling statistics, the 24-hour rolling mean is 5444.46 MW, and the 168-hour mean is 5776.07 MW. The rolling max is 6576.2 MW, which is higher than the predicted demand, and the min is 4393.3 MW. The standard deviation is 695.12 MW, showing some variability but not extreme highs or lows.

Now, the calendar and time features: the forecast origin is at 14:00 on 2026-08-24. The hour is 14, which is 2 PM. The day of week is Monday (0), so it's a weekday. The month is August (8), which is in the middle of the year. The year",1228,ok,
LIVE_PT_h24_15,deepseek_r1_qwen_7b,deepseek-ai/DeepSeek-R1-Distill-Qwen-7B,,"Okay, so I need to figure out why the predicted electricity demand for Portugal at t+24h is 6355.5 MW. Let me start by looking at the input features provided.

First, the recent demand history shows that the demand has been steadily increasing. The lag_1h is 6301.1 MW, which is just a bit less than the predicted demand. Then, lag_2h is 6365.1 MW, which is higher than the current prediction. Lag_6h is 6193.2 MW, lag_12h is 4433.6 MW, lag_24h is 5261.5 MW, lag_48h is 4844.5 MW, and lag_168h is 6593.6 MW. So, the most recent hour has the highest demand, and it's decreasing as we go further back. This suggests that the demand is increasing over the past 24 hours, which might indicate a trend towards higher demand.

Next, the rolling statistics. The rolling mean over 24 hours is 5484.32 MW, and over 168 hours (one week) it's 5774.63 MW. The peak demand in the past 24 hours is 6576.2 MW, which is higher than the predicted demand. The minimum was 4393.3 MW. So, the demand has been fluctuating but with an overall upward trend. The peak suggests that there might be a significant event or weather condition that's causing the demand to spike recently.

Looking at the calendar and time features, the forecast origin is at 15:00 on 2026-08-24. The hour is 15, which is 3 PM. The day",1288,ok,
LIVE_PT_h24_16,deepseek_r1_qwen_7b,deepseek-ai/DeepSeek-R1-Distill-Qwen-7B,,"Okay, so I need to figure out why the predicted electricity demand for Portugal at t+24h is 6364.2 MW. Let me start by looking at the input features provided.

First, the recent demand history shows that the demand has been steadily increasing. The lag_1h is 6270.1 MW, which is lower than the predicted demand. Then, lag_2h is 6301.1 MW, lag_6h is 6509.7 MW, lag_12h is 4393.3 MW, lag_24h is 5202.4 MW, lag_48h is 4914.2 MW, and lag_168h is 6646.1 MW. Wait, that's a bit confusing because lag_12h is lower than lag_24h, which is lower than lag_48h. So, the demand seems to have been increasing over the past week, especially in the last few days.

Looking at the rolling statistics, the rolling mean over 24h is 5526.3458 MW, which is lower than the predicted demand. The rolling max over 24h is 6576.2 MW, which is higher than the predicted demand. The rolling min is 4393.3 MW, which is lower than the predicted demand. The rolling std is 732.0161 MW, indicating some variability in demand over the past 24h.

Now, the calendar and time features: the forecast origin is at 16:00 on 2026-08-24. The hour is 16, which is 4 PM, so in Europe, that's in the early evening. The day of week is 0, which",1198,ok,
LIVE_PT_h24_17,deepseek_r1_qwen_7b,deepseek-ai/DeepSeek-R1-Distill-Qwen-7B,,"Okay, so I need to figure out why the predicted electricity demand for Portugal at t+24h is 6464.9 MW. Let me start by looking at the input features provided.

First, the recent demand history shows that the demand has been steadily increasing. The lag_1h is 6283.2 MW, which is lower than the predicted demand. Then, lag_2h is 6270.1 MW, lag_6h is 6576.2 MW, lag_12h is 4505.2 MW, lag_24h is 5186.1 MW, lag_48h is 5182 MW, and lag_168h is 6791.9 MW. Wait, that's a bit confusing. The 24h lag is 5186 MW, but the 168h (7-day) average is 6791.9 MW. So, the recent 24h demand is lower than the 7-day average. That might indicate that the demand is stabilizing or perhaps there's a weekly pattern.

Looking at the rolling statistics, the rolling mean over 24h is 5571.38 MW, which is higher than the lag_24h of 5186.1 MW. The rolling max is 6576.2 MW, which is the highest in the past 24h, and the min is 4393.3 MW. The standard deviation is 744.36 MW, which is relatively low, suggesting that demand hasn't been fluctuating much recently.

Now, the calendar and time features: the forecast origin is at 2026-08-24 16:00:00. The hour is 1",1135,ok,
LIVE_PT_h24_18,deepseek_r1_qwen_7b,deepseek-ai/DeepSeek-R1-Distill-Qwen-7B,,"Okay, so I need to figure out why the predicted electricity demand for Portugal at t+24h is 6442.9 MW. Let me start by looking at the input features provided.

First, the recent demand history shows that the demand has been steadily increasing. The lag_1h is 6221.6 MW, which is lower than the predicted 6442.9 MW. Then, lag_2h is 6283.2 MW, lag_6h is 6534 MW, lag_12h is 4827 MW, lag_24h is 5547.9 MW, lag_48h is 5577.9 MW, and lag_168h is 7069.3 MW. Wait, so the most recent 24h average is 5547.9 MW, but the predicted demand is higher than that. Hmm, maybe the recent trend is increasing, so the model is expecting higher demand.

Looking at the rolling statistics, the rolling_mean_24h is 5614.5 MW, which is lower than the predicted demand. The rolling_max_24h is 6576.2 MW, which is higher than the predicted value. So, the model might be considering that the demand could peak higher than the recent average.

The calendar features are also important. The forecast origin is at 18:00 on 2026-08-24. The hour is 18, which is 6 PM. The day of week is 0, which is Monday. August is month 8. The year is 2026, quarter 3 (July-Sep), day_of_year is 236, week_of_year is 35, and it's not a weekend or holiday.",1209,ok,
LIVE_PT_h24_19,deepseek_r1_qwen_7b,deepseek-ai/DeepSeek-R1-Distill-Qwen-7B,,"Okay, so I need to figure out why the predicted electricity demand for Portugal at t+24h is 6711.5 MW. Let me start by looking at the input features provided.

First, the recent demand history shows that the demand has been decreasing over the past 24 hours. The lag_1h is 6359.3 MW, which is higher than the lag_24h of 5828.5 MW. This suggests that demand is dropping as we go further back in time. The rolling mean over 24h is 5648.33 MW, which is lower than the predicted demand, indicating that the recent trend is downward.

Looking at the rolling max and min, the peak was 6576.2 MW, which is higher than the predicted demand. This might mean that the demand hasn't yet reach its peak in the next 24h. The rolling standard deviation is 766 MW, showing some variability but not extreme fluctuations.

The calendar features are interesting. The forecast origin is on a Saturday (is_weekend=1), which could mean higher demand on weekends. However, the hour is 19, which is 7 PM, and the hour_sin is -0.9659, which is close to -1, indicating that it's around 7 PM. The hour_cos is 0.2588, which is positive, suggesting it's in the evening. The day of week encoding (dow_sin=0, dow_cos=1) confirms it's a Saturday.

Generation levels show that wind_onshore is the dominant source, contributing 3329.2 MW, which is almost half of the total generation lag1h of 5590.4 MW. Solar is the next biggest contributor, followed by hydro and gas. Fossil fuels and others contribute less.

The generation mix shares",1504,ok,
LIVE_PT_h24_20,deepseek_r1_qwen_7b,deepseek-ai/DeepSeek-R1-Distill-Qwen-7B,,"Okay, so I need to figure out why the predicted electricity demand for Portugal at t+24h is 6963.7 MW. Let me start by looking at the input features provided.

First, the recent demand history shows that the demand has been decreasing over the past 24 hours. The lag_1h is 6759.8 MW, which is lower than the current prediction. The lag_24h is 6050.3 MW, which is the lowest among the recent history. This suggests that demand has been dropping, and the model might be projecting a continuation of this trend.

Looking at the rolling statistics, the 24-hour rolling mean is 5687.1375 MW, which is lower than the predicted demand. The rolling max is 6759.8 MW, which was the demand just one hour before the forecast origin. The rolling min is 4393.3 MW, which is quite a drop from the max. The standard deviation is 798.4485 MW, indicating some variability but not extreme fluctuations.

Now, the calendar and time features are interesting. The forecast origin is at 20:00 on 2026-08-24. The hour is 20, which is 8 PM. The day of week is Monday (0), and the month is August (8). The hour encoding shows that it's 8 PM, which in sine and cosine terms is -0.8660 for sine and 0.5000 for cosine. The day of week encoding is 0.0000 for sine and 1.0000 for cosine, indicating it's a Monday.

The forecast doesn't account for weekends or holidays, so since it's a Monday, those flags are 0. The hour_x_weekend is also",1409,ok,
LIVE_PT_h24_21,deepseek_r1_qwen_7b,deepseek-ai/DeepSeek-R1-Distill-Qwen-7B,,"Okay, so I'm trying to figure out why the predicted electricity demand for Portugal at t+24h is 6789.6 MW. Let me start by looking at the input features provided.

First, the recent demand history shows that the demand has been decreasing over the past 24 hours. The lag_1h is 6923.1 MW, which is higher than the current prediction. Then it goes down to 6759.8 MW at lag_2h, 6270.1 MW at lag_6h, 6193.2 MW at lag_12h, 5897.7 MW at lag_24h, and 6100.6 MW at lag_48h. So, the demand has been dropping, especially in the last 24 hours. That might indicate a trend downwards, which could be a reason for the lower prediction.

Next, the rolling mean over 24h is 5723.5 MW, which is lower than the current prediction. The rolling max is 6923.1 MW, which is the same as the lag_1h. That suggests that the peak demand in the past 24h was at the very beginning, which is just before the forecast origin. So, the peak was recently, and since then, demand has been decreasing.

Looking at the calendar features, the forecast origin is on a Monday (dayofweek: 0). The hour is 21, which is 9 PM. The sine and cosine values for hour are -0.7071 and 0.7071, respectively. These values suggest that it's around 9 PM, which is in the evening, so demand might be lower than peak times.

The month is August (month:8), which is a relatively busy month in Europe, but",1348,ok,
LIVE_PT_h24_22,deepseek_r1_qwen_7b,deepseek-ai/DeepSeek-R1-Distill-Qwen-7B,,"Okay, so I need to figure out why the predicted electricity demand for Portugal at t+24h is 6279.9 MW. Let me start by looking at the input features provided.

First, the recent demand history shows that the demand has been steadily increasing. The lag_1h is 6622.8 MW, which is higher than the previous values like lag_2h (6923.1 MW) and lag_6h (6283.2 MW). This suggests that demand is rising over the past few hours. The rolling mean over 24h is 5753.7 MW, which is lower than the predicted demand, indicating that the recent trend is upwards.

Looking at the calendar and time features, the forecast origin is at 22:00 on a Monday in week 35 of 2026. It's not a weekend, so the weekend flag is 0. The hour encoding shows that it's 10 PM, with sin and cos values indicating it's near midnight. The hour features also show that the time of day is in the evening, which might correlate with higher demand as people use more electricity at night.

The generation levels show that wind is the main contributor, with onshore wind at 2590 MW. Gas and hydro are also significant, contributing 680 MW and 517 MW respectively. Other sources like solar and coal are much lower, which makes sense given the time of day and the forecasted demand.

The generation mix shares tell me that wind is the largest contributor at 38%, followed by hydro at 13%, and renewables at 56%. This mix suggests a high reliance on variable renewable sources, which might be why the demand is moderate but steady.

Rolling max and min over 24h show that the peak demand was 6923 MW, which is",1563,ok,
LIVE_PT_h24_23,deepseek_r1_qwen_7b,deepseek-ai/DeepSeek-R1-Distill-Qwen-7B,,"Okay, so I need to figure out why the predicted electricity demand for Portugal at t+24h is 5758.7 MW. Let me start by looking at the input features provided.

First, the recent demand history shows that the demand has been steadily increasing. The lag_1h is 6132.9 MW, which is higher than the 24h average of 5775.9 MW. This suggests that demand is rising over the past 24 hours. The rolling mean over 24h is 5775.9, which is close to the predicted demand. The rolling max is 6923.1 MW, indicating that demand can peak higher than the current prediction.

Looking at the calendar features, the forecast origin is on a Friday (dayofweek=0) at 11 PM. It's not a weekend, so is_weekend is 0. The hour is 23, which is 11 PM, so hour_sin is negative and hour_cos is positive, typical for late evening. The month is August, which is a relatively high demand month, and the year is 2026, which might have different seasonal patterns compared to previous years.

Generation levels show that wind is the main contributor, with 2219.9 MW from onshore wind. Gas and hydro also contribute significantly, with gas at 688.7 MW and hydro from both reservoirs and river sources adding up to 561.5 MW. Other sources like biomass and pumped storage are present but not dominant.

The generation mix shares show that wind is the largest contributor at 42.18%, followed by hydro at 10.66%, and renewables at 59.13%. Fossil fuels, including gas, are less represented at 13.08%. This mix suggests a strong reliance on renewables and",1511,ok,
LIVE_PT_h24_24,deepseek_r1_qwen_7b,deepseek-ai/DeepSeek-R1-Distill-Qwen-7B,,"Okay, so I need to figure out why the predicted electricity demand for Portugal at t+24h is 5396.4 MW. Let me start by looking at the input features provided.

First, the recent demand history shows that the demand has been increasing over the past 24 hours. The lag_1h is 5626.8 MW, which is higher than the previous values like lag_2h (6132.9 MW) and lag_6h (6359.3 MW). Wait, no, actually, the numbers are decreasing as the lag increases. Hmm, that's a bit confusing. Let me check: lag_1h is 5626.8, lag_2h is 6132.9, which is higher, then lag_6h is 6359.3, lag_12h is 6534.0, and lag_24h is 4975.0. Oh, so the demand was higher 2 hours ago than 1 hour ago, but then it peaks at 6534 MW 12 hours ago and drops to 4975 MW 24 hours ago. So the most recent hour (lag_1h) is 5626.8 MW, which is lower than the 12-hour lag but higher than the 24-hour lag.

Next, the rolling mean over 24 hours is 5791.28 MW, which is higher than the predicted demand of 5396.4 MW. That suggests that on average, the demand has been higher than the forecast. But the rolling mean over 168 hours (7 days) is 5740.01 MW, which is slightly lower than the 24-hour mean. So the recent 24-hour average",1176,ok,
LIVE_IE_h24_01,deepseek_r1_qwen_7b,deepseek-ai/DeepSeek-R1-Distill-Qwen-7B,,"Okay, so I'm trying to figure out why the predicted electricity demand for Ireland 24 hours after the forecast origin is 3296.8 MW. Let me start by looking at the input features provided.

First, the recent demand history shows that the demand has been steadily increasing. The lag_1h is 3369.1955 MW, which is just a bit lower than the predicted demand. Then, lag_2h is 3512.3615 MW, lag_6h is 3931.2555 MW, lag_12h is 3538.2765 MW, lag_24h is 3375.3640 MW, lag_48h is 3416.7940 MW, and lag_168h is 3311.1445 MW. It seems like the demand has been rising over the past week, with the highest value in the past 24 hours.

Looking at the rolling statistics, the rolling mean over 24 hours is 3534.5144 MW, which is higher than the predicted demand. The rolling max over 24 hours is 3962.8875 MW, which is much higher than the predicted value. This suggests that there was a peak in demand recently, which might be influencing the forecast.

The calendar and time features show that the forecast origin is at 00:00 on August 24, 2026. The hour is 1, which is midnight. The day of week is 0 (Monday), month is 8 (August), year is 2026, quarter is 3 (September), day of year is 236, week of year is 35, is_weekend is",1211,ok,
LIVE_IE_h24_02,deepseek_r1_qwen_7b,deepseek-ai/DeepSeek-R1-Distill-Qwen-7B,,"Okay, so I need to figure out why the predicted electricity demand for Ireland 24 hours after the forecast origin is 3291.3 MW. Let me start by looking at the input features provided.

First, the recent demand history shows that the demand has been steadily increasing. The lag_1h is 3250.7 MW, which is just a bit below the predicted 3291.3 MW. Then, lag_2h is 3369.1955 MW, which is higher than the predicted value. Lag_6h is 3945.85 MW, which is much higher, and it keeps increasing with lag_12h at 3419.312 MW and lag_24h at 3375.2215 MW. So, the demand has been rising over the past 24 hours, which might indicate that the trend is continuing into the future.

Looking at the rolling statistics, the rolling mean over 24 hours is 3529.3211 MW, which is higher than the predicted demand. The rolling max is 3962.8875 MW, which is the highest point in the past 24 hours. The rolling min is 3192.065 MW, which is lower than the predicted value. The standard deviation is 232.8902 MW, showing some variability but not extreme values.

Now, the calendar and time features: the forecast origin is at 01:00:00 on 2026-08-24. The hour is 2, which is 2 AM. The day of week is 0, a Monday. The month is 8, which is August. The year is 2026, a leap year. The quarter is",1263,ok,
LIVE_IE_h24_03,deepseek_r1_qwen_7b,deepseek-ai/DeepSeek-R1-Distill-Qwen-7B,,"Okay, so I need to figure out why the predicted electricity demand for Ireland 24 hours after the forecast origin is 3305.9 MW. Let me start by looking at the input features provided.

First, the recent demand history shows that the demand has been steadily increasing. The lag_1h is 3255.149 MW, which is lower than the predicted 3305.9 MW. Then, lag_2h is 3250.726 MW, lag_6h is 3962.8875 MW, lag_12h is 3373.795 MW, lag_24h is 3328.45 MW, lag_48h is 3386.867 MW, and lag_168h is 3307.5445 MW. Wait, so the most recent hour (lag_1h) is the lowest, but the 24-hour average (lag_24h) is 3328 MW, which is close to the predicted value. The 48-hour average is a bit higher at 3386 MW, and the 168-hour average is 3307 MW. So the recent 24-hour average is a good indicator, but the 48-hour average is slightly higher. That might suggest that demand is increasing over time, but not by much.

Next, the rolling statistics: rolling_mean_24h is 3524.3181 MW, which is higher than the predicted demand. rolling_max_24h is 3962.8875 MW, which is the highest demand in the past 24 hours. rolling_min_24h is 3192.065 MW. The",1114,ok,
LIVE_IE_h24_04,deepseek_r1_qwen_7b,deepseek-ai/DeepSeek-R1-Distill-Qwen-7B,,"Okay, so I need to figure out why the predicted electricity demand for Ireland 24 hours after the forecast origin is 3297.8 MW. Let me start by looking at the input features provided.

First, the recent demand history shows that the demand has been steadily increasing. The lag_1h is 3229.93 MW, which is lower than the predicted 3297.8 MW. Then, lag_2h is 3255.15 MW, lag_6h is 3740.67 MW, lag_12h is 3443.84 MW, lag_24h is 3328.45 MW, lag_48h is 3297.57 MW, and lag_168h is 3239.07 MW. It looks like the demand has been rising over the past few hours, with the highest value in the past 24 hours. This might indicate that the demand is increasing, so the model predicts a slightly higher value than the immediate past hour.

Next, the rolling statistics are interesting. The rolling mean over 24 hours is 3520.21 MW, which is higher than the predicted demand. The rolling max over 24 hours is 3962.89 MW, which is much higher than the predicted value. This suggests that there was a peak demand within the past 24 hours, possibly due to high temperatures or increased heating demand. The rolling min is 3192.07 MW, which is lower than the predicted demand, indicating variability in demand.

Looking at the calendar and time features, the forecast origin is at 4 AM on a Monday in August 2026. August is a relatively warm month, so higher temperatures could contribute to increased electricity demand, especially for heating",1426,ok,
LIVE_IE_h24_05,deepseek_r1_qwen_7b,deepseek-ai/DeepSeek-R1-Distill-Qwen-7B,,"Okay, so I need to figure out why the predicted electricity demand for Ireland 24 hours after the forecast origin is 3302.1 MW. Let me start by looking at the input features provided.

First, the recent demand history shows that the demand has been steadily increasing. The lag_1h is 3168.8375 MW, which is lower than the current prediction. Then, lag_2h is 3229.9325, lag_6h is 3512.3615, lag_12h is 3602.1740, lag_24h is 3192.0650, lag_48h is 3276.4165, and lag_168h is 3265.0565. It seems like the demand has been rising over the past week, with the highest value in the past 24 hours.

Looking at the rolling statistics, the rolling mean over 24 hours is 3513.5627 MW, which is higher than the predicted demand. The rolling max is 3962.8875 MW, which is the peak in the past 24 hours. The rolling min is 3168.8375, which matches the lag_1h value. The standard deviation is 249.5054 MW, indicating some variability but not extreme highs or lows.

Now, the calendar and time features: the forecast origin is at 04:00 on 2026-08-24. The hour is 5, which is 5 AM. The day of week is 0 (Monday), month is 8 (August), year is 2026, quarter is 3 (",1144,ok,
LIVE_IE_h24_06,deepseek_r1_qwen_7b,deepseek-ai/DeepSeek-R1-Distill-Qwen-7B,,"Okay, so I need to figure out why the predicted electricity demand for Ireland 24 hours after the forecast origin is 3592.7 MW. Let me start by looking at the input features provided.

First, the recent demand history shows that the demand has been fluctuating. The most recent 1-hour demand was 3201.89 MW, which is lower than the predicted 3592.7 MW. The 24-hour average is 3201.91 MW, which is also lower than the forecast. The rolling mean over 168 hours is 3799.82 MW, which is higher than the predicted value. So, the recent 24-hour average is lower, but the longer-term average is higher. That might suggest that the demand is trending towards the higher average, but there's some recent variability.

Looking at the rolling max and min, the peak was 3962.89 MW, which is higher than the predicted demand. The minimum was 3168.84 MW, which is lower. So, the demand has been quite variable, with a peak recently and a trough in the past 24 hours. The standard deviation is 248.96 MW, which indicates moderate variability.

The calendar features are interesting. The forecast origin is on a Wednesday (dayofweek 0). The hour is 6, which is 6 AM. The sine and cosine for hour are both 1, which makes sense for 6 AM. The month is August (month 8), and the sine and cosine for month are -0.866 and -0.5, which probably represent the position in the year. The day of year is 236, and the week of year is 35. It's not a weekend, so is_weekend is 0, and it's not",1461,ok,
LIVE_IE_h24_07,deepseek_r1_qwen_7b,deepseek-ai/DeepSeek-R1-Distill-Qwen-7B,,"Okay, so I need to figure out why the predicted electricity demand for Ireland 24 hours after the forecast origin is 3960.6 MW. Let me start by looking at the input features provided.

First, the recent demand history shows that the demand has been steadily increasing. The lag_1h is 3399.3 MW, lag_2h is 3201.89 MW, and it keeps going up to lag_24h at 3290.92 MW. That's a clear upward trend over the past 24 hours. The rolling mean over 24h is 3522.1974 MW, which is lower than the predicted demand, suggesting that the recent trend might be continuing or even increasing further.

Looking at the rolling max, it's 3962.8875 MW, which is very close to the predicted demand. That makes me think that the peak demand in the past 24 hours is almost the same as what's being predicted. So maybe the model is expecting a peak or sustained demand.

The calendar features are also important. The forecast origin is on a Thursday (dayofweek=0). The hour is 7, which is 7 AM. The sine and cosine values for hour are 0.9659 and -0.2588, which correspond to 7 AM. The month is August (month=8), and the sine and cosine values are -0.8660 and -0.5000, which point towards the middle of the summer months. Since it's a Thursday, it's not a weekend, so is_weekend is 0. There's no holiday either, so is_holiday is 0. The hour_sin and hour_cos suggest it's early in the morning, so maybe people are still at home, but the time of day",1420,ok,
LIVE_IE_h24_08,deepseek_r1_qwen_7b,deepseek-ai/DeepSeek-R1-Distill-Qwen-7B,,"Okay, so I need to figure out why the predicted electricity demand for Ireland 24 hours after the forecast origin is 4186.4 MW. Let me start by looking at the input features provided.

First, the recent demand history shows that the demand has been decreasing over the past 24 hours. The lag_1h is 3758.4935 MW, which is higher than the lag_24h of 3466.6920 MW. This suggests that demand is dropping, but it's still relatively high. The rolling mean over 24 hours is 3541.6796 MW, which is lower than the predicted demand, indicating that the recent trend is downward.

Looking at the rolling max and min, the peak was 3962.8875 MW, which is higher than the predicted demand. This might mean that the demand could peak again, but the forecast is predicting a slight decrease. The standard deviation is 240.7388 MW, which isn't too high, so the demand isn't fluctuating wildly.

The calendar features show that the forecast origin is on a weekday (dayofweek 0, which is Monday), not a weekend. It's in August, which is a relatively hot month, so maybe that affects cooling demand. The hour is 8, which is 8 AM, so the sine and cosine values for hour reflect that time of day. The month encoding suggests August, which might have longer daylight hours, increasing cooling needs.

The generation levels show that wind is contributing 416.958 MW, gas is 978.226 MW, coal is 0, hydro is 0, pumped storage is 9.482 MW, oil is 233.975 MW, other is 11.197 MW,",1451,ok,
LIVE_IE_h24_09,deepseek_r1_qwen_7b,deepseek-ai/DeepSeek-R1-Distill-Qwen-7B,,"Okay, so I need to figure out why the predicted electricity demand for Ireland 24 hours after the forecast origin is 4218.9 MW. Let me start by looking at the input features provided.

First, the recent demand history shows that the demand has been decreasing over the past 24 hours. The lag_1h is 4008.7 MW, which is higher than the current prediction. Then it goes down to 3758.4935 for lag_2h, 3229.9325 for lag_6h, 3962.8875 for lag_12h, 3626.9320 for lag_24h, 3823.5565 for lag_48h, and 4295.2425 for lag_168h. So, the most recent hour before the forecast origin had the highest demand, and it's been dropping since then.

Looking at the rolling statistics, the rolling mean over 24 hours is 3564.2635 MW, which is lower than the predicted demand. The rolling max is 4008.7050 MW, which is the same as the lag_1h. The rolling min is 3168.8375 MW, so the demand hasn't gone below that in the past 24 hours. The standard deviation is 258.1891 MW, indicating some variability but not extreme highs or lows.

Now, the calendar and time features: the forecast origin is at 08:00 on 2026-08-24. The hour is 9, which is 9 AM. The day of week is 0, which is Monday. The month is 8, which",1184,ok,
LIVE_IE_h24_10,deepseek_r1_qwen_7b,deepseek-ai/DeepSeek-R1-Distill-Qwen-7B,,"Okay, so I need to figure out why the predicted electricity demand for Ireland 24 hours after the forecast origin is 4222.5 MW. Let me start by looking at the input features provided.

First, the recent demand history shows that the demand has been decreasing over the past 24 hours. The lag_1h is 4101.3220 MW, which is lower than the current prediction. The lag_24h is 3692.7955 MW, which is the lowest in the recent past. This might indicate a downward trend, so the model is probably expecting a slight increase but not a huge jump.

Rolling statistics are also important. The rolling_mean_24h is 3584.0297 MW, which is lower than the predicted demand. The rolling_max_24h is 4101.3220 MW, which is the same as the lag_1h. This suggests that the peak demand in the past 24 hours was at the very beginning of the forecast period. The rolling_min is 3168.8375 MW, which is the lowest point. The standard deviation is 280.3992 MW, indicating some variability but not extreme fluctuations.

Looking at the calendar and time features, the forecast origin is on a Tuesday (dayofweek 0) at 10 AM. The hour_sin and hour_cos values are 0.5 and -0.866, respectively. These values suggest it's mid-morning, so the demand might be lower than peak times. The month is August, which is a relatively quiet month, so demand might be lower. The year is 2026, but without knowing the exact month, it's hard to say, but August is typically moderate.

The hour_x_weekend is 0, so",1463,ok,
LIVE_IE_h24_11,deepseek_r1_qwen_7b,deepseek-ai/DeepSeek-R1-Distill-Qwen-7B,,"Okay, so I need to figure out why the predicted electricity demand for Ireland 24 hours after the forecast origin is 4117.3 MW. Let me start by looking at the input features provided.

First, the recent demand history shows that the demand has been steadily increasing. The lag_1h is 3935.956 MW, which is just a bit less than the predicted demand. Then it goes up to 4101.322 MW two hours ago, which is very close to the forecast. The 6-hour and 12-hour lags are also increasing, peaking at 3695.2445 MW for the 24-hour lag. The 48-hour and 168-hour averages are around 3803 and 3795 MW, respectively, which are lower than the recent peaks but still support the idea that demand is rising.

Looking at the rolling statistics, the rolling_max_24h is 4101.322 MW, which is the same as the 2-hour lag. That suggests that the peak demand in the past 24 hours was at 2 hours before the forecast origin. The rolling_min_24h is 3168.8375 MW, which is lower than the predicted demand, indicating variability in demand over the past day.

The calendar features are also important. The forecast origin is on a Tuesday (dayofweek=0), which is a weekday, not a weekend. The hour is 11, which is in the evening. The sine and cosine values for hour are 0.2588 and -0.9659, respectively. These values place the hour in the evening, which makes sense for higher demand as people use more electricity at night.

The month is August (month=8), which is a peak month for",1452,ok,
LIVE_IE_h24_12,deepseek_r1_qwen_7b,deepseek-ai/DeepSeek-R1-Distill-Qwen-7B,,"Okay, so I need to figure out why the predicted electricity demand for Ireland 24 hours after the forecast origin is 4105.4 MW. Let me start by looking at the input features provided.

First, the recent demand history shows that the demand has been decreasing over the past 24 hours. The lag_1h is 3824.77 MW, which is lower than the current prediction. The lag_24h is 3623.8175 MW, which is the lowest among the recent history. This might indicate a downward trend, but the predicted demand is higher than the lag_24h. Maybe there's a recovery expected.

Looking at the rolling statistics, the rolling_mean_24h is 3599.55 MW, which is lower than the predicted demand. The rolling_max_24h is 4101.32 MW, very close to the predicted value. This suggests that the peak demand in the past 24 hours was almost the same as the forecast. The rolling_min is 3168.8375 MW, which is much lower, but the max is almost matching the prediction, so perhaps the model expects a peak similar to the historical maximum.

Calendar features show it's the 12th hour of the day, which is noon. The hour_sin is 0 and hour_cos is -1, which makes sense for noon. The day is a Monday (dayofweek 0), not a weekend, and not a holiday. The hour_x_weekend is 0, so no interaction effect there. The month is August (month 8), which is in the middle of the year. The month_sin and cos are negative, which might indicate it's in the latter half of the year. The day_of_year is 236, so about mid-August. The week_of_year is",1491,ok,
LIVE_IE_h24_13,deepseek_r1_qwen_7b,deepseek-ai/DeepSeek-R1-Distill-Qwen-7B,,"Okay, so I need to figure out why the predicted electricity demand for Ireland 24 hours after the forecast origin is 4038.2 MW. Let me start by looking at the input features provided.

First, the recent demand history shows that the demand has been steadily increasing. The lag_1h is 3757.1655 MW, which is lower than the predicted demand. Then, lag_2h is 3824.7720, lag_6h is 3758.4935, lag_12h is 3250.7260, lag_24h is 3538.2765, lag_48h is 3644.5460, and lag_168h is 4046.5820. So, the most recent hour before the forecast is 3757 MW, and the average over the past 168 hours is 4046 MW. The predicted demand is 4038.2 MW, which is slightly lower than the 168-hour average but higher than the most recent hour.

Next, the rolling statistics: the 24-hour average is 3605.1104 MW, and the 168-hour average is 3790.8622 MW. The peak demand in the past 24 hours was 4101.3220 MW, which is higher than the predicted demand. The minimum was 3168.8375 MW. So, the predicted demand is within the range of the recent demand data.

Looking at the calendar and time features, the forecast origin is at 13:00 on 2026-08-24. The hour is",1125,ok,
LIVE_IE_h24_14,deepseek_r1_qwen_7b,deepseek-ai/DeepSeek-R1-Distill-Qwen-7B,,"Okay, so I need to figure out why the predicted electricity demand for Ireland 24 hours after the forecast origin is 3990.1 MW. Let me start by looking at the input features provided.

First, the recent demand history shows that the demand has been steadily increasing. The lag_1h is 3751.35 MW, which is lower than the predicted demand. Then, lag_2h is 3757.17 MW, lag_6h is 4008.71 MW, lag_12h is 3255.15 MW, lag_24h is 3419.31 MW, lag_48h is 3521.15 MW, and lag_168h is 4007.68 MW. It seems like the demand is rising as we go further back in time, especially in the past 24 and 48 hours.

The rolling mean over 24 hours is 3613.99 MW, which is lower than the predicted demand. The rolling max over 24 hours is 4101.32 MW, which is higher than the predicted value. This suggests that the demand has spiked recently, possibly due to high temperatures or increased heating demand.

Looking at the calendar and time features, the forecast origin is at 14:00 on a Monday (dayofweek 0). The hour encoding shows that it's 2 PM, with both hour_sin and hour_cos being negative. This indicates that it's in the afternoon. The month is August, which is a relatively hot month, so higher demand for cooling or heating might be expected. The year is 2026, but I don't think that affects the demand directly.

The generation levels show that wind is contributing 620.58 MW",1361,ok,
LIVE_IE_h24_15,deepseek_r1_qwen_7b,deepseek-ai/DeepSeek-R1-Distill-Qwen-7B,,"Okay, so I need to figure out why the predicted electricity demand for Ireland 24 hours after the forecast origin is 4061.8 MW. Let me start by looking at the input features provided.

First, the recent demand history shows that the demand has been steadily increasing. The lag_1h is 3734.458 MW, which is lower than the predicted demand. Then, lag_2h is 3751.353, lag_6h is 4101.322, lag_12h is 3229.9325, lag_24h is 3373.795, lag_48h is 3502.47, and lag_168h is 4120.189. It looks like the demand has been rising over the past week, especially in the last few hours. So, the model might be picking up this trend.

Next, the rolling statistics. The rolling mean over 24 hours is 3627.1197 MW, and over 168 hours (a week) it's 3787.4786 MW. The peak demand in the past 24 hours was 4101.322 MW, which is higher than the predicted value. That suggests that the model is aware of a peak that occurred recently, but the demand is slightly lower now. Maybe it's expecting a slight decrease or stabilization.

Looking at the calendar and time features, the forecast origin is at 15:00 on 2026-08-24. The hour is 15, which is 3 PM. The day of the week is Monday (0), and the month is August (8). The year is 2026, quarter",1215,ok,
LIVE_IE_h24_16,deepseek_r1_qwen_7b,deepseek-ai/DeepSeek-R1-Distill-Qwen-7B,,"Okay, so I need to figure out why the predicted electricity demand for Ireland 24 hours after the forecast origin is 4139.8 MW. Let me start by looking at the input features provided.

First, the recent demand history shows that the demand has been decreasing over the past 24 hours. The lag_1h is 3759.87 MW, which is higher than the lag_24h of 3443.84 MW. This suggests that demand is dropping as we go further back in time. The rolling mean over 24 hours is 3643.21 MW, which is lower than the predicted demand. The rolling max is 4101.32 MW, which is close to the predicted value, indicating that the peak demand in the past 24 hours was almost the same as the forecast. The rolling min is 3168.84 MW, which is much lower, showing that demand can vary quite a bit.

Looking at the calendar and time features, the forecast origin is on a Wednesday (dayofweek 0) at 4 PM (hour 16). It's not a weekend or a holiday, so those flags are zero. The hour encoding shows that it's 4 PM, which in sine and cosine terms is around -0.866 for both, which makes sense because 4 PM is in the late afternoon, so the sine would be negative and cosine also negative, indicating the time of day.

The generation levels show that wind is contributing 647 MW, gas 434 MW, coal is zero, hydro is 3.94 MW, pumped storage is zero, oil is 170.73 MW, other sources are zero, and peat is 100.73 MW. Total generation is 1356.63 MW. The",1411,ok,
LIVE_IE_h24_17,deepseek_r1_qwen_7b,deepseek-ai/DeepSeek-R1-Distill-Qwen-7B,,"Okay, so I need to figure out why the predicted electricity demand for Ireland 24 hours after the forecast origin is 4189.7 MW. Let me start by looking at the input features provided.

First, the recent demand history shows that the demand has been decreasing over the past 24 hours. The lag_1h is 3889.5 MW, which is higher than the lag_24h of 3602.17 MW. That suggests that demand is dropping as we go further back in time. The rolling mean over 24 hours is 3661.78 MW, which is lower than the predicted demand. The rolling max is 4101.32 MW, which is close to the predicted value, indicating that the peak demand in the past 24 hours was almost the same as the forecast. The rolling min is 3168.84 MW, which is much lower, so the demand varies quite a bit.

Looking at the calendar and time features, the forecast origin is on a Thursday (dayofweek 3) in week 35, which is a non-weekend and not a holiday. The hour is 17, which is 5 PM, so in Europe, that's in the evening. The sine and cosine values for hour are both negative, which makes sense for 5 PM as it's in the evening. The month is August (month 8), which is in the middle of summer, so higher temperatures might lead to higher demand. The day of year is 236, so it's about halfway through the year, and the week of year is 35, which is a mid-week ISO week.

Generation-wise, wind is a significant contributor, with wind generation lag1h at 644 MW, which is almost a quarter of the total generation. Gas is the second largest, contributing",1503,ok,
LIVE_IE_h24_18,deepseek_r1_qwen_7b,deepseek-ai/DeepSeek-R1-Distill-Qwen-7B,,"Okay, so I need to figure out why the predicted electricity demand for Ireland 24 hours after the forecast origin is 4334.1 MW. Let me start by looking at the input features provided.

First, the recent demand history shows that the demand has been decreasing over the past 24 hours. The lag_1h is 4173.7265 MW, which is higher than the current prediction. Then it goes down to 3889.5280 MW at lag_2h, and continues to lag further. The lag_24h is 3790.7710 MW, which is the lowest in the history provided. This suggests that demand has been dropping over the past day, which might indicate a trend towards lower demand.

Looking at the rolling statistics, the rolling mean over 24 hours is 3685.5913 MW, which is lower than the current prediction. The rolling max is 4173.7265 MW, which is the same as the lag_1h. That makes sense because the lag_1h is the highest in the history. The rolling min is 3168.8375 MW, which is quite a bit lower than the predicted demand. The standard deviation is 307.5839 MW, indicating some variability but not extreme highs or lows.

Now, the calendar and time features: the forecast origin is at 18:00 on 2026-08-24. The hour is 18, which is 6 PM. The day of week is 0, which is Monday. The month is 8, which is August. The year is 2026, quarter is 3 (which is Q3, July-September), day of year is 236, and week of",1347,ok,
LIVE_IE_h24_19,deepseek_r1_qwen_7b,deepseek-ai/DeepSeek-R1-Distill-Qwen-7B,,"Okay, so I need to figure out why the predicted electricity demand for Ireland 24 hours after the forecast origin is 4273.6 MW. Let me start by looking at the input features provided.

First, the recent demand history shows that the demand has been relatively stable in the past 24 hours. The lag_1h, lag_2h, lag_6h, lag_12h, lag_24h, and lag_48h are all around 4173-4429 MW. The rolling mean over 24h is 3701.55 MW, which is lower than the recent demand, indicating that the demand hasn't been consistently high. The rolling max is 4173.73 MW, which is the same as the recent 1h demand, so the peak hasn't changed much.

Looking at the calendar features, the forecast origin is on a Saturday (is_weekend=0, but wait, no, is_weekend is 0 for weekdays, so if it's Saturday, it should be 1. Wait, maybe I misread. Let me check: the user says is_weekend is 0 for weekdays, so 1 for weekends. So if the day is Saturday, is_weekend should be 1. But in the data, it's 0. Hmm, maybe it's a typo or mistake. Alternatively, perhaps the data is correct, and the day is a weekday. Wait, the hour is 19, which is 7 PM. If the dayofweek is 0, that's Monday. So the forecast origin is on a Monday at 7 PM. So it's a weekday, not a weekend. That makes sense because the is_weekend is 0. So that's a weekday.

The hour features: hour is 19, which is 7 PM. The sine and cosine",1359,ok,
LIVE_IE_h24_20,deepseek_r1_qwen_7b,deepseek-ai/DeepSeek-R1-Distill-Qwen-7B,,"Okay, so I need to figure out why the predicted electricity demand for Ireland 24 hours after the forecast origin is 4295.0 MW. Let me start by looking at the input features provided.

First, the recent demand history shows that the demand has been decreasing over the past 24 hours. The lag_1h is 4365.42 MW, which is higher than the current prediction. Then it goes down to 4173.73 MW at lag_2h, 3734.46 MW at lag_6h, 4008.71 MW at lag_12h, 3945.85 MW at lag_24h, 3987.11 MW at lag_48h, and 4295.64 MW at lag_168h. So, the most recent hour before the forecast origin had the highest demand, and it's been dropping since then. This might indicate that demand is stabilizing or perhaps peaking at that recent hour.

Looking at the rolling statistics, the rolling mean over 24 hours is 3719.64 MW, which is lower than the current prediction. The 168-hour rolling mean is 3780.16 MW, also lower. The rolling max is 4365.42 MW, which was the demand just before the forecast origin. The rolling min is 3168.84 MW, which is much lower, but that's probably from earlier in the past. The standard deviation is 347.49 MW, showing some variability but not extreme highs or lows.

Now, the calendar and time features: the forecast origin is at 20:00 on 2026-08-24. The hour is 20,",1270,ok,
LIVE_IE_h24_21,deepseek_r1_qwen_7b,deepseek-ai/DeepSeek-R1-Distill-Qwen-7B,,"Okay, so I need to figure out why the predicted electricity demand for Ireland 24 hours after the forecast origin is 4195.2 MW. Let me start by looking at the input features provided.

First, the recent demand history shows that the demand has been steadily decreasing. The lag_1h is 4324.54 MW, which is higher than the predicted demand. Then it goes down to 4365.42 MW at lag_2h, 3759.87 MW at lag_6h, 4101.32 MW at lag_12h, 3962.89 MW at lag_24h, 3981.52 MW at lag_48h, and 4242.41 MW at lag_168h. So, the most recent hour (lag_1h) has the highest demand, and it's decreasing over time. This might indicate a downward trend, which could be a reason for the lower predicted demand.

Next, the rolling statistics. The rolling mean over 24 hours is 3735.42 MW, which is lower than the predicted demand. The rolling mean over 168 hours (7 days) is 3780.33 MW, also lower. The rolling max is 4365.42 MW, which is the same as the lag_2h value. The rolling min is 3168.84 MW, which is much lower. The standard deviation is 366.29 MW, showing some variability but not extreme highs or lows.

Looking at the calendar and time features, the forecast origin is at 21:00 on a Monday in August 2026. The hour encoding is -0.7071 for sin and 0",1232,ok,
LIVE_IE_h24_22,deepseek_r1_qwen_7b,deepseek-ai/DeepSeek-R1-Distill-Qwen-7B,,"Okay, so I need to figure out why the predicted electricity demand for Ireland 24 hours after the forecast origin is 3947.8 MW. Let me start by looking at the input features provided.

First, the recent demand history shows that the demand has been relatively stable, with values around 4300 MW in the last 24 hours. The lag_1h and lag_2h are both 4324.54 MW, which suggests that demand hasn't changed much recently. Then, it drops a bit to 3889.53 MW at lag_6h, 3935.96 MW at lag_12h, and then slightly lower again at lag_24h (3740.67 MW). So, the demand has been decreasing over the past 24 hours.

Looking at the rolling statistics, the 24-hour average is 3750.49 MW, which is lower than the more recent values. The 168-hour average is 3780.82 MW, indicating that demand has been fairly stable over the past week. The peak demand in the past 24 hours was 4365.42 MW, which is higher than the current prediction, so the model might expect some variability.

The calendar features are also important. The forecast origin is on a Friday (dayofweek 0), so the next day is Saturday (dayofweek 1). The hour is 22, which is 10 PM. The hour encoding shows that it's 10 PM, which is in the evening. The weekend flag is 0, so it's a weekday. The hour interaction with weekend is 0, which makes sense since it's a weekday.

The month is August (month 8), which is towards the end of the summer. The year is",1398,ok,
LIVE_IE_h24_23,deepseek_r1_qwen_7b,deepseek-ai/DeepSeek-R1-Distill-Qwen-7B,,"Okay, so I need to figure out why the predicted electricity demand for Ireland 24 hours after the forecast origin is 3729.5 MW. Let me start by looking at the input features provided.

First, the recent demand history shows that the demand has been decreasing over the past 24 hours. The lag_1h is 3982.585 MW, which is higher than the current prediction. Then it goes down to 4324.540 MW at lag_2h, 4173.7265 at lag_6h, 3824.772 at lag_12h, 3512.3615 at lag_24h, and even lower at lag_48h and lag_168h. So, the demand has been dropping each hour, which might indicate a trend towards lower demand ahead.

Looking at the rolling statistics, the rolling mean over 24 hours is 3760.5653 MW, and over 168 hours (a week) it's 3780.6984 MW. The peak demand in the past 24 hours was 4365.4205 MW, which is much higher than the current prediction. The minimum was 3168.8375 MW. So, the current prediction is somewhere in the middle of recent demand levels.

The calendar features are also important. The forecast origin is on a Friday (dayofweek 0) at 11 PM. The hour encoding shows that it's 23, which is 11 PM. The hour_sin is -0.2588 and hour_cos is 0.9659. These values make sense for 11 PM, as sine would be negative (since it's in the",1233,ok,
LIVE_IE_h24_24,deepseek_r1_qwen_7b,deepseek-ai/DeepSeek-R1-Distill-Qwen-7B,,"Okay, so I need to figure out why the predicted electricity demand for Ireland 24 hours after the forecast origin is 3544.8 MW. Let me start by looking at the input features provided.

First, the recent demand history shows that the demand has been steadily increasing. The lag_1h is 3683.8 MW, which is higher than the previous values like lag_2h at 3982.58 MW. Wait, that seems a bit confusing because usually, demand might fluctuate, but here it's increasing. Maybe it's a typo or I'm misunderstanding. Let me check the numbers again. Lag_1h is 3683.8, lag_2h is 3982.58, which is higher than lag_1h. Hmm, that's a rise of about 300 MW in the last hour. Then lag_6h is 4173.72, which is even higher. So the demand is increasing over the past 6 hours. That could indicate a trend, maybe due to heating in the colder months or increased usage as the day progresses.

Next, the rolling mean over 24 hours is 3767.71 MW, which is lower than the predicted demand of 3544.8 MW. Wait, that's actually lower. So the average demand over the past day was 3767 MW, but the model predicts a bit less than that. That's interesting. Maybe the model is expecting a slight decrease from the recent trend.

Looking at the calendar features, the forecast origin is at 2026-08-24 23:00:00. So the hour is 0, which is midnight. That's the end of the day. The day of the week is 1, which is Monday. August is month 8",1398,ok,
