case_id,country_code,country_name,model,horizon,forecast_origin,target_timestamp,actual_MW,predicted_MW,rank,feature,feature_value,shap_value,shap_abs,direction
DE_20260824_0000,DE,Germany,LightGBM,24,2026-08-24 00:00:00+00:00,2026-08-25 00:00:00+00:00,40409.94355,39447.64101352244,1,month,8.0,-9091.244675812937,9091.244675812937,-
DE_20260824_0000,DE,Germany,LightGBM,24,2026-08-24 00:00:00+00:00,2026-08-25 00:00:00+00:00,40409.94355,39447.64101352244,2,lag_48h,37576.9980825,-2145.6366154807984,2145.6366154807984,-
DE_20260824_0000,DE,Germany,LightGBM,24,2026-08-24 00:00:00+00:00,2026-08-25 00:00:00+00:00,40409.94355,39447.64101352244,3,is_weekend,0.0,-2039.611133071527,2039.611133071527,-
DE_20260824_0000,DE,Germany,LightGBM,24,2026-08-24 00:00:00+00:00,2026-08-25 00:00:00+00:00,40409.94355,39447.64101352244,4,wind_onshore_mw_lag1h,8749.056972499999,1965.477719064527,1965.477719064527,+
DE_20260824_0000,DE,Germany,LightGBM,24,2026-08-24 00:00:00+00:00,2026-08-25 00:00:00+00:00,40409.94355,39447.64101352244,5,rolling_mean_168h,46834.84197507441,-1468.6251109766404,1468.6251109766404,-
DE_20260824_0000,DE,Germany,LightGBM,24,2026-08-24 00:00:00+00:00,2026-08-25 00:00:00+00:00,40409.94355,39447.64101352244,6,hour_sin,0.4999999999999999,-1217.013715597966,1217.013715597966,-
DE_20260824_0000,DE,Germany,LightGBM,24,2026-08-24 00:00:00+00:00,2026-08-25 00:00:00+00:00,40409.94355,39447.64101352244,7,dow_cos,1.0,-543.2779343719704,543.2779343719704,-
DE_20260824_0000,DE,Germany,LightGBM,24,2026-08-24 00:00:00+00:00,2026-08-25 00:00:00+00:00,40409.94355,39447.64101352244,8,month_sin,-0.8660254037844384,536.7975509453527,536.7975509453527,+
DE_20260824_0000,DE,Germany,LightGBM,24,2026-08-24 00:00:00+00:00,2026-08-25 00:00:00+00:00,40409.94355,39447.64101352244,9,hydro_reservoir_mw_lag1h,27.5277,-489.33770000583405,489.33770000583405,-
DE_20260824_0000,DE,Germany,LightGBM,24,2026-08-24 00:00:00+00:00,2026-08-25 00:00:00+00:00,40409.94355,39447.64101352244,10,year,2026.0,-452.85740355796173,452.85740355796173,-
DE_20260824_0000,DE,Germany,XGBoost,24,2026-08-24 00:00:00+00:00,2026-08-25 00:00:00+00:00,40409.94355,40270.74609375,1,month,8.0,-8717.3681640625,8717.3681640625,-
DE_20260824_0000,DE,Germany,XGBoost,24,2026-08-24 00:00:00+00:00,2026-08-25 00:00:00+00:00,40409.94355,40270.74609375,2,lag_48h,37576.9980825,-2058.6396484375,2058.6396484375,-
DE_20260824_0000,DE,Germany,XGBoost,24,2026-08-24 00:00:00+00:00,2026-08-25 00:00:00+00:00,40409.94355,40270.74609375,3,is_weekend,0.0,-1984.126220703125,1984.126220703125,-
DE_20260824_0000,DE,Germany,XGBoost,24,2026-08-24 00:00:00+00:00,2026-08-25 00:00:00+00:00,40409.94355,40270.74609375,4,wind_onshore_mw_lag1h,8749.056972499999,1620.6126708984375,1620.6126708984375,+
DE_20260824_0000,DE,Germany,XGBoost,24,2026-08-24 00:00:00+00:00,2026-08-25 00:00:00+00:00,40409.94355,40270.74609375,5,rolling_mean_168h,46834.84197507441,-998.399658203125,998.399658203125,-
DE_20260824_0000,DE,Germany,XGBoost,24,2026-08-24 00:00:00+00:00,2026-08-25 00:00:00+00:00,40409.94355,40270.74609375,6,hour_sin,0.4999999999999999,-937.66162109375,937.66162109375,-
DE_20260824_0000,DE,Germany,XGBoost,24,2026-08-24 00:00:00+00:00,2026-08-25 00:00:00+00:00,40409.94355,40270.74609375,7,week_of_year,35.0,-923.2655029296875,923.2655029296875,-
DE_20260824_0000,DE,Germany,XGBoost,24,2026-08-24 00:00:00+00:00,2026-08-25 00:00:00+00:00,40409.94355,40270.74609375,8,dow_cos,1.0,-609.827392578125,609.827392578125,-
DE_20260824_0000,DE,Germany,XGBoost,24,2026-08-24 00:00:00+00:00,2026-08-25 00:00:00+00:00,40409.94355,40270.74609375,9,lag_1h,36164.6833825,592.93115234375,592.93115234375,+
DE_20260824_0000,DE,Germany,XGBoost,24,2026-08-24 00:00:00+00:00,2026-08-25 00:00:00+00:00,40409.94355,40270.74609375,10,hydro_reservoir_mw_lag1h,27.5277,-534.7443237304688,534.7443237304688,-
DE_20260824_0100,DE,Germany,LightGBM,24,2026-08-24 01:00:00+00:00,2026-08-25 01:00:00+00:00,40722.6465375,39447.64101352244,1,month,8.0,-9091.244675812937,9091.244675812937,-
DE_20260824_0100,DE,Germany,LightGBM,24,2026-08-24 01:00:00+00:00,2026-08-25 01:00:00+00:00,40722.6465375,39447.64101352244,2,lag_48h,36975.0380475,-2145.6366154807984,2145.6366154807984,-
DE_20260824_0100,DE,Germany,LightGBM,24,2026-08-24 01:00:00+00:00,2026-08-25 01:00:00+00:00,40722.6465375,39447.64101352244,3,is_weekend,0.0,-2039.611133071527,2039.611133071527,-
DE_20260824_0100,DE,Germany,LightGBM,24,2026-08-24 01:00:00+00:00,2026-08-25 01:00:00+00:00,40722.6465375,39447.64101352244,4,wind_onshore_mw_lag1h,8405.736965,1965.477719064527,1965.477719064527,+
DE_20260824_0100,DE,Germany,LightGBM,24,2026-08-24 01:00:00+00:00,2026-08-25 01:00:00+00:00,40722.6465375,39447.64101352244,5,rolling_mean_168h,46822.781982738095,-1468.6251109766404,1468.6251109766404,-
DE_20260824_0100,DE,Germany,LightGBM,24,2026-08-24 01:00:00+00:00,2026-08-25 01:00:00+00:00,40722.6465375,39447.64101352244,6,hour_sin,0.7071067811865475,-1217.013715597966,1217.013715597966,-
DE_20260824_0100,DE,Germany,LightGBM,24,2026-08-24 01:00:00+00:00,2026-08-25 01:00:00+00:00,40722.6465375,39447.64101352244,7,dow_cos,1.0,-543.2779343719704,543.2779343719704,-
DE_20260824_0100,DE,Germany,LightGBM,24,2026-08-24 01:00:00+00:00,2026-08-25 01:00:00+00:00,40722.6465375,39447.64101352244,8,month_sin,-0.8660254037844384,536.7975509453527,536.7975509453527,+
DE_20260824_0100,DE,Germany,LightGBM,24,2026-08-24 01:00:00+00:00,2026-08-25 01:00:00+00:00,40722.6465375,39447.64101352244,9,hydro_reservoir_mw_lag1h,16.18755,-489.33770000583405,489.33770000583405,-
DE_20260824_0100,DE,Germany,LightGBM,24,2026-08-24 01:00:00+00:00,2026-08-25 01:00:00+00:00,40722.6465375,39447.64101352244,10,year,2026.0,-452.85740355796173,452.85740355796173,-
DE_20260824_0100,DE,Germany,XGBoost,24,2026-08-24 01:00:00+00:00,2026-08-25 01:00:00+00:00,40722.6465375,40431.1328125,1,month,8.0,-8681.896484375,8681.896484375,-
DE_20260824_0100,DE,Germany,XGBoost,24,2026-08-24 01:00:00+00:00,2026-08-25 01:00:00+00:00,40722.6465375,40431.1328125,2,lag_48h,36975.0380475,-2051.84326171875,2051.84326171875,-
DE_20260824_0100,DE,Germany,XGBoost,24,2026-08-24 01:00:00+00:00,2026-08-25 01:00:00+00:00,40722.6465375,40431.1328125,3,is_weekend,0.0,-1984.1220703125,1984.1220703125,-
DE_20260824_0100,DE,Germany,XGBoost,24,2026-08-24 01:00:00+00:00,2026-08-25 01:00:00+00:00,40722.6465375,40431.1328125,4,wind_onshore_mw_lag1h,8405.736965,1620.6126708984375,1620.6126708984375,+
DE_20260824_0100,DE,Germany,XGBoost,24,2026-08-24 01:00:00+00:00,2026-08-25 01:00:00+00:00,40722.6465375,40431.1328125,5,rolling_mean_168h,46822.781982738095,-998.36865234375,998.36865234375,-
DE_20260824_0100,DE,Germany,XGBoost,24,2026-08-24 01:00:00+00:00,2026-08-25 01:00:00+00:00,40722.6465375,40431.1328125,6,hour_sin,0.7071067811865475,-937.484619140625,937.484619140625,-
DE_20260824_0100,DE,Germany,XGBoost,24,2026-08-24 01:00:00+00:00,2026-08-25 01:00:00+00:00,40722.6465375,40431.1328125,7,week_of_year,35.0,-915.8286743164062,915.8286743164062,-
DE_20260824_0100,DE,Germany,XGBoost,24,2026-08-24 01:00:00+00:00,2026-08-25 01:00:00+00:00,40722.6465375,40431.1328125,8,lag_1h,35579.50083,625.6187744140625,625.6187744140625,+
DE_20260824_0100,DE,Germany,XGBoost,24,2026-08-24 01:00:00+00:00,2026-08-25 01:00:00+00:00,40722.6465375,40431.1328125,9,dow_cos,1.0,-610.1795043945312,610.1795043945312,-
DE_20260824_0100,DE,Germany,XGBoost,24,2026-08-24 01:00:00+00:00,2026-08-25 01:00:00+00:00,40722.6465375,40431.1328125,10,hydro_reservoir_mw_lag1h,16.18755,-539.310791015625,539.310791015625,-
DE_20260824_0200,DE,Germany,LightGBM,24,2026-08-24 02:00:00+00:00,2026-08-25 02:00:00+00:00,40805.19591,39447.64101352244,1,month,8.0,-9094.572078769907,9094.572078769907,-
DE_20260824_0200,DE,Germany,LightGBM,24,2026-08-24 02:00:00+00:00,2026-08-25 02:00:00+00:00,40805.19591,39447.64101352244,2,lag_48h,37431.5150275,-2138.0238432763867,2138.0238432763867,-
DE_20260824_0200,DE,Germany,LightGBM,24,2026-08-24 02:00:00+00:00,2026-08-25 02:00:00+00:00,40805.19591,39447.64101352244,3,is_weekend,0.0,-2039.7884550123538,2039.7884550123538,-
DE_20260824_0200,DE,Germany,LightGBM,24,2026-08-24 02:00:00+00:00,2026-08-25 02:00:00+00:00,40805.19591,39447.64101352244,4,wind_onshore_mw_lag1h,7684.010614999999,1965.7079557154748,1965.7079557154748,+
DE_20260824_0200,DE,Germany,LightGBM,24,2026-08-24 02:00:00+00:00,2026-08-25 02:00:00+00:00,40805.19591,39447.64101352244,5,rolling_mean_168h,46808.95734813988,-1468.4087904267649,1468.4087904267649,-
DE_20260824_0200,DE,Germany,LightGBM,24,2026-08-24 02:00:00+00:00,2026-08-25 02:00:00+00:00,40805.19591,39447.64101352244,6,hour_sin,0.8660254037844386,-1216.815611800855,1216.815611800855,-
DE_20260824_0200,DE,Germany,LightGBM,24,2026-08-24 02:00:00+00:00,2026-08-25 02:00:00+00:00,40805.19591,39447.64101352244,7,dow_cos,1.0,-542.480508943419,542.480508943419,-
DE_20260824_0200,DE,Germany,LightGBM,24,2026-08-24 02:00:00+00:00,2026-08-25 02:00:00+00:00,40805.19591,39447.64101352244,8,month_sin,-0.8660254037844384,535.7805399943583,535.7805399943583,+
DE_20260824_0200,DE,Germany,LightGBM,24,2026-08-24 02:00:00+00:00,2026-08-25 02:00:00+00:00,40805.19591,39447.64101352244,9,hydro_reservoir_mw_lag1h,17.37265,-489.4247418139513,489.4247418139513,-
DE_20260824_0200,DE,Germany,LightGBM,24,2026-08-24 02:00:00+00:00,2026-08-25 02:00:00+00:00,40805.19591,39447.64101352244,10,year,2026.0,-452.7781640407017,452.7781640407017,-
DE_20260824_0200,DE,Germany,XGBoost,24,2026-08-24 02:00:00+00:00,2026-08-25 02:00:00+00:00,40805.19591,40398.20703125,1,month,8.0,-8681.861328125,8681.861328125,-
DE_20260824_0200,DE,Germany,XGBoost,24,2026-08-24 02:00:00+00:00,2026-08-25 02:00:00+00:00,40805.19591,40398.20703125,2,lag_48h,37431.5150275,-2049.027587890625,2049.027587890625,-
DE_20260824_0200,DE,Germany,XGBoost,24,2026-08-24 02:00:00+00:00,2026-08-25 02:00:00+00:00,40805.19591,40398.20703125,3,is_weekend,0.0,-1984.100341796875,1984.100341796875,-
DE_20260824_0200,DE,Germany,XGBoost,24,2026-08-24 02:00:00+00:00,2026-08-25 02:00:00+00:00,40805.19591,40398.20703125,4,wind_onshore_mw_lag1h,7684.010614999999,1620.6951904296875,1620.6951904296875,+
DE_20260824_0200,DE,Germany,XGBoost,24,2026-08-24 02:00:00+00:00,2026-08-25 02:00:00+00:00,40805.19591,40398.20703125,5,rolling_mean_168h,46808.95734813988,-998.2637939453125,998.2637939453125,-
DE_20260824_0200,DE,Germany,XGBoost,24,2026-08-24 02:00:00+00:00,2026-08-25 02:00:00+00:00,40805.19591,40398.20703125,6,hour_sin,0.8660254037844386,-937.5302734375,937.5302734375,-
DE_20260824_0200,DE,Germany,XGBoost,24,2026-08-24 02:00:00+00:00,2026-08-25 02:00:00+00:00,40805.19591,40398.20703125,7,week_of_year,35.0,-915.6199951171875,915.6199951171875,-
DE_20260824_0200,DE,Germany,XGBoost,24,2026-08-24 02:00:00+00:00,2026-08-25 02:00:00+00:00,40805.19591,40398.20703125,8,dow_cos,1.0,-635.0037841796875,635.0037841796875,-
DE_20260824_0200,DE,Germany,XGBoost,24,2026-08-24 02:00:00+00:00,2026-08-25 02:00:00+00:00,40805.19591,40398.20703125,9,lag_1h,35890.71333,625.7069091796875,625.7069091796875,+
DE_20260824_0200,DE,Germany,XGBoost,24,2026-08-24 02:00:00+00:00,2026-08-25 02:00:00+00:00,40805.19591,40398.20703125,10,hydro_reservoir_mw_lag1h,17.37265,-502.09423828125,502.09423828125,-
DE_20260824_0300,DE,Germany,LightGBM,24,2026-08-24 03:00:00+00:00,2026-08-25 03:00:00+00:00,44096.0917875,39416.77038164221,1,month,8.0,-9167.365615670795,9167.365615670795,-
DE_20260824_0300,DE,Germany,LightGBM,24,2026-08-24 03:00:00+00:00,2026-08-25 03:00:00+00:00,44096.0917875,39416.77038164221,2,lag_48h,39210.233895,-2177.3849853478364,2177.3849853478364,-
DE_20260824_0300,DE,Germany,LightGBM,24,2026-08-24 03:00:00+00:00,2026-08-25 03:00:00+00:00,44096.0917875,39416.77038164221,3,wind_onshore_mw_lag1h,6940.7844525,1971.8206693335142,1971.8206693335142,+
DE_20260824_0300,DE,Germany,LightGBM,24,2026-08-24 03:00:00+00:00,2026-08-25 03:00:00+00:00,44096.0917875,39416.77038164221,4,is_weekend,0.0,-1946.62259094859,1946.62259094859,-
DE_20260824_0300,DE,Germany,LightGBM,24,2026-08-24 03:00:00+00:00,2026-08-25 03:00:00+00:00,44096.0917875,39416.77038164221,5,rolling_mean_168h,46791.561370193456,-1453.7545640949131,1453.7545640949131,-
DE_20260824_0300,DE,Germany,LightGBM,24,2026-08-24 03:00:00+00:00,2026-08-25 03:00:00+00:00,44096.0917875,39416.77038164221,6,hour_sin,0.9659258262890684,-1238.9201183762448,1238.9201183762448,-
DE_20260824_0300,DE,Germany,LightGBM,24,2026-08-24 03:00:00+00:00,2026-08-25 03:00:00+00:00,44096.0917875,39416.77038164221,7,dow_cos,1.0,-628.6273838564804,628.6273838564804,-
DE_20260824_0300,DE,Germany,LightGBM,24,2026-08-24 03:00:00+00:00,2026-08-25 03:00:00+00:00,44096.0917875,39416.77038164221,8,month_sin,-0.8660254037844384,519.2154993577433,519.2154993577433,+
DE_20260824_0300,DE,Germany,LightGBM,24,2026-08-24 03:00:00+00:00,2026-08-25 03:00:00+00:00,44096.0917875,39416.77038164221,9,year,2026.0,-458.4910434232358,458.4910434232358,-
DE_20260824_0300,DE,Germany,LightGBM,24,2026-08-24 03:00:00+00:00,2026-08-25 03:00:00+00:00,44096.0917875,39416.77038164221,10,rolling_max_24h,44230.3100475,-442.7435783395886,442.7435783395886,-
DE_20260824_0300,DE,Germany,XGBoost,24,2026-08-24 03:00:00+00:00,2026-08-25 03:00:00+00:00,44096.0917875,40548.046875,1,month,8.0,-8804.75,8804.75,-
DE_20260824_0300,DE,Germany,XGBoost,24,2026-08-24 03:00:00+00:00,2026-08-25 03:00:00+00:00,44096.0917875,40548.046875,2,lag_48h,39210.233895,-2075.55029296875,2075.55029296875,-
DE_20260824_0300,DE,Germany,XGBoost,24,2026-08-24 03:00:00+00:00,2026-08-25 03:00:00+00:00,44096.0917875,40548.046875,3,is_weekend,0.0,-2040.4560546875,2040.4560546875,-
DE_20260824_0300,DE,Germany,XGBoost,24,2026-08-24 03:00:00+00:00,2026-08-25 03:00:00+00:00,44096.0917875,40548.046875,4,wind_onshore_mw_lag1h,6940.7844525,1628.6927490234375,1628.6927490234375,+
DE_20260824_0300,DE,Germany,XGBoost,24,2026-08-24 03:00:00+00:00,2026-08-25 03:00:00+00:00,44096.0917875,40548.046875,5,rolling_mean_168h,46791.561370193456,-948.8075561523438,948.8075561523438,-
DE_20260824_0300,DE,Germany,XGBoost,24,2026-08-24 03:00:00+00:00,2026-08-25 03:00:00+00:00,44096.0917875,40548.046875,6,hour_sin,0.9659258262890684,-948.4519653320312,948.4519653320312,-
DE_20260824_0300,DE,Germany,XGBoost,24,2026-08-24 03:00:00+00:00,2026-08-25 03:00:00+00:00,44096.0917875,40548.046875,7,week_of_year,35.0,-926.6099243164062,926.6099243164062,-
DE_20260824_0300,DE,Germany,XGBoost,24,2026-08-24 03:00:00+00:00,2026-08-25 03:00:00+00:00,44096.0917875,40548.046875,8,dow_cos,1.0,-668.0049438476562,668.0049438476562,-
DE_20260824_0300,DE,Germany,XGBoost,24,2026-08-24 03:00:00+00:00,2026-08-25 03:00:00+00:00,44096.0917875,40548.046875,9,lag_1h,36628.6694325,587.2593383789062,587.2593383789062,+
DE_20260824_0300,DE,Germany,XGBoost,24,2026-08-24 03:00:00+00:00,2026-08-25 03:00:00+00:00,44096.0917875,40548.046875,10,hydro_reservoir_mw_lag1h,34.8563,-501.5345458984375,501.5345458984375,-
DE_20260824_0400,DE,Germany,LightGBM,24,2026-08-24 04:00:00+00:00,2026-08-25 04:00:00+00:00,50593.2572775,39966.58086398466,1,month,8.0,-9129.593001495257,9129.593001495257,-
DE_20260824_0400,DE,Germany,LightGBM,24,2026-08-24 04:00:00+00:00,2026-08-25 04:00:00+00:00,50593.2572775,39966.58086398466,2,lag_48h,39895.363155,-2150.792977335804,2150.792977335804,-
DE_20260824_0400,DE,Germany,LightGBM,24,2026-08-24 04:00:00+00:00,2026-08-25 04:00:00+00:00,50593.2572775,39966.58086398466,3,is_weekend,0.0,-1945.8347934720096,1945.8347934720096,-
DE_20260824_0400,DE,Germany,LightGBM,24,2026-08-24 04:00:00+00:00,2026-08-25 04:00:00+00:00,50593.2572775,39966.58086398466,4,wind_onshore_mw_lag1h,6810.04343,1841.0264507892543,1841.0264507892543,+
DE_20260824_0400,DE,Germany,LightGBM,24,2026-08-24 04:00:00+00:00,2026-08-25 04:00:00+00:00,50593.2572775,39966.58086398466,5,rolling_mean_168h,46779.706727544646,-1469.2346737400846,1469.2346737400846,-
DE_20260824_0400,DE,Germany,LightGBM,24,2026-08-24 04:00:00+00:00,2026-08-25 04:00:00+00:00,50593.2572775,39966.58086398466,6,hour_sin,1.0,-1245.9511772252906,1245.9511772252906,-
DE_20260824_0400,DE,Germany,LightGBM,24,2026-08-24 04:00:00+00:00,2026-08-25 04:00:00+00:00,50593.2572775,39966.58086398466,7,dow_cos,1.0,-631.2701414883085,631.2701414883085,-
DE_20260824_0400,DE,Germany,LightGBM,24,2026-08-24 04:00:00+00:00,2026-08-25 04:00:00+00:00,50593.2572775,39966.58086398466,8,hydro_reservoir_mw_lag1h,66.278475,-544.8065436314297,544.8065436314297,-
DE_20260824_0400,DE,Germany,LightGBM,24,2026-08-24 04:00:00+00:00,2026-08-25 04:00:00+00:00,50593.2572775,39966.58086398466,9,month_sin,-0.8660254037844384,519.9832487134692,519.9832487134692,+
DE_20260824_0400,DE,Germany,LightGBM,24,2026-08-24 04:00:00+00:00,2026-08-25 04:00:00+00:00,50593.2572775,39966.58086398466,10,year,2026.0,-449.2894042168398,449.2894042168398,-
DE_20260824_0400,DE,Germany,XGBoost,24,2026-08-24 04:00:00+00:00,2026-08-25 04:00:00+00:00,50593.2572775,40205.2890625,1,month,8.0,-8916.8046875,8916.8046875,-
DE_20260824_0400,DE,Germany,XGBoost,24,2026-08-24 04:00:00+00:00,2026-08-25 04:00:00+00:00,50593.2572775,40205.2890625,2,lag_48h,39895.363155,-2286.90869140625,2286.90869140625,-
DE_20260824_0400,DE,Germany,XGBoost,24,2026-08-24 04:00:00+00:00,2026-08-25 04:00:00+00:00,50593.2572775,40205.2890625,3,is_weekend,0.0,-2137.654541015625,2137.654541015625,-
DE_20260824_0400,DE,Germany,XGBoost,24,2026-08-24 04:00:00+00:00,2026-08-25 04:00:00+00:00,50593.2572775,40205.2890625,4,wind_onshore_mw_lag1h,6810.04343,1603.1715087890625,1603.1715087890625,+
DE_20260824_0400,DE,Germany,XGBoost,24,2026-08-24 04:00:00+00:00,2026-08-25 04:00:00+00:00,50593.2572775,40205.2890625,5,rolling_mean_168h,46779.706727544646,-1025.5587158203125,1025.5587158203125,-
DE_20260824_0400,DE,Germany,XGBoost,24,2026-08-24 04:00:00+00:00,2026-08-25 04:00:00+00:00,50593.2572775,40205.2890625,6,week_of_year,35.0,-932.600341796875,932.600341796875,-
DE_20260824_0400,DE,Germany,XGBoost,24,2026-08-24 04:00:00+00:00,2026-08-25 04:00:00+00:00,50593.2572775,40205.2890625,7,hour_sin,1.0,-906.2268676757812,906.2268676757812,-
DE_20260824_0400,DE,Germany,XGBoost,24,2026-08-24 04:00:00+00:00,2026-08-25 04:00:00+00:00,50593.2572775,40205.2890625,8,dow_cos,1.0,-672.4884643554688,672.4884643554688,-
DE_20260824_0400,DE,Germany,XGBoost,24,2026-08-24 04:00:00+00:00,2026-08-25 04:00:00+00:00,50593.2572775,40205.2890625,9,lag_1h,40533.6781825,611.2296752929688,611.2296752929688,+
DE_20260824_0400,DE,Germany,XGBoost,24,2026-08-24 04:00:00+00:00,2026-08-25 04:00:00+00:00,50593.2572775,40205.2890625,10,hydro_reservoir_mw_lag1h,66.278475,-517.75537109375,517.75537109375,-
DE_20260824_0500,DE,Germany,LightGBM,24,2026-08-24 05:00:00+00:00,2026-08-25 05:00:00+00:00,53941.0603175,40053.0842744744,1,month,8.0,-9127.876338438426,9127.876338438426,-
DE_20260824_0500,DE,Germany,LightGBM,24,2026-08-24 05:00:00+00:00,2026-08-25 05:00:00+00:00,53941.0603175,40053.0842744744,2,lag_48h,42110.1084925,-2043.9424203030794,2043.9424203030794,-
DE_20260824_0500,DE,Germany,LightGBM,24,2026-08-24 05:00:00+00:00,2026-08-25 05:00:00+00:00,53941.0603175,40053.0842744744,3,is_weekend,0.0,-1950.3239552704695,1950.3239552704695,-
DE_20260824_0500,DE,Germany,LightGBM,24,2026-08-24 05:00:00+00:00,2026-08-25 05:00:00+00:00,53941.0603175,40053.0842744744,4,wind_onshore_mw_lag1h,6661.6539875,1834.5320601798514,1834.5320601798514,+
DE_20260824_0500,DE,Germany,LightGBM,24,2026-08-24 05:00:00+00:00,2026-08-25 05:00:00+00:00,53941.0603175,40053.0842744744,5,rolling_mean_168h,46773.54329949404,-1487.56597442694,1487.56597442694,-
DE_20260824_0500,DE,Germany,LightGBM,24,2026-08-24 05:00:00+00:00,2026-08-25 05:00:00+00:00,53941.0603175,40053.0842744744,6,hour_sin,0.9659258262890684,-1251.320214481221,1251.320214481221,-
DE_20260824_0500,DE,Germany,LightGBM,24,2026-08-24 05:00:00+00:00,2026-08-25 05:00:00+00:00,53941.0603175,40053.0842744744,7,dow_cos,1.0,-608.6989717795736,608.6989717795736,-
DE_20260824_0500,DE,Germany,LightGBM,24,2026-08-24 05:00:00+00:00,2026-08-25 05:00:00+00:00,53941.0603175,40053.0842744744,8,hydro_reservoir_mw_lag1h,88.04425,-556.1088790105823,556.1088790105823,-
DE_20260824_0500,DE,Germany,LightGBM,24,2026-08-24 05:00:00+00:00,2026-08-25 05:00:00+00:00,53941.0603175,40053.0842744744,9,month_sin,-0.8660254037844384,526.0499865639326,526.0499865639326,+
DE_20260824_0500,DE,Germany,LightGBM,24,2026-08-24 05:00:00+00:00,2026-08-25 05:00:00+00:00,53941.0603175,40053.0842744744,10,year,2026.0,-448.42687787744603,448.42687787744603,-
DE_20260824_0500,DE,Germany,XGBoost,24,2026-08-24 05:00:00+00:00,2026-08-25 05:00:00+00:00,53941.0603175,40209.6875,1,month,8.0,-8904.162109375,8904.162109375,-
DE_20260824_0500,DE,Germany,XGBoost,24,2026-08-24 05:00:00+00:00,2026-08-25 05:00:00+00:00,53941.0603175,40209.6875,2,lag_48h,42110.1084925,-2270.352294921875,2270.352294921875,-
DE_20260824_0500,DE,Germany,XGBoost,24,2026-08-24 05:00:00+00:00,2026-08-25 05:00:00+00:00,53941.0603175,40209.6875,3,is_weekend,0.0,-2139.12255859375,2139.12255859375,-
DE_20260824_0500,DE,Germany,XGBoost,24,2026-08-24 05:00:00+00:00,2026-08-25 05:00:00+00:00,53941.0603175,40209.6875,4,wind_onshore_mw_lag1h,6661.6539875,1597.5760498046875,1597.5760498046875,+
DE_20260824_0500,DE,Germany,XGBoost,24,2026-08-24 05:00:00+00:00,2026-08-25 05:00:00+00:00,53941.0603175,40209.6875,5,rolling_mean_168h,46773.54329949404,-1030.5576171875,1030.5576171875,-
DE_20260824_0500,DE,Germany,XGBoost,24,2026-08-24 05:00:00+00:00,2026-08-25 05:00:00+00:00,53941.0603175,40209.6875,6,week_of_year,35.0,-917.080322265625,917.080322265625,-
DE_20260824_0500,DE,Germany,XGBoost,24,2026-08-24 05:00:00+00:00,2026-08-25 05:00:00+00:00,53941.0603175,40209.6875,7,hour_sin,0.9659258262890684,-909.04345703125,909.04345703125,-
DE_20260824_0500,DE,Germany,XGBoost,24,2026-08-24 05:00:00+00:00,2026-08-25 05:00:00+00:00,53941.0603175,40209.6875,8,dow_cos,1.0,-672.0306396484375,672.0306396484375,-
DE_20260824_0500,DE,Germany,XGBoost,24,2026-08-24 05:00:00+00:00,2026-08-25 05:00:00+00:00,53941.0603175,40209.6875,9,lag_1h,46495.4926325,620.5081787109375,620.5081787109375,+
DE_20260824_0500,DE,Germany,XGBoost,24,2026-08-24 05:00:00+00:00,2026-08-25 05:00:00+00:00,53941.0603175,40209.6875,10,hydro_reservoir_mw_lag1h,88.04425,-494.72259521484375,494.72259521484375,-
DE_20260824_0600,DE,Germany,LightGBM,24,2026-08-24 06:00:00+00:00,2026-08-25 06:00:00+00:00,55893.270245,39724.539128893724,1,month,8.0,-9206.568492646395,9206.568492646395,-
DE_20260824_0600,DE,Germany,LightGBM,24,2026-08-24 06:00:00+00:00,2026-08-25 06:00:00+00:00,55893.270245,39724.539128893724,2,lag_48h,44491.87448,-2030.4429446047761,2030.4429446047761,-
DE_20260824_0600,DE,Germany,LightGBM,24,2026-08-24 06:00:00+00:00,2026-08-25 06:00:00+00:00,55893.270245,39724.539128893724,3,is_weekend,0.0,-1973.4089974059445,1973.4089974059445,-
DE_20260824_0600,DE,Germany,LightGBM,24,2026-08-24 06:00:00+00:00,2026-08-25 06:00:00+00:00,55893.270245,39724.539128893724,4,wind_onshore_mw_lag1h,5600.144015,1820.6716333740667,1820.6716333740667,+
DE_20260824_0600,DE,Germany,LightGBM,24,2026-08-24 06:00:00+00:00,2026-08-25 06:00:00+00:00,55893.270245,39724.539128893724,5,rolling_mean_168h,46769.63742480655,-1485.1651134280628,1485.1651134280628,-
DE_20260824_0600,DE,Germany,LightGBM,24,2026-08-24 06:00:00+00:00,2026-08-25 06:00:00+00:00,55893.270245,39724.539128893724,6,hour_sin,0.8660254037844387,-1251.320214481221,1251.320214481221,-
DE_20260824_0600,DE,Germany,LightGBM,24,2026-08-24 06:00:00+00:00,2026-08-25 06:00:00+00:00,55893.270245,39724.539128893724,7,dow_cos,1.0,-621.9023899405624,621.9023899405624,-
DE_20260824_0600,DE,Germany,LightGBM,24,2026-08-24 06:00:00+00:00,2026-08-25 06:00:00+00:00,55893.270245,39724.539128893724,8,hydro_reservoir_mw_lag1h,56.745125,-542.1885391781532,542.1885391781532,-
DE_20260824_0600,DE,Germany,LightGBM,24,2026-08-24 06:00:00+00:00,2026-08-25 06:00:00+00:00,55893.270245,39724.539128893724,9,month_sin,-0.8660254037844384,527.7556987633697,527.7556987633697,+
DE_20260824_0600,DE,Germany,LightGBM,24,2026-08-24 06:00:00+00:00,2026-08-25 06:00:00+00:00,55893.270245,39724.539128893724,10,year,2026.0,-448.62220623257235,448.62220623257235,-
DE_20260824_0600,DE,Germany,XGBoost,24,2026-08-24 06:00:00+00:00,2026-08-25 06:00:00+00:00,55893.270245,40207.4921875,1,month,8.0,-8904.3115234375,8904.3115234375,-
DE_20260824_0600,DE,Germany,XGBoost,24,2026-08-24 06:00:00+00:00,2026-08-25 06:00:00+00:00,55893.270245,40207.4921875,2,lag_48h,44491.87448,-2262.14697265625,2262.14697265625,-
DE_20260824_0600,DE,Germany,XGBoost,24,2026-08-24 06:00:00+00:00,2026-08-25 06:00:00+00:00,55893.270245,40207.4921875,3,is_weekend,0.0,-2137.889404296875,2137.889404296875,-
DE_20260824_0600,DE,Germany,XGBoost,24,2026-08-24 06:00:00+00:00,2026-08-25 06:00:00+00:00,55893.270245,40207.4921875,4,wind_onshore_mw_lag1h,5600.144015,1597.9598388671875,1597.9598388671875,+
DE_20260824_0600,DE,Germany,XGBoost,24,2026-08-24 06:00:00+00:00,2026-08-25 06:00:00+00:00,55893.270245,40207.4921875,5,rolling_mean_168h,46769.63742480655,-1030.67578125,1030.67578125,-
DE_20260824_0600,DE,Germany,XGBoost,24,2026-08-24 06:00:00+00:00,2026-08-25 06:00:00+00:00,55893.270245,40207.4921875,6,week_of_year,35.0,-923.9545288085938,923.9545288085938,-
DE_20260824_0600,DE,Germany,XGBoost,24,2026-08-24 06:00:00+00:00,2026-08-25 06:00:00+00:00,55893.270245,40207.4921875,7,hour_sin,0.8660254037844387,-914.1229248046875,914.1229248046875,-
DE_20260824_0600,DE,Germany,XGBoost,24,2026-08-24 06:00:00+00:00,2026-08-25 06:00:00+00:00,55893.270245,40207.4921875,8,dow_cos,1.0,-672.195068359375,672.195068359375,-
DE_20260824_0600,DE,Germany,XGBoost,24,2026-08-24 06:00:00+00:00,2026-08-25 06:00:00+00:00,55893.270245,40207.4921875,9,lag_1h,51193.23583,623.6141357421875,623.6141357421875,+
DE_20260824_0600,DE,Germany,XGBoost,24,2026-08-24 06:00:00+00:00,2026-08-25 06:00:00+00:00,55893.270245,40207.4921875,10,hydro_reservoir_mw_lag1h,56.745125,-509.4041748046875,509.4041748046875,-
DE_20260824_0700,DE,Germany,LightGBM,24,2026-08-24 07:00:00+00:00,2026-08-25 07:00:00+00:00,57316.8631375,39724.539128893724,1,month,8.0,-9220.222116498384,9220.222116498384,-
DE_20260824_0700,DE,Germany,LightGBM,24,2026-08-24 07:00:00+00:00,2026-08-25 07:00:00+00:00,57316.8631375,39724.539128893724,2,lag_48h,46918.07913,-2022.321663815559,2022.321663815559,-
DE_20260824_0700,DE,Germany,LightGBM,24,2026-08-24 07:00:00+00:00,2026-08-25 07:00:00+00:00,57316.8631375,39724.539128893724,3,is_weekend,0.0,-1956.5103013833582,1956.5103013833582,-
DE_20260824_0700,DE,Germany,LightGBM,24,2026-08-24 07:00:00+00:00,2026-08-25 07:00:00+00:00,57316.8631375,39724.539128893724,4,wind_onshore_mw_lag1h,3968.4476125,1824.5465213383254,1824.5465213383254,+
DE_20260824_0700,DE,Germany,LightGBM,24,2026-08-24 07:00:00+00:00,2026-08-25 07:00:00+00:00,57316.8631375,39724.539128893724,5,rolling_mean_168h,46769.94285421131,-1483.0070281772478,1483.0070281772478,-
DE_20260824_0700,DE,Germany,LightGBM,24,2026-08-24 07:00:00+00:00,2026-08-25 07:00:00+00:00,57316.8631375,39724.539128893724,6,hour_sin,0.7071067811865476,-1251.3230660674428,1251.3230660674428,-
DE_20260824_0700,DE,Germany,LightGBM,24,2026-08-24 07:00:00+00:00,2026-08-25 07:00:00+00:00,57316.8631375,39724.539128893724,7,dow_cos,1.0,-621.0769697575729,621.0769697575729,-
DE_20260824_0700,DE,Germany,LightGBM,24,2026-08-24 07:00:00+00:00,2026-08-25 07:00:00+00:00,57316.8631375,39724.539128893724,8,hydro_reservoir_mw_lag1h,46.13705,-543.0063605969872,543.0063605969872,-
DE_20260824_0700,DE,Germany,LightGBM,24,2026-08-24 07:00:00+00:00,2026-08-25 07:00:00+00:00,57316.8631375,39724.539128893724,9,month_sin,-0.8660254037844384,526.0402483576588,526.0402483576588,+
DE_20260824_0700,DE,Germany,LightGBM,24,2026-08-24 07:00:00+00:00,2026-08-25 07:00:00+00:00,57316.8631375,39724.539128893724,10,year,2026.0,-448.6873738316068,448.6873738316068,-
DE_20260824_0700,DE,Germany,XGBoost,24,2026-08-24 07:00:00+00:00,2026-08-25 07:00:00+00:00,57316.8631375,40120.28125,1,month,8.0,-8919.009765625,8919.009765625,-
DE_20260824_0700,DE,Germany,XGBoost,24,2026-08-24 07:00:00+00:00,2026-08-25 07:00:00+00:00,57316.8631375,40120.28125,2,lag_48h,46918.07913,-2269.82177734375,2269.82177734375,-
DE_20260824_0700,DE,Germany,XGBoost,24,2026-08-24 07:00:00+00:00,2026-08-25 07:00:00+00:00,57316.8631375,40120.28125,3,is_weekend,0.0,-2022.026123046875,2022.026123046875,-
DE_20260824_0700,DE,Germany,XGBoost,24,2026-08-24 07:00:00+00:00,2026-08-25 07:00:00+00:00,57316.8631375,40120.28125,4,wind_onshore_mw_lag1h,3968.4476125,1596.2359619140625,1596.2359619140625,+
DE_20260824_0700,DE,Germany,XGBoost,24,2026-08-24 07:00:00+00:00,2026-08-25 07:00:00+00:00,57316.8631375,40120.28125,5,rolling_mean_168h,46769.94285421131,-1020.8001098632812,1020.8001098632812,-
DE_20260824_0700,DE,Germany,XGBoost,24,2026-08-24 07:00:00+00:00,2026-08-25 07:00:00+00:00,57316.8631375,40120.28125,6,hour_sin,0.7071067811865476,-926.3599243164062,926.3599243164062,-
DE_20260824_0700,DE,Germany,XGBoost,24,2026-08-24 07:00:00+00:00,2026-08-25 07:00:00+00:00,57316.8631375,40120.28125,7,week_of_year,35.0,-925.7194213867188,925.7194213867188,-
DE_20260824_0700,DE,Germany,XGBoost,24,2026-08-24 07:00:00+00:00,2026-08-25 07:00:00+00:00,57316.8631375,40120.28125,8,dow_cos,1.0,-672.1648559570312,672.1648559570312,-
DE_20260824_0700,DE,Germany,XGBoost,24,2026-08-24 07:00:00+00:00,2026-08-25 07:00:00+00:00,57316.8631375,40120.28125,9,lag_1h,54474.4851525,610.604736328125,610.604736328125,+
DE_20260824_0700,DE,Germany,XGBoost,24,2026-08-24 07:00:00+00:00,2026-08-25 07:00:00+00:00,57316.8631375,40120.28125,10,hydro_reservoir_mw_lag1h,46.13705,-526.4143676757812,526.4143676757812,-
DE_20260824_0800,DE,Germany,LightGBM,24,2026-08-24 08:00:00+00:00,2026-08-25 08:00:00+00:00,57257.7669075,39540.30728471783,1,month,8.0,-9232.909557762741,9232.909557762741,-
DE_20260824_0800,DE,Germany,LightGBM,24,2026-08-24 08:00:00+00:00,2026-08-25 08:00:00+00:00,57257.7669075,39540.30728471783,2,lag_48h,48064.44226,-2073.3789359679254,2073.3789359679254,-
DE_20260824_0800,DE,Germany,LightGBM,24,2026-08-24 08:00:00+00:00,2026-08-25 08:00:00+00:00,57257.7669075,39540.30728471783,3,is_weekend,0.0,-1976.3750973869267,1976.3750973869267,-
DE_20260824_0800,DE,Germany,LightGBM,24,2026-08-24 08:00:00+00:00,2026-08-25 08:00:00+00:00,57257.7669075,39540.30728471783,4,wind_onshore_mw_lag1h,2701.8895975,1824.6743970769737,1824.6743970769737,+
DE_20260824_0800,DE,Germany,LightGBM,24,2026-08-24 08:00:00+00:00,2026-08-25 08:00:00+00:00,57257.7669075,39540.30728471783,5,rolling_mean_168h,46761.82517686012,-1488.4439811145069,1488.4439811145069,-
DE_20260824_0800,DE,Germany,LightGBM,24,2026-08-24 08:00:00+00:00,2026-08-25 08:00:00+00:00,57257.7669075,39540.30728471783,6,hour_sin,0.4999999999999999,-1245.3674895591282,1245.3674895591282,-
DE_20260824_0800,DE,Germany,LightGBM,24,2026-08-24 08:00:00+00:00,2026-08-25 08:00:00+00:00,57257.7669075,39540.30728471783,7,dow_cos,1.0,-643.1329158523635,643.1329158523635,-
DE_20260824_0800,DE,Germany,LightGBM,24,2026-08-24 08:00:00+00:00,2026-08-25 08:00:00+00:00,57257.7669075,39540.30728471783,8,month_sin,-0.8660254037844384,510.86586625896734,510.86586625896734,+
DE_20260824_0800,DE,Germany,LightGBM,24,2026-08-24 08:00:00+00:00,2026-08-25 08:00:00+00:00,57257.7669075,39540.30728471783,9,year,2026.0,-457.5567642840566,457.5567642840566,-
DE_20260824_0800,DE,Germany,LightGBM,24,2026-08-24 08:00:00+00:00,2026-08-25 08:00:00+00:00,57257.7669075,39540.30728471783,10,rolling_max_24h,55496.79274,-446.16559235722553,446.16559235722553,-
DE_20260824_0800,DE,Germany,XGBoost,24,2026-08-24 08:00:00+00:00,2026-08-25 08:00:00+00:00,57257.7669075,40587.08203125,1,month,8.0,-8923.0703125,8923.0703125,-
DE_20260824_0800,DE,Germany,XGBoost,24,2026-08-24 08:00:00+00:00,2026-08-25 08:00:00+00:00,57257.7669075,40587.08203125,2,lag_48h,48064.44226,-2077.026123046875,2077.026123046875,-
DE_20260824_0800,DE,Germany,XGBoost,24,2026-08-24 08:00:00+00:00,2026-08-25 08:00:00+00:00,57257.7669075,40587.08203125,3,is_weekend,0.0,-2028.03564453125,2028.03564453125,-
DE_20260824_0800,DE,Germany,XGBoost,24,2026-08-24 08:00:00+00:00,2026-08-25 08:00:00+00:00,57257.7669075,40587.08203125,4,wind_onshore_mw_lag1h,2701.8895975,1625.0164794921875,1625.0164794921875,+
DE_20260824_0800,DE,Germany,XGBoost,24,2026-08-24 08:00:00+00:00,2026-08-25 08:00:00+00:00,57257.7669075,40587.08203125,5,rolling_mean_168h,46761.82517686012,-960.087158203125,960.087158203125,-
DE_20260824_0800,DE,Germany,XGBoost,24,2026-08-24 08:00:00+00:00,2026-08-25 08:00:00+00:00,57257.7669075,40587.08203125,6,hour_sin,0.4999999999999999,-936.760009765625,936.760009765625,-
DE_20260824_0800,DE,Germany,XGBoost,24,2026-08-24 08:00:00+00:00,2026-08-25 08:00:00+00:00,57257.7669075,40587.08203125,7,week_of_year,35.0,-917.1622314453125,917.1622314453125,-
DE_20260824_0800,DE,Germany,XGBoost,24,2026-08-24 08:00:00+00:00,2026-08-25 08:00:00+00:00,57257.7669075,40587.08203125,8,dow_cos,1.0,-725.2481079101562,725.2481079101562,-
DE_20260824_0800,DE,Germany,XGBoost,24,2026-08-24 08:00:00+00:00,2026-08-25 08:00:00+00:00,57257.7669075,40587.08203125,9,lag_1h,55496.79274,563.1793212890625,563.1793212890625,+
DE_20260824_0800,DE,Germany,XGBoost,24,2026-08-24 08:00:00+00:00,2026-08-25 08:00:00+00:00,57257.7669075,40587.08203125,10,month_cos,-0.5000000000000004,492.4761657714844,492.4761657714844,+
DE_20260824_0900,DE,Germany,LightGBM,24,2026-08-24 09:00:00+00:00,2026-08-25 09:00:00+00:00,56496.5963775,39282.86973507759,1,month,8.0,-9148.451465283984,9148.451465283984,-
DE_20260824_0900,DE,Germany,LightGBM,24,2026-08-24 09:00:00+00:00,2026-08-25 09:00:00+00:00,56496.5963775,39282.86973507759,2,is_weekend,0.0,-2081.1209149506312,2081.1209149506312,-
DE_20260824_0900,DE,Germany,LightGBM,24,2026-08-24 09:00:00+00:00,2026-08-25 09:00:00+00:00,56496.5963775,39282.86973507759,3,lag_48h,48079.1926475,-2002.9755275577688,2002.9755275577688,-
DE_20260824_0900,DE,Germany,LightGBM,24,2026-08-24 09:00:00+00:00,2026-08-25 09:00:00+00:00,56496.5963775,39282.86973507759,4,wind_onshore_mw_lag1h,2572.66053,1813.7514062958035,1813.7514062958035,+
DE_20260824_0900,DE,Germany,LightGBM,24,2026-08-24 09:00:00+00:00,2026-08-25 09:00:00+00:00,56496.5963775,39282.86973507759,5,rolling_mean_168h,46745.43301877977,-1476.278031604616,1476.278031604616,-
DE_20260824_0900,DE,Germany,LightGBM,24,2026-08-24 09:00:00+00:00,2026-08-25 09:00:00+00:00,56496.5963775,39282.86973507759,6,hour_sin,0.258819045102521,-1223.6231922419154,1223.6231922419154,-
DE_20260824_0900,DE,Germany,LightGBM,24,2026-08-24 09:00:00+00:00,2026-08-25 09:00:00+00:00,56496.5963775,39282.86973507759,7,dow_cos,1.0,-530.321096251702,530.321096251702,-
DE_20260824_0900,DE,Germany,LightGBM,24,2026-08-24 09:00:00+00:00,2026-08-25 09:00:00+00:00,56496.5963775,39282.86973507759,8,hydro_reservoir_mw_lag1h,29.888325,-488.1214152823311,488.1214152823311,-
DE_20260824_0900,DE,Germany,LightGBM,24,2026-08-24 09:00:00+00:00,2026-08-25 09:00:00+00:00,56496.5963775,39282.86973507759,9,month_sin,-0.8660254037844384,486.364867665445,486.364867665445,+
DE_20260824_0900,DE,Germany,LightGBM,24,2026-08-24 09:00:00+00:00,2026-08-25 09:00:00+00:00,56496.5963775,39282.86973507759,10,year,2026.0,-452.0374584910814,452.0374584910814,-
DE_20260824_0900,DE,Germany,XGBoost,24,2026-08-24 09:00:00+00:00,2026-08-25 09:00:00+00:00,56496.5963775,39734.1484375,1,month,8.0,-8675.7880859375,8675.7880859375,-
DE_20260824_0900,DE,Germany,XGBoost,24,2026-08-24 09:00:00+00:00,2026-08-25 09:00:00+00:00,56496.5963775,39734.1484375,2,lag_48h,48079.1926475,-2050.58154296875,2050.58154296875,-
DE_20260824_0900,DE,Germany,XGBoost,24,2026-08-24 09:00:00+00:00,2026-08-25 09:00:00+00:00,56496.5963775,39734.1484375,3,is_weekend,0.0,-1991.6456298828125,1991.6456298828125,-
DE_20260824_0900,DE,Germany,XGBoost,24,2026-08-24 09:00:00+00:00,2026-08-25 09:00:00+00:00,56496.5963775,39734.1484375,4,wind_onshore_mw_lag1h,2572.66053,1603.93212890625,1603.93212890625,+
DE_20260824_0900,DE,Germany,XGBoost,24,2026-08-24 09:00:00+00:00,2026-08-25 09:00:00+00:00,56496.5963775,39734.1484375,5,rolling_mean_168h,46745.43301877977,-998.5797729492188,998.5797729492188,-
DE_20260824_0900,DE,Germany,XGBoost,24,2026-08-24 09:00:00+00:00,2026-08-25 09:00:00+00:00,56496.5963775,39734.1484375,6,hour_sin,0.258819045102521,-932.5263061523438,932.5263061523438,-
DE_20260824_0900,DE,Germany,XGBoost,24,2026-08-24 09:00:00+00:00,2026-08-25 09:00:00+00:00,56496.5963775,39734.1484375,7,week_of_year,35.0,-917.0678100585938,917.0678100585938,-
DE_20260824_0900,DE,Germany,XGBoost,24,2026-08-24 09:00:00+00:00,2026-08-25 09:00:00+00:00,56496.5963775,39734.1484375,8,dow_cos,1.0,-626.2371215820312,626.2371215820312,-
DE_20260824_0900,DE,Germany,XGBoost,24,2026-08-24 09:00:00+00:00,2026-08-25 09:00:00+00:00,56496.5963775,39734.1484375,9,lag_1h,55283.36325,589.1348266601562,589.1348266601562,+
DE_20260824_0900,DE,Germany,XGBoost,24,2026-08-24 09:00:00+00:00,2026-08-25 09:00:00+00:00,56496.5963775,39734.1484375,10,hydro_pumped_mw_lag1h,4.8591,-522.9895629882812,522.9895629882812,-
DE_20260824_1000,DE,Germany,LightGBM,24,2026-08-24 10:00:00+00:00,2026-08-25 10:00:00+00:00,55393.1148625,39282.86973507759,1,month,8.0,-9148.552292217719,9148.552292217719,-
DE_20260824_1000,DE,Germany,LightGBM,24,2026-08-24 10:00:00+00:00,2026-08-25 10:00:00+00:00,55393.1148625,39282.86973507759,2,is_weekend,0.0,-2081.1209149506312,2081.1209149506312,-
DE_20260824_1000,DE,Germany,LightGBM,24,2026-08-24 10:00:00+00:00,2026-08-25 10:00:00+00:00,55393.1148625,39282.86973507759,3,lag_48h,46156.4029075,-2003.7905931236462,2003.7905931236462,-
DE_20260824_1000,DE,Germany,LightGBM,24,2026-08-24 10:00:00+00:00,2026-08-25 10:00:00+00:00,55393.1148625,39282.86973507759,4,wind_onshore_mw_lag1h,2650.4253,1813.4954890051197,1813.4954890051197,+
DE_20260824_1000,DE,Germany,LightGBM,24,2026-08-24 10:00:00+00:00,2026-08-25 10:00:00+00:00,55393.1148625,39282.86973507759,5,rolling_mean_168h,46718.80659168155,-1475.7201704682027,1475.7201704682027,-
DE_20260824_1000,DE,Germany,LightGBM,24,2026-08-24 10:00:00+00:00,2026-08-25 10:00:00+00:00,55393.1148625,39282.86973507759,6,hour_sin,1.2246467991473532e-16,-1223.6231922419154,1223.6231922419154,-
DE_20260824_1000,DE,Germany,LightGBM,24,2026-08-24 10:00:00+00:00,2026-08-25 10:00:00+00:00,55393.1148625,39282.86973507759,7,dow_cos,1.0,-529.8040770840123,529.8040770840123,-
DE_20260824_1000,DE,Germany,LightGBM,24,2026-08-24 10:00:00+00:00,2026-08-25 10:00:00+00:00,55393.1148625,39282.86973507759,8,hydro_reservoir_mw_lag1h,32.079025,-488.1198920160469,488.1198920160469,-
DE_20260824_1000,DE,Germany,LightGBM,24,2026-08-24 10:00:00+00:00,2026-08-25 10:00:00+00:00,55393.1148625,39282.86973507759,9,month_sin,-0.8660254037844384,486.364867665445,486.364867665445,+
DE_20260824_1000,DE,Germany,LightGBM,24,2026-08-24 10:00:00+00:00,2026-08-25 10:00:00+00:00,55393.1148625,39282.86973507759,10,year,2026.0,-452.0374584910814,452.0374584910814,-
DE_20260824_1000,DE,Germany,XGBoost,24,2026-08-24 10:00:00+00:00,2026-08-25 10:00:00+00:00,55393.1148625,39606.296875,1,month,8.0,-8676.8154296875,8676.8154296875,-
DE_20260824_1000,DE,Germany,XGBoost,24,2026-08-24 10:00:00+00:00,2026-08-25 10:00:00+00:00,55393.1148625,39606.296875,2,lag_48h,46156.4029075,-2051.04443359375,2051.04443359375,-
DE_20260824_1000,DE,Germany,XGBoost,24,2026-08-24 10:00:00+00:00,2026-08-25 10:00:00+00:00,55393.1148625,39606.296875,3,is_weekend,0.0,-1997.8377685546875,1997.8377685546875,-
DE_20260824_1000,DE,Germany,XGBoost,24,2026-08-24 10:00:00+00:00,2026-08-25 10:00:00+00:00,55393.1148625,39606.296875,4,wind_onshore_mw_lag1h,2650.4253,1595.0853271484375,1595.0853271484375,+
DE_20260824_1000,DE,Germany,XGBoost,24,2026-08-24 10:00:00+00:00,2026-08-25 10:00:00+00:00,55393.1148625,39606.296875,5,rolling_mean_168h,46718.80659168155,-998.21533203125,998.21533203125,-
DE_20260824_1000,DE,Germany,XGBoost,24,2026-08-24 10:00:00+00:00,2026-08-25 10:00:00+00:00,55393.1148625,39606.296875,6,hour_sin,1.2246467991473532e-16,-932.4567260742188,932.4567260742188,-
DE_20260824_1000,DE,Germany,XGBoost,24,2026-08-24 10:00:00+00:00,2026-08-25 10:00:00+00:00,55393.1148625,39606.296875,7,week_of_year,35.0,-916.6312866210938,916.6312866210938,-
DE_20260824_1000,DE,Germany,XGBoost,24,2026-08-24 10:00:00+00:00,2026-08-25 10:00:00+00:00,55393.1148625,39606.296875,8,dow_cos,1.0,-615.7546997070312,615.7546997070312,-
DE_20260824_1000,DE,Germany,XGBoost,24,2026-08-24 10:00:00+00:00,2026-08-25 10:00:00+00:00,55393.1148625,39606.296875,9,lag_1h,54670.921275,587.9480590820312,587.9480590820312,+
DE_20260824_1000,DE,Germany,XGBoost,24,2026-08-24 10:00:00+00:00,2026-08-25 10:00:00+00:00,55393.1148625,39606.296875,10,hydro_pumped_mw_lag1h,17.4581,-525.8314819335938,525.8314819335938,-
DE_20260824_1100,DE,Germany,LightGBM,24,2026-08-24 11:00:00+00:00,2026-08-25 11:00:00+00:00,55104.0138075,38802.053485883305,1,month,8.0,-9166.097335022523,9166.097335022523,-
DE_20260824_1100,DE,Germany,LightGBM,24,2026-08-24 11:00:00+00:00,2026-08-25 11:00:00+00:00,55104.0138075,38802.053485883305,2,is_weekend,0.0,-2085.6942106600904,2085.6942106600904,-
DE_20260824_1100,DE,Germany,LightGBM,24,2026-08-24 11:00:00+00:00,2026-08-25 11:00:00+00:00,55104.0138075,38802.053485883305,3,lag_48h,44945.585075,-2063.748592700849,2063.748592700849,-
DE_20260824_1100,DE,Germany,LightGBM,24,2026-08-24 11:00:00+00:00,2026-08-25 11:00:00+00:00,55104.0138075,38802.053485883305,4,wind_onshore_mw_lag1h,2570.47133,1813.4770337308062,1813.4770337308062,+
DE_20260824_1100,DE,Germany,LightGBM,24,2026-08-24 11:00:00+00:00,2026-08-25 11:00:00+00:00,55104.0138075,38802.053485883305,5,rolling_mean_168h,46691.48420193452,-1475.043655918531,1475.043655918531,-
DE_20260824_1100,DE,Germany,LightGBM,24,2026-08-24 11:00:00+00:00,2026-08-25 11:00:00+00:00,55104.0138075,38802.053485883305,6,hour_sin,-0.2588190451025208,-1232.5669770652353,1232.5669770652353,-
DE_20260824_1100,DE,Germany,LightGBM,24,2026-08-24 11:00:00+00:00,2026-08-25 11:00:00+00:00,55104.0138075,38802.053485883305,7,dow_cos,1.0,-557.7472876774158,557.7472876774158,-
DE_20260824_1100,DE,Germany,LightGBM,24,2026-08-24 11:00:00+00:00,2026-08-25 11:00:00+00:00,55104.0138075,38802.053485883305,8,rolling_max_24h,55496.79274,-512.6917909858854,512.6917909858854,-
DE_20260824_1100,DE,Germany,LightGBM,24,2026-08-24 11:00:00+00:00,2026-08-25 11:00:00+00:00,55104.0138075,38802.053485883305,9,hydro_reservoir_mw_lag1h,5.245075,-486.4226544122193,486.4226544122193,-
DE_20260824_1100,DE,Germany,LightGBM,24,2026-08-24 11:00:00+00:00,2026-08-25 11:00:00+00:00,55104.0138075,38802.053485883305,10,month_sin,-0.8660254037844384,479.0022576254697,479.0022576254697,+
DE_20260824_1100,DE,Germany,XGBoost,24,2026-08-24 11:00:00+00:00,2026-08-25 11:00:00+00:00,55104.0138075,39599.83984375,1,month,8.0,-8668.892578125,8668.892578125,-
DE_20260824_1100,DE,Germany,XGBoost,24,2026-08-24 11:00:00+00:00,2026-08-25 11:00:00+00:00,55104.0138075,39599.83984375,2,lag_48h,44945.585075,-2060.8984375,2060.8984375,-
DE_20260824_1100,DE,Germany,XGBoost,24,2026-08-24 11:00:00+00:00,2026-08-25 11:00:00+00:00,55104.0138075,39599.83984375,3,is_weekend,0.0,-2008.6754150390625,2008.6754150390625,-
DE_20260824_1100,DE,Germany,XGBoost,24,2026-08-24 11:00:00+00:00,2026-08-25 11:00:00+00:00,55104.0138075,39599.83984375,4,wind_onshore_mw_lag1h,2570.47133,1575.81103515625,1575.81103515625,+
DE_20260824_1100,DE,Germany,XGBoost,24,2026-08-24 11:00:00+00:00,2026-08-25 11:00:00+00:00,55104.0138075,39599.83984375,5,rolling_mean_168h,46691.48420193452,-997.841064453125,997.841064453125,-
DE_20260824_1100,DE,Germany,XGBoost,24,2026-08-24 11:00:00+00:00,2026-08-25 11:00:00+00:00,55104.0138075,39599.83984375,6,hour_sin,-0.2588190451025208,-931.2922973632812,931.2922973632812,-
DE_20260824_1100,DE,Germany,XGBoost,24,2026-08-24 11:00:00+00:00,2026-08-25 11:00:00+00:00,55104.0138075,39599.83984375,7,week_of_year,35.0,-926.183349609375,926.183349609375,-
DE_20260824_1100,DE,Germany,XGBoost,24,2026-08-24 11:00:00+00:00,2026-08-25 11:00:00+00:00,55104.0138075,39599.83984375,8,dow_cos,1.0,-615.7546997070312,615.7546997070312,-
DE_20260824_1100,DE,Germany,XGBoost,24,2026-08-24 11:00:00+00:00,2026-08-25 11:00:00+00:00,55104.0138075,39599.83984375,9,lag_1h,54492.878945,589.4043579101562,589.4043579101562,+
DE_20260824_1100,DE,Germany,XGBoost,24,2026-08-24 11:00:00+00:00,2026-08-25 11:00:00+00:00,55104.0138075,39599.83984375,10,month_cos,-0.5000000000000004,557.9948120117188,557.9948120117188,+
DE_20260824_1200,DE,Germany,LightGBM,24,2026-08-24 12:00:00+00:00,2026-08-25 12:00:00+00:00,53856.089665,38802.053485883305,1,month,8.0,-9166.097335022523,9166.097335022523,-
DE_20260824_1200,DE,Germany,LightGBM,24,2026-08-24 12:00:00+00:00,2026-08-25 12:00:00+00:00,53856.089665,38802.053485883305,2,is_weekend,0.0,-2085.6942106600904,2085.6942106600904,-
DE_20260824_1200,DE,Germany,LightGBM,24,2026-08-24 12:00:00+00:00,2026-08-25 12:00:00+00:00,53856.089665,38802.053485883305,3,lag_48h,43641.8042275,-2063.748592700849,2063.748592700849,-
DE_20260824_1200,DE,Germany,LightGBM,24,2026-08-24 12:00:00+00:00,2026-08-25 12:00:00+00:00,53856.089665,38802.053485883305,4,wind_onshore_mw_lag1h,2477.77605,1813.4770337308062,1813.4770337308062,+
DE_20260824_1200,DE,Germany,LightGBM,24,2026-08-24 12:00:00+00:00,2026-08-25 12:00:00+00:00,53856.089665,38802.053485883305,5,rolling_mean_168h,46668.039428497024,-1475.043655918531,1475.043655918531,-
DE_20260824_1200,DE,Germany,LightGBM,24,2026-08-24 12:00:00+00:00,2026-08-25 12:00:00+00:00,53856.089665,38802.053485883305,6,hour_sin,-0.4999999999999997,-1232.5669770652353,1232.5669770652353,-
DE_20260824_1200,DE,Germany,LightGBM,24,2026-08-24 12:00:00+00:00,2026-08-25 12:00:00+00:00,53856.089665,38802.053485883305,7,dow_cos,1.0,-557.7472876774158,557.7472876774158,-
DE_20260824_1200,DE,Germany,LightGBM,24,2026-08-24 12:00:00+00:00,2026-08-25 12:00:00+00:00,53856.089665,38802.053485883305,8,rolling_max_24h,55496.79274,-512.5996976824193,512.5996976824193,-
DE_20260824_1200,DE,Germany,LightGBM,24,2026-08-24 12:00:00+00:00,2026-08-25 12:00:00+00:00,53856.089665,38802.053485883305,9,hydro_reservoir_mw_lag1h,3.561675,-486.4226544122193,486.4226544122193,-
DE_20260824_1200,DE,Germany,LightGBM,24,2026-08-24 12:00:00+00:00,2026-08-25 12:00:00+00:00,53856.089665,38802.053485883305,10,month_sin,-0.8660254037844384,478.97050769152384,478.97050769152384,+
DE_20260824_1200,DE,Germany,XGBoost,24,2026-08-24 12:00:00+00:00,2026-08-25 12:00:00+00:00,53856.089665,39599.83984375,1,month,8.0,-8672.86328125,8672.86328125,-
DE_20260824_1200,DE,Germany,XGBoost,24,2026-08-24 12:00:00+00:00,2026-08-25 12:00:00+00:00,53856.089665,39599.83984375,2,lag_48h,43641.8042275,-2057.2109375,2057.2109375,-
DE_20260824_1200,DE,Germany,XGBoost,24,2026-08-24 12:00:00+00:00,2026-08-25 12:00:00+00:00,53856.089665,39599.83984375,3,is_weekend,0.0,-2008.6754150390625,2008.6754150390625,-
DE_20260824_1200,DE,Germany,XGBoost,24,2026-08-24 12:00:00+00:00,2026-08-25 12:00:00+00:00,53856.089665,39599.83984375,4,wind_onshore_mw_lag1h,2477.77605,1575.81103515625,1575.81103515625,+
DE_20260824_1200,DE,Germany,XGBoost,24,2026-08-24 12:00:00+00:00,2026-08-25 12:00:00+00:00,53856.089665,39599.83984375,5,rolling_mean_168h,46668.039428497024,-997.841064453125,997.841064453125,-
DE_20260824_1200,DE,Germany,XGBoost,24,2026-08-24 12:00:00+00:00,2026-08-25 12:00:00+00:00,53856.089665,39599.83984375,6,hour_sin,-0.4999999999999997,-931.2922973632812,931.2922973632812,-
DE_20260824_1200,DE,Germany,XGBoost,24,2026-08-24 12:00:00+00:00,2026-08-25 12:00:00+00:00,53856.089665,39599.83984375,7,week_of_year,35.0,-926.183349609375,926.183349609375,-
DE_20260824_1200,DE,Germany,XGBoost,24,2026-08-24 12:00:00+00:00,2026-08-25 12:00:00+00:00,53856.089665,39599.83984375,8,dow_cos,1.0,-615.7546997070312,615.7546997070312,-
DE_20260824_1200,DE,Germany,XGBoost,24,2026-08-24 12:00:00+00:00,2026-08-25 12:00:00+00:00,53856.089665,39599.83984375,9,lag_1h,54110.6026175,589.4043579101562,589.4043579101562,+
DE_20260824_1200,DE,Germany,XGBoost,24,2026-08-24 12:00:00+00:00,2026-08-25 12:00:00+00:00,53856.089665,39599.83984375,10,month_cos,-0.5000000000000004,558.795166015625,558.795166015625,+
DE_20260824_1300,DE,Germany,LightGBM,24,2026-08-24 13:00:00+00:00,2026-08-25 13:00:00+00:00,54206.046445,38761.84258385932,1,month,8.0,-9269.273199190286,9269.273199190286,-
DE_20260824_1300,DE,Germany,LightGBM,24,2026-08-24 13:00:00+00:00,2026-08-25 13:00:00+00:00,54206.046445,38761.84258385932,2,lag_48h,43127.2064125,-2099.1022111726625,2099.1022111726625,-
DE_20260824_1300,DE,Germany,LightGBM,24,2026-08-24 13:00:00+00:00,2026-08-25 13:00:00+00:00,54206.046445,38761.84258385932,3,is_weekend,0.0,-1992.044186950336,1992.044186950336,-
DE_20260824_1300,DE,Germany,LightGBM,24,2026-08-24 13:00:00+00:00,2026-08-25 13:00:00+00:00,54206.046445,38761.84258385932,4,wind_onshore_mw_lag1h,2646.0211125,1818.7566667589117,1818.7566667589117,+
DE_20260824_1300,DE,Germany,LightGBM,24,2026-08-24 13:00:00+00:00,2026-08-25 13:00:00+00:00,54206.046445,38761.84258385932,5,rolling_mean_168h,46646.1646503125,-1462.3528153906896,1462.3528153906896,-
DE_20260824_1300,DE,Germany,LightGBM,24,2026-08-24 13:00:00+00:00,2026-08-25 13:00:00+00:00,54206.046445,38761.84258385932,6,hour_sin,-0.7071067811865471,-1254.7813898426728,1254.7813898426728,-
DE_20260824_1300,DE,Germany,LightGBM,24,2026-08-24 13:00:00+00:00,2026-08-25 13:00:00+00:00,54206.046445,38761.84258385932,7,dow_cos,1.0,-642.3416797020207,642.3416797020207,-
DE_20260824_1300,DE,Germany,LightGBM,24,2026-08-24 13:00:00+00:00,2026-08-25 13:00:00+00:00,54206.046445,38761.84258385932,8,rolling_max_24h,55496.79274,-515.6580281816082,515.6580281816082,-
DE_20260824_1300,DE,Germany,LightGBM,24,2026-08-24 13:00:00+00:00,2026-08-25 13:00:00+00:00,54206.046445,38761.84258385932,9,month_sin,-0.8660254037844384,462.0986683127488,462.0986683127488,+
DE_20260824_1300,DE,Germany,LightGBM,24,2026-08-24 13:00:00+00:00,2026-08-25 13:00:00+00:00,54206.046445,38761.84258385932,10,year,2026.0,-457.82693140075656,457.82693140075656,-
DE_20260824_1300,DE,Germany,XGBoost,24,2026-08-24 13:00:00+00:00,2026-08-25 13:00:00+00:00,54206.046445,40312.390625,1,month,8.0,-8906.8330078125,8906.8330078125,-
DE_20260824_1300,DE,Germany,XGBoost,24,2026-08-24 13:00:00+00:00,2026-08-25 13:00:00+00:00,54206.046445,40312.390625,2,lag_48h,43127.2064125,-2095.80859375,2095.80859375,-
DE_20260824_1300,DE,Germany,XGBoost,24,2026-08-24 13:00:00+00:00,2026-08-25 13:00:00+00:00,54206.046445,40312.390625,3,is_weekend,0.0,-1996.955078125,1996.955078125,-
DE_20260824_1300,DE,Germany,XGBoost,24,2026-08-24 13:00:00+00:00,2026-08-25 13:00:00+00:00,54206.046445,40312.390625,4,wind_onshore_mw_lag1h,2646.0211125,1580.8427734375,1580.8427734375,+
DE_20260824_1300,DE,Germany,XGBoost,24,2026-08-24 13:00:00+00:00,2026-08-25 13:00:00+00:00,54206.046445,40312.390625,5,rolling_mean_168h,46646.1646503125,-951.161865234375,951.161865234375,-
DE_20260824_1300,DE,Germany,XGBoost,24,2026-08-24 13:00:00+00:00,2026-08-25 13:00:00+00:00,54206.046445,40312.390625,6,hour_sin,-0.7071067811865471,-946.5484619140625,946.5484619140625,-
DE_20260824_1300,DE,Germany,XGBoost,24,2026-08-24 13:00:00+00:00,2026-08-25 13:00:00+00:00,54206.046445,40312.390625,7,week_of_year,35.0,-931.2024536132812,931.2024536132812,-
DE_20260824_1300,DE,Germany,XGBoost,24,2026-08-24 13:00:00+00:00,2026-08-25 13:00:00+00:00,54206.046445,40312.390625,8,dow_cos,1.0,-640.5908813476562,640.5908813476562,-
DE_20260824_1300,DE,Germany,XGBoost,24,2026-08-24 13:00:00+00:00,2026-08-25 13:00:00+00:00,54206.046445,40312.390625,9,lag_1h,52116.5084875,564.8511962890625,564.8511962890625,+
DE_20260824_1300,DE,Germany,XGBoost,24,2026-08-24 13:00:00+00:00,2026-08-25 13:00:00+00:00,54206.046445,40312.390625,10,month_cos,-0.5000000000000004,517.259033203125,517.259033203125,+
DE_20260824_1400,DE,Germany,LightGBM,24,2026-08-24 14:00:00+00:00,2026-08-25 14:00:00+00:00,54212.911205,38914.29911690252,1,month,8.0,-9272.469667715211,9272.469667715211,-
DE_20260824_1400,DE,Germany,LightGBM,24,2026-08-24 14:00:00+00:00,2026-08-25 14:00:00+00:00,54212.911205,38914.29911690252,2,lag_48h,42669.6681025,-2075.332616415849,2075.332616415849,-
DE_20260824_1400,DE,Germany,LightGBM,24,2026-08-24 14:00:00+00:00,2026-08-25 14:00:00+00:00,54212.911205,38914.29911690252,3,is_weekend,0.0,-1995.4460372725796,1995.4460372725796,-
DE_20260824_1400,DE,Germany,LightGBM,24,2026-08-24 14:00:00+00:00,2026-08-25 14:00:00+00:00,54212.911205,38914.29911690252,4,wind_onshore_mw_lag1h,3021.45305,1823.8854636185254,1823.8854636185254,+
DE_20260824_1400,DE,Germany,LightGBM,24,2026-08-24 14:00:00+00:00,2026-08-25 14:00:00+00:00,54212.911205,38914.29911690252,5,rolling_mean_168h,46623.27733616071,-1484.5968957257965,1484.5968957257965,-
DE_20260824_1400,DE,Germany,LightGBM,24,2026-08-24 14:00:00+00:00,2026-08-25 14:00:00+00:00,54212.911205,38914.29911690252,6,hour_sin,-0.8660254037844384,-1256.5417821304866,1256.5417821304866,-
DE_20260824_1400,DE,Germany,LightGBM,24,2026-08-24 14:00:00+00:00,2026-08-25 14:00:00+00:00,54212.911205,38914.29911690252,7,dow_cos,1.0,-614.5884541994459,614.5884541994459,-
DE_20260824_1400,DE,Germany,LightGBM,24,2026-08-24 14:00:00+00:00,2026-08-25 14:00:00+00:00,54212.911205,38914.29911690252,8,hydro_reservoir_mw_lag1h,157.56275,-553.3836382895913,553.3836382895913,-
DE_20260824_1400,DE,Germany,LightGBM,24,2026-08-24 14:00:00+00:00,2026-08-25 14:00:00+00:00,54212.911205,38914.29911690252,9,rolling_max_24h,55496.79274,-511.3824829300649,511.3824829300649,-
DE_20260824_1400,DE,Germany,LightGBM,24,2026-08-24 14:00:00+00:00,2026-08-25 14:00:00+00:00,54212.911205,38914.29911690252,10,month_sin,-0.8660254037844384,476.72730822567036,476.72730822567036,+
DE_20260824_1400,DE,Germany,XGBoost,24,2026-08-24 14:00:00+00:00,2026-08-25 14:00:00+00:00,54212.911205,39866.05859375,1,month,8.0,-8944.3984375,8944.3984375,-
DE_20260824_1400,DE,Germany,XGBoost,24,2026-08-24 14:00:00+00:00,2026-08-25 14:00:00+00:00,54212.911205,39866.05859375,2,lag_48h,42669.6681025,-2126.332275390625,2126.332275390625,-
DE_20260824_1400,DE,Germany,XGBoost,24,2026-08-24 14:00:00+00:00,2026-08-25 14:00:00+00:00,54212.911205,39866.05859375,3,is_weekend,0.0,-2040.1612548828125,2040.1612548828125,-
DE_20260824_1400,DE,Germany,XGBoost,24,2026-08-24 14:00:00+00:00,2026-08-25 14:00:00+00:00,54212.911205,39866.05859375,4,wind_onshore_mw_lag1h,3021.45305,1602.2801513671875,1602.2801513671875,+
DE_20260824_1400,DE,Germany,XGBoost,24,2026-08-24 14:00:00+00:00,2026-08-25 14:00:00+00:00,54212.911205,39866.05859375,5,rolling_mean_168h,46623.27733616071,-996.867919921875,996.867919921875,-
DE_20260824_1400,DE,Germany,XGBoost,24,2026-08-24 14:00:00+00:00,2026-08-25 14:00:00+00:00,54212.911205,39866.05859375,6,week_of_year,35.0,-926.4158325195312,926.4158325195312,-
DE_20260824_1400,DE,Germany,XGBoost,24,2026-08-24 14:00:00+00:00,2026-08-25 14:00:00+00:00,54212.911205,39866.05859375,7,hour_sin,-0.8660254037844384,-902.4456787109375,902.4456787109375,-
DE_20260824_1400,DE,Germany,XGBoost,24,2026-08-24 14:00:00+00:00,2026-08-25 14:00:00+00:00,54212.911205,39866.05859375,8,dow_cos,1.0,-658.5724487304688,658.5724487304688,-
DE_20260824_1400,DE,Germany,XGBoost,24,2026-08-24 14:00:00+00:00,2026-08-25 14:00:00+00:00,54212.911205,39866.05859375,9,lag_1h,51030.9930425,586.5242919921875,586.5242919921875,+
DE_20260824_1400,DE,Germany,XGBoost,24,2026-08-24 14:00:00+00:00,2026-08-25 14:00:00+00:00,54212.911205,39866.05859375,10,month_cos,-0.5000000000000004,566.3853759765625,566.3853759765625,+
DE_20260824_1500,DE,Germany,LightGBM,24,2026-08-24 15:00:00+00:00,2026-08-25 15:00:00+00:00,54927.456675,39624.72639691055,1,month,8.0,-9234.293462447671,9234.293462447671,-
DE_20260824_1500,DE,Germany,LightGBM,24,2026-08-24 15:00:00+00:00,2026-08-25 15:00:00+00:00,54927.456675,39624.72639691055,2,lag_48h,44503.736295,-2016.9404821633677,2016.9404821633677,-
DE_20260824_1500,DE,Germany,LightGBM,24,2026-08-24 15:00:00+00:00,2026-08-25 15:00:00+00:00,54927.456675,39624.72639691055,3,is_weekend,0.0,-1956.5062429891136,1956.5062429891136,-
DE_20260824_1500,DE,Germany,LightGBM,24,2026-08-24 15:00:00+00:00,2026-08-25 15:00:00+00:00,54927.456675,39624.72639691055,4,wind_onshore_mw_lag1h,3644.8424825,1824.3745199510013,1824.3745199510013,+
DE_20260824_1500,DE,Germany,LightGBM,24,2026-08-24 15:00:00+00:00,2026-08-25 15:00:00+00:00,54927.456675,39624.72639691055,5,rolling_mean_168h,46615.81996473215,-1487.059421043213,1487.059421043213,-
DE_20260824_1500,DE,Germany,LightGBM,24,2026-08-24 15:00:00+00:00,2026-08-25 15:00:00+00:00,54927.456675,39624.72639691055,6,hour_sin,-0.9659258262890684,-1248.5986970277454,1248.5986970277454,-
DE_20260824_1500,DE,Germany,LightGBM,24,2026-08-24 15:00:00+00:00,2026-08-25 15:00:00+00:00,54927.456675,39624.72639691055,7,dow_cos,1.0,-589.087435942987,589.087435942987,-
DE_20260824_1500,DE,Germany,LightGBM,24,2026-08-24 15:00:00+00:00,2026-08-25 15:00:00+00:00,54927.456675,39624.72639691055,8,hydro_reservoir_mw_lag1h,110.481275,-546.4953997724717,546.4953997724717,-
DE_20260824_1500,DE,Germany,LightGBM,24,2026-08-24 15:00:00+00:00,2026-08-25 15:00:00+00:00,54927.456675,39624.72639691055,9,month_sin,-0.8660254037844384,482.1556843827307,482.1556843827307,+
DE_20260824_1500,DE,Germany,LightGBM,24,2026-08-24 15:00:00+00:00,2026-08-25 15:00:00+00:00,54927.456675,39624.72639691055,10,year,2026.0,-449.1365203180819,449.1365203180819,-
DE_20260824_1500,DE,Germany,XGBoost,24,2026-08-24 15:00:00+00:00,2026-08-25 15:00:00+00:00,54927.456675,39971.02734375,1,month,8.0,-8926.884765625,8926.884765625,-
DE_20260824_1500,DE,Germany,XGBoost,24,2026-08-24 15:00:00+00:00,2026-08-25 15:00:00+00:00,54927.456675,39971.02734375,2,lag_48h,44503.736295,-2067.331787109375,2067.331787109375,-
DE_20260824_1500,DE,Germany,XGBoost,24,2026-08-24 15:00:00+00:00,2026-08-25 15:00:00+00:00,54927.456675,39971.02734375,3,is_weekend,0.0,-2030.7587890625,2030.7587890625,-
DE_20260824_1500,DE,Germany,XGBoost,24,2026-08-24 15:00:00+00:00,2026-08-25 15:00:00+00:00,54927.456675,39971.02734375,4,wind_onshore_mw_lag1h,3644.8424825,1605.426025390625,1605.426025390625,+
DE_20260824_1500,DE,Germany,XGBoost,24,2026-08-24 15:00:00+00:00,2026-08-25 15:00:00+00:00,54927.456675,39971.02734375,5,rolling_mean_168h,46615.81996473215,-997.1141357421875,997.1141357421875,-
DE_20260824_1500,DE,Germany,XGBoost,24,2026-08-24 15:00:00+00:00,2026-08-25 15:00:00+00:00,54927.456675,39971.02734375,6,week_of_year,35.0,-928.5853881835938,928.5853881835938,-
DE_20260824_1500,DE,Germany,XGBoost,24,2026-08-24 15:00:00+00:00,2026-08-25 15:00:00+00:00,54927.456675,39971.02734375,7,hour_sin,-0.9659258262890684,-902.2930908203125,902.2930908203125,-
DE_20260824_1500,DE,Germany,XGBoost,24,2026-08-24 15:00:00+00:00,2026-08-25 15:00:00+00:00,54927.456675,39971.02734375,8,dow_cos,1.0,-664.7874145507812,664.7874145507812,-
DE_20260824_1500,DE,Germany,XGBoost,24,2026-08-24 15:00:00+00:00,2026-08-25 15:00:00+00:00,54927.456675,39971.02734375,9,lag_1h,51868.0903575,591.092041015625,591.092041015625,+
DE_20260824_1500,DE,Germany,XGBoost,24,2026-08-24 15:00:00+00:00,2026-08-25 15:00:00+00:00,54927.456675,39971.02734375,10,month_cos,-0.5000000000000004,526.7158203125,526.7158203125,+
DE_20260824_1600,DE,Germany,LightGBM,24,2026-08-24 16:00:00+00:00,2026-08-25 16:00:00+00:00,55529.1802025,39724.539128893724,1,month,8.0,-9228.456034695,9228.456034695,-
DE_20260824_1600,DE,Germany,LightGBM,24,2026-08-24 16:00:00+00:00,2026-08-25 16:00:00+00:00,55529.1802025,39724.539128893724,2,lag_48h,44404.2258525,-2003.5236806066323,2003.5236806066323,-
DE_20260824_1600,DE,Germany,LightGBM,24,2026-08-24 16:00:00+00:00,2026-08-25 16:00:00+00:00,55529.1802025,39724.539128893724,3,is_weekend,0.0,-1956.3071734543958,1956.3071734543958,-
DE_20260824_1600,DE,Germany,LightGBM,24,2026-08-24 16:00:00+00:00,2026-08-25 16:00:00+00:00,55529.1802025,39724.539128893724,4,wind_onshore_mw_lag1h,4636.667555,1825.4159691714367,1825.4159691714367,+
DE_20260824_1600,DE,Germany,LightGBM,24,2026-08-24 16:00:00+00:00,2026-08-25 16:00:00+00:00,55529.1802025,39724.539128893724,5,rolling_mean_168h,46619.02784875,-1477.9943337296024,1477.9943337296024,-
DE_20260824_1600,DE,Germany,LightGBM,24,2026-08-24 16:00:00+00:00,2026-08-25 16:00:00+00:00,55529.1802025,39724.539128893724,6,hour_sin,-1.0,-1248.504570932009,1248.504570932009,-
DE_20260824_1600,DE,Germany,LightGBM,24,2026-08-24 16:00:00+00:00,2026-08-25 16:00:00+00:00,55529.1802025,39724.539128893724,7,dow_cos,1.0,-622.2171133195629,622.2171133195629,-
DE_20260824_1600,DE,Germany,LightGBM,24,2026-08-24 16:00:00+00:00,2026-08-25 16:00:00+00:00,55529.1802025,39724.539128893724,8,hydro_reservoir_mw_lag1h,15.951425,-541.2773909890115,541.2773909890115,-
DE_20260824_1600,DE,Germany,LightGBM,24,2026-08-24 16:00:00+00:00,2026-08-25 16:00:00+00:00,55529.1802025,39724.539128893724,9,month_sin,-0.8660254037844384,483.4550040950846,483.4550040950846,+
DE_20260824_1600,DE,Germany,LightGBM,24,2026-08-24 16:00:00+00:00,2026-08-25 16:00:00+00:00,55529.1802025,39724.539128893724,10,year,2026.0,-448.7354147747668,448.7354147747668,-
DE_20260824_1600,DE,Germany,XGBoost,24,2026-08-24 16:00:00+00:00,2026-08-25 16:00:00+00:00,55529.1802025,40194.12890625,1,month,8.0,-8924.560546875,8924.560546875,-
DE_20260824_1600,DE,Germany,XGBoost,24,2026-08-24 16:00:00+00:00,2026-08-25 16:00:00+00:00,55529.1802025,40194.12890625,2,lag_48h,44404.2258525,-2266.7919921875,2266.7919921875,-
DE_20260824_1600,DE,Germany,XGBoost,24,2026-08-24 16:00:00+00:00,2026-08-25 16:00:00+00:00,55529.1802025,40194.12890625,3,is_weekend,0.0,-2020.13330078125,2020.13330078125,-
DE_20260824_1600,DE,Germany,XGBoost,24,2026-08-24 16:00:00+00:00,2026-08-25 16:00:00+00:00,55529.1802025,40194.12890625,4,wind_onshore_mw_lag1h,4636.667555,1596.906982421875,1596.906982421875,+
DE_20260824_1600,DE,Germany,XGBoost,24,2026-08-24 16:00:00+00:00,2026-08-25 16:00:00+00:00,55529.1802025,40194.12890625,5,rolling_mean_168h,46619.02784875,-1010.356201171875,1010.356201171875,-
DE_20260824_1600,DE,Germany,XGBoost,24,2026-08-24 16:00:00+00:00,2026-08-25 16:00:00+00:00,55529.1802025,40194.12890625,6,week_of_year,35.0,-926.25390625,926.25390625,-
DE_20260824_1600,DE,Germany,XGBoost,24,2026-08-24 16:00:00+00:00,2026-08-25 16:00:00+00:00,55529.1802025,40194.12890625,7,hour_sin,-1.0,-925.0512084960938,925.0512084960938,-
DE_20260824_1600,DE,Germany,XGBoost,24,2026-08-24 16:00:00+00:00,2026-08-25 16:00:00+00:00,55529.1802025,40194.12890625,8,dow_cos,1.0,-669.3831787109375,669.3831787109375,-
DE_20260824_1600,DE,Germany,XGBoost,24,2026-08-24 16:00:00+00:00,2026-08-25 16:00:00+00:00,55529.1802025,40194.12890625,9,lag_1h,53586.27489,610.48193359375,610.48193359375,+
DE_20260824_1600,DE,Germany,XGBoost,24,2026-08-24 16:00:00+00:00,2026-08-25 16:00:00+00:00,55529.1802025,40194.12890625,10,hydro_reservoir_mw_lag1h,15.951425,-499.0907897949219,499.0907897949219,-
DE_20260824_1700,DE,Germany,LightGBM,24,2026-08-24 17:00:00+00:00,2026-08-25 17:00:00+00:00,54690.7156475,39724.539128893724,1,month,8.0,-9213.30393163213,9213.30393163213,-
DE_20260824_1700,DE,Germany,LightGBM,24,2026-08-24 17:00:00+00:00,2026-08-25 17:00:00+00:00,54690.7156475,39724.539128893724,2,lag_48h,44825.2379225,-2025.399166018879,2025.399166018879,-
DE_20260824_1700,DE,Germany,LightGBM,24,2026-08-24 17:00:00+00:00,2026-08-25 17:00:00+00:00,54690.7156475,39724.539128893724,3,is_weekend,0.0,-1974.9189353016975,1974.9189353016975,-
DE_20260824_1700,DE,Germany,LightGBM,24,2026-08-24 17:00:00+00:00,2026-08-25 17:00:00+00:00,54690.7156475,39724.539128893724,4,wind_onshore_mw_lag1h,5479.1590825,1831.9532192289278,1831.9532192289278,+
DE_20260824_1700,DE,Germany,LightGBM,24,2026-08-24 17:00:00+00:00,2026-08-25 17:00:00+00:00,54690.7156475,39724.539128893724,5,rolling_mean_168h,46626.14124513393,-1484.881547086996,1484.881547086996,-
DE_20260824_1700,DE,Germany,LightGBM,24,2026-08-24 17:00:00+00:00,2026-08-25 17:00:00+00:00,54690.7156475,39724.539128893724,6,hour_sin,-0.9659258262890684,-1249.531052619851,1249.531052619851,-
DE_20260824_1700,DE,Germany,LightGBM,24,2026-08-24 17:00:00+00:00,2026-08-25 17:00:00+00:00,54690.7156475,39724.539128893724,7,dow_cos,1.0,-622.4245406286201,622.4245406286201,-
DE_20260824_1700,DE,Germany,LightGBM,24,2026-08-24 17:00:00+00:00,2026-08-25 17:00:00+00:00,54690.7156475,39724.539128893724,8,hydro_reservoir_mw_lag1h,178.18455,-542.6548317009647,542.6548317009647,-
DE_20260824_1700,DE,Germany,LightGBM,24,2026-08-24 17:00:00+00:00,2026-08-25 17:00:00+00:00,54690.7156475,39724.539128893724,9,month_sin,-0.8660254037844384,527.8150463669102,527.8150463669102,+
DE_20260824_1700,DE,Germany,LightGBM,24,2026-08-24 17:00:00+00:00,2026-08-25 17:00:00+00:00,54690.7156475,39724.539128893724,10,year,2026.0,-448.62220623257235,448.62220623257235,-
DE_20260824_1700,DE,Germany,XGBoost,24,2026-08-24 17:00:00+00:00,2026-08-25 17:00:00+00:00,54690.7156475,40212.0703125,1,month,8.0,-8917.7294921875,8917.7294921875,-
DE_20260824_1700,DE,Germany,XGBoost,24,2026-08-24 17:00:00+00:00,2026-08-25 17:00:00+00:00,54690.7156475,40212.0703125,2,lag_48h,44825.2379225,-2259.418212890625,2259.418212890625,-
DE_20260824_1700,DE,Germany,XGBoost,24,2026-08-24 17:00:00+00:00,2026-08-25 17:00:00+00:00,54690.7156475,40212.0703125,3,is_weekend,0.0,-2139.75390625,2139.75390625,-
DE_20260824_1700,DE,Germany,XGBoost,24,2026-08-24 17:00:00+00:00,2026-08-25 17:00:00+00:00,54690.7156475,40212.0703125,4,wind_onshore_mw_lag1h,5479.1590825,1603.23291015625,1603.23291015625,+
DE_20260824_1700,DE,Germany,XGBoost,24,2026-08-24 17:00:00+00:00,2026-08-25 17:00:00+00:00,54690.7156475,40212.0703125,5,rolling_mean_168h,46626.14124513393,-1018.64306640625,1018.64306640625,-
DE_20260824_1700,DE,Germany,XGBoost,24,2026-08-24 17:00:00+00:00,2026-08-25 17:00:00+00:00,54690.7156475,40212.0703125,6,week_of_year,35.0,-922.0948486328125,922.0948486328125,-
DE_20260824_1700,DE,Germany,XGBoost,24,2026-08-24 17:00:00+00:00,2026-08-25 17:00:00+00:00,54690.7156475,40212.0703125,7,hour_sin,-0.9659258262890684,-913.1574096679688,913.1574096679688,-
DE_20260824_1700,DE,Germany,XGBoost,24,2026-08-24 17:00:00+00:00,2026-08-25 17:00:00+00:00,54690.7156475,40212.0703125,8,dow_cos,1.0,-672.373046875,672.373046875,-
DE_20260824_1700,DE,Germany,XGBoost,24,2026-08-24 17:00:00+00:00,2026-08-25 17:00:00+00:00,54690.7156475,40212.0703125,9,lag_1h,54599.3849225,618.1617431640625,618.1617431640625,+
DE_20260824_1700,DE,Germany,XGBoost,24,2026-08-24 17:00:00+00:00,2026-08-25 17:00:00+00:00,54690.7156475,40212.0703125,10,hydro_reservoir_mw_lag1h,178.18455,-525.8348388671875,525.8348388671875,-
DE_20260824_1800,DE,Germany,LightGBM,24,2026-08-24 18:00:00+00:00,2026-08-25 18:00:00+00:00,53814.5432575,39757.06503154743,1,month,8.0,-9212.967349332897,9212.967349332897,-
DE_20260824_1800,DE,Germany,LightGBM,24,2026-08-24 18:00:00+00:00,2026-08-25 18:00:00+00:00,53814.5432575,39757.06503154743,2,lag_48h,43740.4403125,-2050.0233875075774,2050.0233875075774,-
DE_20260824_1800,DE,Germany,LightGBM,24,2026-08-24 18:00:00+00:00,2026-08-25 18:00:00+00:00,53814.5432575,39757.06503154743,3,is_weekend,0.0,-1973.6516624291528,1973.6516624291528,-
DE_20260824_1800,DE,Germany,LightGBM,24,2026-08-24 18:00:00+00:00,2026-08-25 18:00:00+00:00,53814.5432575,39757.06503154743,4,wind_onshore_mw_lag1h,6435.4223325,1827.7106430753493,1827.7106430753493,+
DE_20260824_1800,DE,Germany,LightGBM,24,2026-08-24 18:00:00+00:00,2026-08-25 18:00:00+00:00,53814.5432575,39757.06503154743,5,rolling_mean_168h,46641.58390361608,-1484.3944425551201,1484.3944425551201,-
DE_20260824_1800,DE,Germany,LightGBM,24,2026-08-24 18:00:00+00:00,2026-08-25 18:00:00+00:00,53814.5432575,39757.06503154743,6,hour_sin,-0.8660254037844386,-1249.6096399060236,1249.6096399060236,-
DE_20260824_1800,DE,Germany,LightGBM,24,2026-08-24 18:00:00+00:00,2026-08-25 18:00:00+00:00,53814.5432575,39757.06503154743,7,dow_cos,1.0,-607.8555489389651,607.8555489389651,-
DE_20260824_1800,DE,Germany,LightGBM,24,2026-08-24 18:00:00+00:00,2026-08-25 18:00:00+00:00,53814.5432575,39757.06503154743,8,hydro_reservoir_mw_lag1h,248.44045,-556.6573457287608,556.6573457287608,-
DE_20260824_1800,DE,Germany,LightGBM,24,2026-08-24 18:00:00+00:00,2026-08-25 18:00:00+00:00,53814.5432575,39757.06503154743,9,month_sin,-0.8660254037844384,528.6230314822508,528.6230314822508,+
DE_20260824_1800,DE,Germany,LightGBM,24,2026-08-24 18:00:00+00:00,2026-08-25 18:00:00+00:00,53814.5432575,39757.06503154743,10,year,2026.0,-448.35566411521995,448.35566411521995,-
DE_20260824_1800,DE,Germany,XGBoost,24,2026-08-24 18:00:00+00:00,2026-08-25 18:00:00+00:00,53814.5432575,40375.25390625,1,month,8.0,-8902.51953125,8902.51953125,-
DE_20260824_1800,DE,Germany,XGBoost,24,2026-08-24 18:00:00+00:00,2026-08-25 18:00:00+00:00,53814.5432575,40375.25390625,2,lag_48h,43740.4403125,-2273.00244140625,2273.00244140625,-
DE_20260824_1800,DE,Germany,XGBoost,24,2026-08-24 18:00:00+00:00,2026-08-25 18:00:00+00:00,53814.5432575,40375.25390625,3,is_weekend,0.0,-2144.2978515625,2144.2978515625,-
DE_20260824_1800,DE,Germany,XGBoost,24,2026-08-24 18:00:00+00:00,2026-08-25 18:00:00+00:00,53814.5432575,40375.25390625,4,wind_onshore_mw_lag1h,6435.4223325,1603.0223388671875,1603.0223388671875,+
DE_20260824_1800,DE,Germany,XGBoost,24,2026-08-24 18:00:00+00:00,2026-08-25 18:00:00+00:00,53814.5432575,40375.25390625,5,rolling_mean_168h,46641.58390361608,-1027.1190185546875,1027.1190185546875,-
DE_20260824_1800,DE,Germany,XGBoost,24,2026-08-24 18:00:00+00:00,2026-08-25 18:00:00+00:00,53814.5432575,40375.25390625,6,week_of_year,35.0,-914.9977416992188,914.9977416992188,-
DE_20260824_1800,DE,Germany,XGBoost,24,2026-08-24 18:00:00+00:00,2026-08-25 18:00:00+00:00,53814.5432575,40375.25390625,7,hour_sin,-0.8660254037844386,-908.5175170898438,908.5175170898438,-
DE_20260824_1800,DE,Germany,XGBoost,24,2026-08-24 18:00:00+00:00,2026-08-25 18:00:00+00:00,53814.5432575,40375.25390625,8,dow_cos,1.0,-672.6141357421875,672.6141357421875,-
DE_20260824_1800,DE,Germany,XGBoost,24,2026-08-24 18:00:00+00:00,2026-08-25 18:00:00+00:00,53814.5432575,40375.25390625,9,lag_1h,54652.148695,624.147705078125,624.147705078125,+
DE_20260824_1800,DE,Germany,XGBoost,24,2026-08-24 18:00:00+00:00,2026-08-25 18:00:00+00:00,53814.5432575,40375.25390625,10,hydro_reservoir_mw_lag1h,248.44045,-501.64630126953125,501.64630126953125,-
DE_20260824_1900,DE,Germany,LightGBM,24,2026-08-24 19:00:00+00:00,2026-08-25 19:00:00+00:00,52224.7187525,39757.06503154743,1,month,8.0,-9212.967349332897,9212.967349332897,-
DE_20260824_1900,DE,Germany,LightGBM,24,2026-08-24 19:00:00+00:00,2026-08-25 19:00:00+00:00,52224.7187525,39757.06503154743,2,lag_48h,41767.2863,-2050.0233875075774,2050.0233875075774,-
DE_20260824_1900,DE,Germany,LightGBM,24,2026-08-24 19:00:00+00:00,2026-08-25 19:00:00+00:00,52224.7187525,39757.06503154743,3,is_weekend,0.0,-1973.6899947174031,1973.6899947174031,-
DE_20260824_1900,DE,Germany,LightGBM,24,2026-08-24 19:00:00+00:00,2026-08-25 19:00:00+00:00,52224.7187525,39757.06503154743,4,wind_onshore_mw_lag1h,7831.663259999999,1827.4474897203527,1827.4474897203527,+
DE_20260824_1900,DE,Germany,LightGBM,24,2026-08-24 19:00:00+00:00,2026-08-25 19:00:00+00:00,52224.7187525,39757.06503154743,5,rolling_mean_168h,46658.94243919644,-1484.6696452412077,1484.6696452412077,-
DE_20260824_1900,DE,Germany,LightGBM,24,2026-08-24 19:00:00+00:00,2026-08-25 19:00:00+00:00,52224.7187525,39757.06503154743,6,hour_sin,-0.7071067811865477,-1249.7150352131287,1249.7150352131287,-
DE_20260824_1900,DE,Germany,LightGBM,24,2026-08-24 19:00:00+00:00,2026-08-25 19:00:00+00:00,52224.7187525,39757.06503154743,7,dow_cos,1.0,-607.9205162690848,607.9205162690848,-
DE_20260824_1900,DE,Germany,LightGBM,24,2026-08-24 19:00:00+00:00,2026-08-25 19:00:00+00:00,52224.7187525,39757.06503154743,8,hydro_reservoir_mw_lag1h,158.708,-556.6573457287608,556.6573457287608,-
DE_20260824_1900,DE,Germany,LightGBM,24,2026-08-24 19:00:00+00:00,2026-08-25 19:00:00+00:00,52224.7187525,39757.06503154743,9,month_sin,-0.8660254037844384,528.6230314822508,528.6230314822508,+
DE_20260824_1900,DE,Germany,LightGBM,24,2026-08-24 19:00:00+00:00,2026-08-25 19:00:00+00:00,52224.7187525,39757.06503154743,10,year,2026.0,-448.35566411521995,448.35566411521995,-
DE_20260824_1900,DE,Germany,XGBoost,24,2026-08-24 19:00:00+00:00,2026-08-25 19:00:00+00:00,52224.7187525,40375.25390625,1,month,8.0,-8902.51953125,8902.51953125,-
DE_20260824_1900,DE,Germany,XGBoost,24,2026-08-24 19:00:00+00:00,2026-08-25 19:00:00+00:00,52224.7187525,40375.25390625,2,lag_48h,41767.2863,-2288.422607421875,2288.422607421875,-
DE_20260824_1900,DE,Germany,XGBoost,24,2026-08-24 19:00:00+00:00,2026-08-25 19:00:00+00:00,52224.7187525,40375.25390625,3,is_weekend,0.0,-2145.978271484375,2145.978271484375,-
DE_20260824_1900,DE,Germany,XGBoost,24,2026-08-24 19:00:00+00:00,2026-08-25 19:00:00+00:00,52224.7187525,40375.25390625,4,wind_onshore_mw_lag1h,7831.663259999999,1602.2216796875,1602.2216796875,+
DE_20260824_1900,DE,Germany,XGBoost,24,2026-08-24 19:00:00+00:00,2026-08-25 19:00:00+00:00,52224.7187525,40375.25390625,5,rolling_mean_168h,46658.94243919644,-1027.1190185546875,1027.1190185546875,-
DE_20260824_1900,DE,Germany,XGBoost,24,2026-08-24 19:00:00+00:00,2026-08-25 19:00:00+00:00,52224.7187525,40375.25390625,6,week_of_year,35.0,-916.8384399414062,916.8384399414062,-
DE_20260824_1900,DE,Germany,XGBoost,24,2026-08-24 19:00:00+00:00,2026-08-25 19:00:00+00:00,52224.7187525,40375.25390625,7,hour_sin,-0.7071067811865477,-908.127685546875,908.127685546875,-
DE_20260824_1900,DE,Germany,XGBoost,24,2026-08-24 19:00:00+00:00,2026-08-25 19:00:00+00:00,52224.7187525,40375.25390625,8,dow_cos,1.0,-672.5848999023438,672.5848999023438,-
DE_20260824_1900,DE,Germany,XGBoost,24,2026-08-24 19:00:00+00:00,2026-08-25 19:00:00+00:00,52224.7187525,40375.25390625,9,lag_1h,52956.6519925,627.6378173828125,627.6378173828125,+
DE_20260824_1900,DE,Germany,XGBoost,24,2026-08-24 19:00:00+00:00,2026-08-25 19:00:00+00:00,52224.7187525,40375.25390625,10,hydro_reservoir_mw_lag1h,158.708,-501.5955810546875,501.5955810546875,-
DE_20260824_2000,DE,Germany,LightGBM,24,2026-08-24 20:00:00+00:00,2026-08-25 20:00:00+00:00,48713.43076,39588.496130373336,1,month,8.0,-9203.44184371477,9203.44184371477,-
DE_20260824_2000,DE,Germany,LightGBM,24,2026-08-24 20:00:00+00:00,2026-08-25 20:00:00+00:00,48713.43076,39588.496130373336,2,lag_48h,39608.804935,-2184.175635004805,2184.175635004805,-
DE_20260824_2000,DE,Germany,LightGBM,24,2026-08-24 20:00:00+00:00,2026-08-25 20:00:00+00:00,48713.43076,39588.496130373336,3,is_weekend,0.0,-1969.8262262815301,1969.8262262815301,-
DE_20260824_2000,DE,Germany,LightGBM,24,2026-08-24 20:00:00+00:00,2026-08-25 20:00:00+00:00,48713.43076,39588.496130373336,4,wind_onshore_mw_lag1h,10398.8189025,1833.6862339562242,1833.6862339562242,+
DE_20260824_2000,DE,Germany,LightGBM,24,2026-08-24 20:00:00+00:00,2026-08-25 20:00:00+00:00,48713.43076,39588.496130373336,5,rolling_mean_168h,46676.90902894345,-1469.0931230969634,1469.0931230969634,-
DE_20260824_2000,DE,Germany,LightGBM,24,2026-08-24 20:00:00+00:00,2026-08-25 20:00:00+00:00,48713.43076,39588.496130373336,6,hour_sin,-0.5000000000000004,-1244.6412649351375,1244.6412649351375,-
DE_20260824_2000,DE,Germany,LightGBM,24,2026-08-24 20:00:00+00:00,2026-08-25 20:00:00+00:00,48713.43076,39588.496130373336,7,dow_cos,1.0,-642.9085851930895,642.9085851930895,-
DE_20260824_2000,DE,Germany,LightGBM,24,2026-08-24 20:00:00+00:00,2026-08-25 20:00:00+00:00,48713.43076,39588.496130373336,8,hydro_reservoir_mw_lag1h,87.511,-545.0390401104607,545.0390401104607,-
DE_20260824_2000,DE,Germany,LightGBM,24,2026-08-24 20:00:00+00:00,2026-08-25 20:00:00+00:00,48713.43076,39588.496130373336,9,month_sin,-0.8660254037844384,522.4831044619332,522.4831044619332,+
DE_20260824_2000,DE,Germany,LightGBM,24,2026-08-24 20:00:00+00:00,2026-08-25 20:00:00+00:00,48713.43076,39588.496130373336,10,year,2026.0,-449.3483512107056,449.3483512107056,-
DE_20260824_2000,DE,Germany,XGBoost,24,2026-08-24 20:00:00+00:00,2026-08-25 20:00:00+00:00,48713.43076,40329.73046875,1,month,8.0,-8957.5947265625,8957.5947265625,-
DE_20260824_2000,DE,Germany,XGBoost,24,2026-08-24 20:00:00+00:00,2026-08-25 20:00:00+00:00,48713.43076,40329.73046875,2,lag_48h,39608.804935,-2298.78125,2298.78125,-
DE_20260824_2000,DE,Germany,XGBoost,24,2026-08-24 20:00:00+00:00,2026-08-25 20:00:00+00:00,48713.43076,40329.73046875,3,is_weekend,0.0,-2144.062744140625,2144.062744140625,-
DE_20260824_2000,DE,Germany,XGBoost,24,2026-08-24 20:00:00+00:00,2026-08-25 20:00:00+00:00,48713.43076,40329.73046875,4,wind_onshore_mw_lag1h,10398.8189025,1608.6199951171875,1608.6199951171875,+
DE_20260824_2000,DE,Germany,XGBoost,24,2026-08-24 20:00:00+00:00,2026-08-25 20:00:00+00:00,48713.43076,40329.73046875,5,rolling_mean_168h,46676.90902894345,-1022.162841796875,1022.162841796875,-
DE_20260824_2000,DE,Germany,XGBoost,24,2026-08-24 20:00:00+00:00,2026-08-25 20:00:00+00:00,48713.43076,40329.73046875,6,week_of_year,35.0,-920.010986328125,920.010986328125,-
DE_20260824_2000,DE,Germany,XGBoost,24,2026-08-24 20:00:00+00:00,2026-08-25 20:00:00+00:00,48713.43076,40329.73046875,7,hour_sin,-0.5000000000000004,-907.2557983398438,907.2557983398438,-
DE_20260824_2000,DE,Germany,XGBoost,24,2026-08-24 20:00:00+00:00,2026-08-25 20:00:00+00:00,48713.43076,40329.73046875,8,dow_cos,1.0,-679.0506591796875,679.0506591796875,-
DE_20260824_2000,DE,Germany,XGBoost,24,2026-08-24 20:00:00+00:00,2026-08-25 20:00:00+00:00,48713.43076,40329.73046875,9,lag_1h,50799.808335,618.2635498046875,618.2635498046875,+
DE_20260824_2000,DE,Germany,XGBoost,24,2026-08-24 20:00:00+00:00,2026-08-25 20:00:00+00:00,48713.43076,40329.73046875,10,hydro_reservoir_mw_lag1h,87.511,-502.86859130859375,502.86859130859375,-
DE_20260824_2100,DE,Germany,LightGBM,24,2026-08-24 21:00:00+00:00,2026-08-25 21:00:00+00:00,46107.46655,39607.00646356198,1,month,8.0,-9218.819904154341,9218.819904154341,-
DE_20260824_2100,DE,Germany,LightGBM,24,2026-08-24 21:00:00+00:00,2026-08-25 21:00:00+00:00,46107.46655,39607.00646356198,2,lag_48h,38212.7045675,-2152.261677795454,2152.261677795454,-
DE_20260824_2100,DE,Germany,LightGBM,24,2026-08-24 21:00:00+00:00,2026-08-25 21:00:00+00:00,46107.46655,39607.00646356198,3,wind_onshore_mw_lag1h,12887.2891925,1966.3052544540437,1966.3052544540437,+
DE_20260824_2100,DE,Germany,LightGBM,24,2026-08-24 21:00:00+00:00,2026-08-25 21:00:00+00:00,46107.46655,39607.00646356198,4,is_weekend,0.0,-1957.7728228830736,1957.7728228830736,-
DE_20260824_2100,DE,Germany,LightGBM,24,2026-08-24 21:00:00+00:00,2026-08-25 21:00:00+00:00,46107.46655,39607.00646356198,5,rolling_mean_168h,46690.10049745535,-1461.860423573865,1461.860423573865,-
DE_20260824_2100,DE,Germany,LightGBM,24,2026-08-24 21:00:00+00:00,2026-08-25 21:00:00+00:00,46107.46655,39607.00646356198,6,hour_sin,-0.2588190451025215,-1239.723824031857,1239.723824031857,-
DE_20260824_2100,DE,Germany,LightGBM,24,2026-08-24 21:00:00+00:00,2026-08-25 21:00:00+00:00,46107.46655,39607.00646356198,7,dow_cos,1.0,-645.7686007526565,645.7686007526565,-
DE_20260824_2100,DE,Germany,LightGBM,24,2026-08-24 21:00:00+00:00,2026-08-25 21:00:00+00:00,46107.46655,39607.00646356198,8,hydro_reservoir_mw_lag1h,82.47455,-545.2759333088895,545.2759333088895,-
DE_20260824_2100,DE,Germany,LightGBM,24,2026-08-24 21:00:00+00:00,2026-08-25 21:00:00+00:00,46107.46655,39607.00646356198,9,month_sin,-0.8660254037844384,533.0376839376421,533.0376839376421,+
DE_20260824_2100,DE,Germany,LightGBM,24,2026-08-24 21:00:00+00:00,2026-08-25 21:00:00+00:00,46107.46655,39607.00646356198,10,year,2026.0,-449.8712991454934,449.8712991454934,-
DE_20260824_2100,DE,Germany,XGBoost,24,2026-08-24 21:00:00+00:00,2026-08-25 21:00:00+00:00,46107.46655,40282.07421875,1,month,8.0,-8957.5947265625,8957.5947265625,-
DE_20260824_2100,DE,Germany,XGBoost,24,2026-08-24 21:00:00+00:00,2026-08-25 21:00:00+00:00,46107.46655,40282.07421875,2,lag_48h,38212.7045675,-2294.205810546875,2294.205810546875,-
DE_20260824_2100,DE,Germany,XGBoost,24,2026-08-24 21:00:00+00:00,2026-08-25 21:00:00+00:00,46107.46655,40282.07421875,3,is_weekend,0.0,-2144.668212890625,2144.668212890625,-
DE_20260824_2100,DE,Germany,XGBoost,24,2026-08-24 21:00:00+00:00,2026-08-25 21:00:00+00:00,46107.46655,40282.07421875,4,wind_onshore_mw_lag1h,12887.2891925,1605.309814453125,1605.309814453125,+
DE_20260824_2100,DE,Germany,XGBoost,24,2026-08-24 21:00:00+00:00,2026-08-25 21:00:00+00:00,46107.46655,40282.07421875,5,rolling_mean_168h,46690.10049745535,-1022.162841796875,1022.162841796875,-
DE_20260824_2100,DE,Germany,XGBoost,24,2026-08-24 21:00:00+00:00,2026-08-25 21:00:00+00:00,46107.46655,40282.07421875,6,week_of_year,35.0,-930.1507568359375,930.1507568359375,-
DE_20260824_2100,DE,Germany,XGBoost,24,2026-08-24 21:00:00+00:00,2026-08-25 21:00:00+00:00,46107.46655,40282.07421875,7,hour_sin,-0.2588190451025215,-906.8463134765625,906.8463134765625,-
DE_20260824_2100,DE,Germany,XGBoost,24,2026-08-24 21:00:00+00:00,2026-08-25 21:00:00+00:00,46107.46655,40282.07421875,8,dow_cos,1.0,-679.2374267578125,679.2374267578125,-
DE_20260824_2100,DE,Germany,XGBoost,24,2026-08-24 21:00:00+00:00,2026-08-25 21:00:00+00:00,46107.46655,40282.07421875,9,lag_1h,47617.41556,615.5028076171875,615.5028076171875,+
DE_20260824_2100,DE,Germany,XGBoost,24,2026-08-24 21:00:00+00:00,2026-08-25 21:00:00+00:00,46107.46655,40282.07421875,10,hydro_reservoir_mw_lag1h,82.47455,-513.4746704101562,513.4746704101562,-
DE_20260824_2200,DE,Germany,LightGBM,24,2026-08-24 22:00:00+00:00,2026-08-25 22:00:00+00:00,44193.82726,39902.619025993205,1,month,8.0,-9186.211507693539,9186.211507693539,-
DE_20260824_2200,DE,Germany,LightGBM,24,2026-08-24 22:00:00+00:00,2026-08-25 22:00:00+00:00,44193.82726,39902.619025993205,2,is_weekend,0.0,-2042.9970838190206,2042.9970838190206,-
DE_20260824_2200,DE,Germany,LightGBM,24,2026-08-24 22:00:00+00:00,2026-08-25 22:00:00+00:00,44193.82726,39902.619025993205,3,lag_48h,35952.88656,-2033.680610877299,2033.680610877299,-
DE_20260824_2200,DE,Germany,LightGBM,24,2026-08-24 22:00:00+00:00,2026-08-25 22:00:00+00:00,44193.82726,39902.619025993205,4,wind_onshore_mw_lag1h,15202.550775,1994.6864323537816,1994.6864323537816,+
DE_20260824_2200,DE,Germany,LightGBM,24,2026-08-24 22:00:00+00:00,2026-08-25 22:00:00+00:00,44193.82726,39902.619025993205,5,rolling_mean_168h,46696.9225202381,-1512.441255453684,1512.441255453684,-
DE_20260824_2200,DE,Germany,LightGBM,24,2026-08-24 22:00:00+00:00,2026-08-25 22:00:00+00:00,44193.82726,39902.619025993205,6,hour_sin,0.0,-1252.4038788551459,1252.4038788551459,-
DE_20260824_2200,DE,Germany,LightGBM,24,2026-08-24 22:00:00+00:00,2026-08-25 22:00:00+00:00,44193.82726,39902.619025993205,7,dow_cos,0.6234898018587336,-532.2250319198661,532.2250319198661,-
DE_20260824_2200,DE,Germany,LightGBM,24,2026-08-24 22:00:00+00:00,2026-08-25 22:00:00+00:00,44193.82726,39902.619025993205,8,month_sin,-0.8660254037844384,527.6420137738396,527.6420137738396,+
DE_20260824_2200,DE,Germany,LightGBM,24,2026-08-24 22:00:00+00:00,2026-08-25 22:00:00+00:00,44193.82726,39902.619025993205,9,year,2026.0,-449.9787253761433,449.9787253761433,-
DE_20260824_2200,DE,Germany,LightGBM,24,2026-08-24 22:00:00+00:00,2026-08-25 22:00:00+00:00,44193.82726,39902.619025993205,10,rolling_max_24h,55496.79274,-436.12934047387756,436.12934047387756,-
DE_20260824_2200,DE,Germany,XGBoost,24,2026-08-24 22:00:00+00:00,2026-08-25 22:00:00+00:00,44193.82726,41970.28125,1,month,8.0,-8498.251953125,8498.251953125,-
DE_20260824_2200,DE,Germany,XGBoost,24,2026-08-24 22:00:00+00:00,2026-08-25 22:00:00+00:00,44193.82726,41970.28125,2,is_weekend,0.0,-1972.729736328125,1972.729736328125,-
DE_20260824_2200,DE,Germany,XGBoost,24,2026-08-24 22:00:00+00:00,2026-08-25 22:00:00+00:00,44193.82726,41970.28125,3,lag_48h,35952.88656,-1731.0177001953125,1731.0177001953125,-
DE_20260824_2200,DE,Germany,XGBoost,24,2026-08-24 22:00:00+00:00,2026-08-25 22:00:00+00:00,44193.82726,41970.28125,4,wind_onshore_mw_lag1h,15202.550775,1651.3131103515625,1651.3131103515625,+
DE_20260824_2200,DE,Germany,XGBoost,24,2026-08-24 22:00:00+00:00,2026-08-25 22:00:00+00:00,44193.82726,41970.28125,5,hour_sin,0.0,-897.7115478515625,897.7115478515625,-
DE_20260824_2200,DE,Germany,XGBoost,24,2026-08-24 22:00:00+00:00,2026-08-25 22:00:00+00:00,44193.82726,41970.28125,6,rolling_mean_168h,46696.9225202381,-890.8843383789062,890.8843383789062,-
DE_20260824_2200,DE,Germany,XGBoost,24,2026-08-24 22:00:00+00:00,2026-08-25 22:00:00+00:00,44193.82726,41970.28125,7,week_of_year,35.0,-876.8015747070312,876.8015747070312,-
DE_20260824_2200,DE,Germany,XGBoost,24,2026-08-24 22:00:00+00:00,2026-08-25 22:00:00+00:00,44193.82726,41970.28125,8,lag_1h,44625.87615,669.0459594726562,669.0459594726562,+
DE_20260824_2200,DE,Germany,XGBoost,24,2026-08-24 22:00:00+00:00,2026-08-25 22:00:00+00:00,44193.82726,41970.28125,9,dow_cos,0.6234898018587336,-616.6596069335938,616.6596069335938,-
DE_20260824_2200,DE,Germany,XGBoost,24,2026-08-24 22:00:00+00:00,2026-08-25 22:00:00+00:00,44193.82726,41970.28125,10,hydro_reservoir_mw_lag1h,50.241475,-475.0830383300781,475.0830383300781,-
DE_20260824_2300,DE,Germany,LightGBM,24,2026-08-24 23:00:00+00:00,2026-08-25 23:00:00+00:00,43145.317185,39315.17580258204,1,month,8.0,-9235.324223642661,9235.324223642661,-
DE_20260824_2300,DE,Germany,LightGBM,24,2026-08-24 23:00:00+00:00,2026-08-25 23:00:00+00:00,43145.317185,39315.17580258204,2,lag_48h,35051.4116525,-2095.176389870647,2095.176389870647,-
DE_20260824_2300,DE,Germany,LightGBM,24,2026-08-24 23:00:00+00:00,2026-08-25 23:00:00+00:00,43145.317185,39315.17580258204,3,is_weekend,0.0,-2052.2510701157216,2052.2510701157216,-
DE_20260824_2300,DE,Germany,LightGBM,24,2026-08-24 23:00:00+00:00,2026-08-25 23:00:00+00:00,43145.317185,39315.17580258204,4,wind_onshore_mw_lag1h,16855.9790575,1968.9240756460522,1968.9240756460522,+
DE_20260824_2300,DE,Germany,LightGBM,24,2026-08-24 23:00:00+00:00,2026-08-25 23:00:00+00:00,43145.317185,39315.17580258204,5,rolling_mean_168h,46700.91302922619,-1482.9362296478832,1482.9362296478832,-
DE_20260824_2300,DE,Germany,LightGBM,24,2026-08-24 23:00:00+00:00,2026-08-25 23:00:00+00:00,43145.317185,39315.17580258204,6,hour_sin,0.2588190451025207,-1254.4893613789932,1254.4893613789932,-
DE_20260824_2300,DE,Germany,LightGBM,24,2026-08-24 23:00:00+00:00,2026-08-25 23:00:00+00:00,43145.317185,39315.17580258204,7,dow_cos,0.6234898018587336,-535.1535590622443,535.1535590622443,-
DE_20260824_2300,DE,Germany,LightGBM,24,2026-08-24 23:00:00+00:00,2026-08-25 23:00:00+00:00,43145.317185,39315.17580258204,8,month_sin,-0.8660254037844384,526.6417046972193,526.6417046972193,+
DE_20260824_2300,DE,Germany,LightGBM,24,2026-08-24 23:00:00+00:00,2026-08-25 23:00:00+00:00,43145.317185,39315.17580258204,9,hydro_reservoir_mw_lag1h,25.860875,-478.2022246146018,478.2022246146018,-
DE_20260824_2300,DE,Germany,LightGBM,24,2026-08-24 23:00:00+00:00,2026-08-25 23:00:00+00:00,43145.317185,39315.17580258204,10,year,2026.0,-453.5093280638079,453.5093280638079,-
DE_20260824_2300,DE,Germany,XGBoost,24,2026-08-24 23:00:00+00:00,2026-08-25 23:00:00+00:00,43145.317185,40902.58203125,1,month,8.0,-8689.9892578125,8689.9892578125,-
DE_20260824_2300,DE,Germany,XGBoost,24,2026-08-24 23:00:00+00:00,2026-08-25 23:00:00+00:00,43145.317185,40902.58203125,2,is_weekend,0.0,-1959.284423828125,1959.284423828125,-
DE_20260824_2300,DE,Germany,XGBoost,24,2026-08-24 23:00:00+00:00,2026-08-25 23:00:00+00:00,43145.317185,40902.58203125,3,lag_48h,35051.4116525,-1901.34765625,1901.34765625,-
DE_20260824_2300,DE,Germany,XGBoost,24,2026-08-24 23:00:00+00:00,2026-08-25 23:00:00+00:00,43145.317185,40902.58203125,4,wind_onshore_mw_lag1h,16855.9790575,1637.6624755859375,1637.6624755859375,+
DE_20260824_2300,DE,Germany,XGBoost,24,2026-08-24 23:00:00+00:00,2026-08-25 23:00:00+00:00,43145.317185,40902.58203125,5,rolling_mean_168h,46700.91302922619,-992.0053100585938,992.0053100585938,-
DE_20260824_2300,DE,Germany,XGBoost,24,2026-08-24 23:00:00+00:00,2026-08-25 23:00:00+00:00,43145.317185,40902.58203125,6,week_of_year,35.0,-906.66064453125,906.66064453125,-
DE_20260824_2300,DE,Germany,XGBoost,24,2026-08-24 23:00:00+00:00,2026-08-25 23:00:00+00:00,43145.317185,40902.58203125,7,hour_sin,0.2588190451025207,-901.14306640625,901.14306640625,-
DE_20260824_2300,DE,Germany,XGBoost,24,2026-08-24 23:00:00+00:00,2026-08-25 23:00:00+00:00,43145.317185,40902.58203125,8,lag_1h,42324.7572275,689.0623168945312,689.0623168945312,+
DE_20260824_2300,DE,Germany,XGBoost,24,2026-08-24 23:00:00+00:00,2026-08-25 23:00:00+00:00,43145.317185,40902.58203125,9,dow_cos,0.6234898018587336,-609.0260009765625,609.0260009765625,-
DE_20260824_2300,DE,Germany,XGBoost,24,2026-08-24 23:00:00+00:00,2026-08-25 23:00:00+00:00,43145.317185,40902.58203125,10,hydro_reservoir_mw_lag1h,25.860875,-529.4227294921875,529.4227294921875,-
ES_20260824_0000,ES,Spain,LightGBM,24,2026-08-24 00:00:00+00:00,2026-08-25 00:00:00+00:00,23936.0,20400.253699533605,1,month,8.0,-4615.54976489995,4615.54976489995,-
ES_20260824_0000,ES,Spain,LightGBM,24,2026-08-24 00:00:00+00:00,2026-08-25 00:00:00+00:00,23936.0,20400.253699533605,2,lag_48h,24001.0,-1691.9228461558364,1691.9228461558364,-
ES_20260824_0000,ES,Spain,LightGBM,24,2026-08-24 00:00:00+00:00,2026-08-25 00:00:00+00:00,23936.0,20400.253699533605,3,wind_onshore_mw_lag1h,7915.0,1052.3784953424033,1052.3784953424033,+
ES_20260824_0000,ES,Spain,LightGBM,24,2026-08-24 00:00:00+00:00,2026-08-25 00:00:00+00:00,23936.0,20400.253699533605,4,is_weekend,0.0,-952.1951750364274,952.1951750364274,-
ES_20260824_0000,ES,Spain,LightGBM,24,2026-08-24 00:00:00+00:00,2026-08-25 00:00:00+00:00,23936.0,20400.253699533605,5,lag_1h,24213.0,941.7109465542476,941.7109465542476,+
ES_20260824_0000,ES,Spain,LightGBM,24,2026-08-24 00:00:00+00:00,2026-08-25 00:00:00+00:00,23936.0,20400.253699533605,6,hour_sin,0.4999999999999999,-483.2290373679116,483.2290373679116,-
ES_20260824_0000,ES,Spain,LightGBM,24,2026-08-24 00:00:00+00:00,2026-08-25 00:00:00+00:00,23936.0,20400.253699533605,7,rolling_mean_168h,29006.279761904763,-320.57297185887177,320.57297185887177,-
ES_20260824_0000,ES,Spain,LightGBM,24,2026-08-24 00:00:00+00:00,2026-08-25 00:00:00+00:00,23936.0,20400.253699533605,8,dow_cos,1.0,-301.76870366795555,301.76870366795555,-
ES_20260824_0000,ES,Spain,LightGBM,24,2026-08-24 00:00:00+00:00,2026-08-25 00:00:00+00:00,23936.0,20400.253699533605,9,week_of_year,35.0,-282.6825104388168,282.6825104388168,-
ES_20260824_0000,ES,Spain,LightGBM,24,2026-08-24 00:00:00+00:00,2026-08-25 00:00:00+00:00,23936.0,20400.253699533605,10,quarter,3.0,-203.73306525919386,203.73306525919386,-
ES_20260824_0000,ES,Spain,XGBoost,24,2026-08-24 00:00:00+00:00,2026-08-25 00:00:00+00:00,23936.0,19435.197265625,1,month,8.0,-3922.275146484375,3922.275146484375,-
ES_20260824_0000,ES,Spain,XGBoost,24,2026-08-24 00:00:00+00:00,2026-08-25 00:00:00+00:00,23936.0,19435.197265625,2,lag_48h,24001.0,-1732.3070068359375,1732.3070068359375,-
ES_20260824_0000,ES,Spain,XGBoost,24,2026-08-24 00:00:00+00:00,2026-08-25 00:00:00+00:00,23936.0,19435.197265625,3,hour_sin,0.4999999999999999,-987.782470703125,987.782470703125,-
ES_20260824_0000,ES,Spain,XGBoost,24,2026-08-24 00:00:00+00:00,2026-08-25 00:00:00+00:00,23936.0,19435.197265625,4,is_weekend,0.0,-918.5357055664062,918.5357055664062,-
ES_20260824_0000,ES,Spain,XGBoost,24,2026-08-24 00:00:00+00:00,2026-08-25 00:00:00+00:00,23936.0,19435.197265625,5,wind_onshore_mw_lag1h,7915.0,913.3889770507812,913.3889770507812,+
ES_20260824_0000,ES,Spain,XGBoost,24,2026-08-24 00:00:00+00:00,2026-08-25 00:00:00+00:00,23936.0,19435.197265625,6,lag_1h,24213.0,911.08984375,911.08984375,+
ES_20260824_0000,ES,Spain,XGBoost,24,2026-08-24 00:00:00+00:00,2026-08-25 00:00:00+00:00,23936.0,19435.197265625,7,dow_cos,1.0,-451.197998046875,451.197998046875,-
ES_20260824_0000,ES,Spain,XGBoost,24,2026-08-24 00:00:00+00:00,2026-08-25 00:00:00+00:00,23936.0,19435.197265625,8,week_of_year,35.0,-357.5038757324219,357.5038757324219,-
ES_20260824_0000,ES,Spain,XGBoost,24,2026-08-24 00:00:00+00:00,2026-08-25 00:00:00+00:00,23936.0,19435.197265625,9,rolling_mean_168h,29006.279761904763,-329.7979431152344,329.7979431152344,-
ES_20260824_0000,ES,Spain,XGBoost,24,2026-08-24 00:00:00+00:00,2026-08-25 00:00:00+00:00,23936.0,19435.197265625,10,rolling_max_24h,30126.0,-224.43609619140625,224.43609619140625,-
ES_20260824_0100,ES,Spain,LightGBM,24,2026-08-24 01:00:00+00:00,2026-08-25 01:00:00+00:00,23277.0,20417.063944318586,1,month,8.0,-4615.066054746127,4615.066054746127,-
ES_20260824_0100,ES,Spain,LightGBM,24,2026-08-24 01:00:00+00:00,2026-08-25 01:00:00+00:00,23277.0,20417.063944318586,2,lag_48h,23337.0,-1691.2116360663736,1691.2116360663736,-
ES_20260824_0100,ES,Spain,LightGBM,24,2026-08-24 01:00:00+00:00,2026-08-25 01:00:00+00:00,23277.0,20417.063944318586,3,wind_onshore_mw_lag1h,7113.0,1052.3784953424033,1052.3784953424033,+
ES_20260824_0100,ES,Spain,LightGBM,24,2026-08-24 01:00:00+00:00,2026-08-25 01:00:00+00:00,23277.0,20417.063944318586,4,is_weekend,0.0,-950.342042385744,950.342042385744,-
ES_20260824_0100,ES,Spain,LightGBM,24,2026-08-24 01:00:00+00:00,2026-08-25 01:00:00+00:00,23277.0,20417.063944318586,5,lag_1h,23289.0,941.7109465542476,941.7109465542476,+
ES_20260824_0100,ES,Spain,LightGBM,24,2026-08-24 01:00:00+00:00,2026-08-25 01:00:00+00:00,23277.0,20417.063944318586,6,hour_sin,0.7071067811865475,-483.2290373679116,483.2290373679116,-
ES_20260824_0100,ES,Spain,LightGBM,24,2026-08-24 01:00:00+00:00,2026-08-25 01:00:00+00:00,23277.0,20417.063944318586,7,rolling_mean_168h,29000.339285714286,-320.57297185887177,320.57297185887177,-
ES_20260824_0100,ES,Spain,LightGBM,24,2026-08-24 01:00:00+00:00,2026-08-25 01:00:00+00:00,23277.0,20417.063944318586,8,dow_cos,1.0,-301.76870366795555,301.76870366795555,-
ES_20260824_0100,ES,Spain,LightGBM,24,2026-08-24 01:00:00+00:00,2026-08-25 01:00:00+00:00,23277.0,20417.063944318586,9,week_of_year,35.0,-282.6825104388168,282.6825104388168,-
ES_20260824_0100,ES,Spain,LightGBM,24,2026-08-24 01:00:00+00:00,2026-08-25 01:00:00+00:00,23277.0,20417.063944318586,10,quarter,3.0,-210.40282399990068,210.40282399990068,-
ES_20260824_0100,ES,Spain,XGBoost,24,2026-08-24 01:00:00+00:00,2026-08-25 01:00:00+00:00,23277.0,19383.263671875,1,month,8.0,-3933.56005859375,3933.56005859375,-
ES_20260824_0100,ES,Spain,XGBoost,24,2026-08-24 01:00:00+00:00,2026-08-25 01:00:00+00:00,23277.0,19383.263671875,2,lag_48h,23337.0,-1732.5435791015625,1732.5435791015625,-
ES_20260824_0100,ES,Spain,XGBoost,24,2026-08-24 01:00:00+00:00,2026-08-25 01:00:00+00:00,23277.0,19383.263671875,3,hour_sin,0.7071067811865475,-987.5244750976562,987.5244750976562,-
ES_20260824_0100,ES,Spain,XGBoost,24,2026-08-24 01:00:00+00:00,2026-08-25 01:00:00+00:00,23277.0,19383.263671875,4,is_weekend,0.0,-918.29052734375,918.29052734375,-
ES_20260824_0100,ES,Spain,XGBoost,24,2026-08-24 01:00:00+00:00,2026-08-25 01:00:00+00:00,23277.0,19383.263671875,5,wind_onshore_mw_lag1h,7113.0,913.5467529296875,913.5467529296875,+
ES_20260824_0100,ES,Spain,XGBoost,24,2026-08-24 01:00:00+00:00,2026-08-25 01:00:00+00:00,23277.0,19383.263671875,6,lag_1h,23289.0,910.729248046875,910.729248046875,+
ES_20260824_0100,ES,Spain,XGBoost,24,2026-08-24 01:00:00+00:00,2026-08-25 01:00:00+00:00,23277.0,19383.263671875,7,dow_cos,1.0,-451.2287902832031,451.2287902832031,-
ES_20260824_0100,ES,Spain,XGBoost,24,2026-08-24 01:00:00+00:00,2026-08-25 01:00:00+00:00,23277.0,19383.263671875,8,week_of_year,35.0,-357.4967041015625,357.4967041015625,-
ES_20260824_0100,ES,Spain,XGBoost,24,2026-08-24 01:00:00+00:00,2026-08-25 01:00:00+00:00,23277.0,19383.263671875,9,rolling_mean_168h,29000.339285714286,-329.7449951171875,329.7449951171875,-
ES_20260824_0100,ES,Spain,XGBoost,24,2026-08-24 01:00:00+00:00,2026-08-25 01:00:00+00:00,23277.0,19383.263671875,10,rolling_max_24h,30126.0,-224.0933837890625,224.0933837890625,-
ES_20260824_0200,ES,Spain,LightGBM,24,2026-08-24 02:00:00+00:00,2026-08-25 02:00:00+00:00,23110.0,20400.253699533605,1,month,8.0,-4615.532366455551,4615.532366455551,-
ES_20260824_0200,ES,Spain,LightGBM,24,2026-08-24 02:00:00+00:00,2026-08-25 02:00:00+00:00,23110.0,20400.253699533605,2,lag_48h,22757.0,-1691.6202229343132,1691.6202229343132,-
ES_20260824_0200,ES,Spain,LightGBM,24,2026-08-24 02:00:00+00:00,2026-08-25 02:00:00+00:00,23110.0,20400.253699533605,3,wind_onshore_mw_lag1h,6282.0,1052.3784953424033,1052.3784953424033,+
ES_20260824_0200,ES,Spain,LightGBM,24,2026-08-24 02:00:00+00:00,2026-08-25 02:00:00+00:00,23110.0,20400.253699533605,4,is_weekend,0.0,-952.2002288298024,952.2002288298024,-
ES_20260824_0200,ES,Spain,LightGBM,24,2026-08-24 02:00:00+00:00,2026-08-25 02:00:00+00:00,23110.0,20400.253699533605,5,lag_1h,22731.0,945.6242038747787,945.6242038747787,+
ES_20260824_0200,ES,Spain,LightGBM,24,2026-08-24 02:00:00+00:00,2026-08-25 02:00:00+00:00,23110.0,20400.253699533605,6,hour_sin,0.8660254037844386,-483.2290373679116,483.2290373679116,-
ES_20260824_0200,ES,Spain,LightGBM,24,2026-08-24 02:00:00+00:00,2026-08-25 02:00:00+00:00,23110.0,20400.253699533605,7,rolling_mean_168h,28994.86904761905,-320.555573414473,320.555573414473,-
ES_20260824_0200,ES,Spain,LightGBM,24,2026-08-24 02:00:00+00:00,2026-08-25 02:00:00+00:00,23110.0,20400.253699533605,8,dow_cos,1.0,-301.76870366795555,301.76870366795555,-
ES_20260824_0200,ES,Spain,LightGBM,24,2026-08-24 02:00:00+00:00,2026-08-25 02:00:00+00:00,23110.0,20400.253699533605,9,week_of_year,35.0,-282.6825104388168,282.6825104388168,-
ES_20260824_0200,ES,Spain,LightGBM,24,2026-08-24 02:00:00+00:00,2026-08-25 02:00:00+00:00,23110.0,20400.253699533605,10,quarter,3.0,-203.73306525919386,203.73306525919386,-
ES_20260824_0200,ES,Spain,XGBoost,24,2026-08-24 02:00:00+00:00,2026-08-25 02:00:00+00:00,23110.0,19373.154296875,1,month,8.0,-3933.56005859375,3933.56005859375,-
ES_20260824_0200,ES,Spain,XGBoost,24,2026-08-24 02:00:00+00:00,2026-08-25 02:00:00+00:00,23110.0,19373.154296875,2,lag_48h,22757.0,-1734.6810302734375,1734.6810302734375,-
ES_20260824_0200,ES,Spain,XGBoost,24,2026-08-24 02:00:00+00:00,2026-08-25 02:00:00+00:00,23110.0,19373.154296875,3,hour_sin,0.8660254037844386,-984.2012939453125,984.2012939453125,-
ES_20260824_0200,ES,Spain,XGBoost,24,2026-08-24 02:00:00+00:00,2026-08-25 02:00:00+00:00,23110.0,19373.154296875,4,is_weekend,0.0,-918.3029174804688,918.3029174804688,-
ES_20260824_0200,ES,Spain,XGBoost,24,2026-08-24 02:00:00+00:00,2026-08-25 02:00:00+00:00,23110.0,19373.154296875,5,wind_onshore_mw_lag1h,6282.0,913.5308227539062,913.5308227539062,+
ES_20260824_0200,ES,Spain,XGBoost,24,2026-08-24 02:00:00+00:00,2026-08-25 02:00:00+00:00,23110.0,19373.154296875,6,lag_1h,22731.0,908.44580078125,908.44580078125,+
ES_20260824_0200,ES,Spain,XGBoost,24,2026-08-24 02:00:00+00:00,2026-08-25 02:00:00+00:00,23110.0,19373.154296875,7,dow_cos,1.0,-450.8552551269531,450.8552551269531,-
ES_20260824_0200,ES,Spain,XGBoost,24,2026-08-24 02:00:00+00:00,2026-08-25 02:00:00+00:00,23110.0,19373.154296875,8,week_of_year,35.0,-357.4967041015625,357.4967041015625,-
ES_20260824_0200,ES,Spain,XGBoost,24,2026-08-24 02:00:00+00:00,2026-08-25 02:00:00+00:00,23110.0,19373.154296875,9,rolling_mean_168h,28994.86904761905,-328.9455261230469,328.9455261230469,-
ES_20260824_0200,ES,Spain,XGBoost,24,2026-08-24 02:00:00+00:00,2026-08-25 02:00:00+00:00,23110.0,19373.154296875,10,rolling_max_24h,30126.0,-224.0933837890625,224.0933837890625,-
ES_20260824_0300,ES,Spain,LightGBM,24,2026-08-24 03:00:00+00:00,2026-08-25 03:00:00+00:00,23503.0,20400.253699533605,1,month,8.0,-4615.532366455551,4615.532366455551,-
ES_20260824_0300,ES,Spain,LightGBM,24,2026-08-24 03:00:00+00:00,2026-08-25 03:00:00+00:00,23503.0,20400.253699533605,2,lag_48h,22501.0,-1691.6202229343132,1691.6202229343132,-
ES_20260824_0300,ES,Spain,LightGBM,24,2026-08-24 03:00:00+00:00,2026-08-25 03:00:00+00:00,23503.0,20400.253699533605,3,wind_onshore_mw_lag1h,6018.0,1052.3784953424033,1052.3784953424033,+
ES_20260824_0300,ES,Spain,LightGBM,24,2026-08-24 03:00:00+00:00,2026-08-25 03:00:00+00:00,23503.0,20400.253699533605,4,is_weekend,0.0,-952.2002288298024,952.2002288298024,-
ES_20260824_0300,ES,Spain,LightGBM,24,2026-08-24 03:00:00+00:00,2026-08-25 03:00:00+00:00,23503.0,20400.253699533605,5,lag_1h,22440.0,945.6242038747787,945.6242038747787,+
ES_20260824_0300,ES,Spain,LightGBM,24,2026-08-24 03:00:00+00:00,2026-08-25 03:00:00+00:00,23503.0,20400.253699533605,6,hour_sin,0.9659258262890684,-483.2290373679116,483.2290373679116,-
ES_20260824_0300,ES,Spain,LightGBM,24,2026-08-24 03:00:00+00:00,2026-08-25 03:00:00+00:00,23503.0,20400.253699533605,7,rolling_mean_168h,28989.58333333333,-320.555573414473,320.555573414473,-
ES_20260824_0300,ES,Spain,LightGBM,24,2026-08-24 03:00:00+00:00,2026-08-25 03:00:00+00:00,23503.0,20400.253699533605,8,dow_cos,1.0,-301.76870366795555,301.76870366795555,-
ES_20260824_0300,ES,Spain,LightGBM,24,2026-08-24 03:00:00+00:00,2026-08-25 03:00:00+00:00,23503.0,20400.253699533605,9,week_of_year,35.0,-282.6825104388168,282.6825104388168,-
ES_20260824_0300,ES,Spain,LightGBM,24,2026-08-24 03:00:00+00:00,2026-08-25 03:00:00+00:00,23503.0,20400.253699533605,10,quarter,3.0,-203.73306525919386,203.73306525919386,-
ES_20260824_0300,ES,Spain,XGBoost,24,2026-08-24 03:00:00+00:00,2026-08-25 03:00:00+00:00,23503.0,19373.154296875,1,month,8.0,-3933.609130859375,3933.609130859375,-
ES_20260824_0300,ES,Spain,XGBoost,24,2026-08-24 03:00:00+00:00,2026-08-25 03:00:00+00:00,23503.0,19373.154296875,2,lag_48h,22501.0,-1734.6571044921875,1734.6571044921875,-
ES_20260824_0300,ES,Spain,XGBoost,24,2026-08-24 03:00:00+00:00,2026-08-25 03:00:00+00:00,23503.0,19373.154296875,3,hour_sin,0.9659258262890684,-984.1987915039062,984.1987915039062,-
ES_20260824_0300,ES,Spain,XGBoost,24,2026-08-24 03:00:00+00:00,2026-08-25 03:00:00+00:00,23503.0,19373.154296875,4,is_weekend,0.0,-918.2947998046875,918.2947998046875,-
ES_20260824_0300,ES,Spain,XGBoost,24,2026-08-24 03:00:00+00:00,2026-08-25 03:00:00+00:00,23503.0,19373.154296875,5,wind_onshore_mw_lag1h,6018.0,913.5308227539062,913.5308227539062,+
ES_20260824_0300,ES,Spain,XGBoost,24,2026-08-24 03:00:00+00:00,2026-08-25 03:00:00+00:00,23503.0,19373.154296875,6,lag_1h,22440.0,908.8749389648438,908.8749389648438,+
ES_20260824_0300,ES,Spain,XGBoost,24,2026-08-24 03:00:00+00:00,2026-08-25 03:00:00+00:00,23503.0,19373.154296875,7,dow_cos,1.0,-450.8552551269531,450.8552551269531,-
ES_20260824_0300,ES,Spain,XGBoost,24,2026-08-24 03:00:00+00:00,2026-08-25 03:00:00+00:00,23503.0,19373.154296875,8,week_of_year,35.0,-357.4967041015625,357.4967041015625,-
ES_20260824_0300,ES,Spain,XGBoost,24,2026-08-24 03:00:00+00:00,2026-08-25 03:00:00+00:00,23503.0,19373.154296875,9,rolling_mean_168h,28989.58333333333,-329.4801330566406,329.4801330566406,-
ES_20260824_0300,ES,Spain,XGBoost,24,2026-08-24 03:00:00+00:00,2026-08-25 03:00:00+00:00,23503.0,19373.154296875,10,rolling_max_24h,30126.0,-224.0933837890625,224.0933837890625,-
ES_20260824_0400,ES,Spain,LightGBM,24,2026-08-24 04:00:00+00:00,2026-08-25 04:00:00+00:00,25672.0,20417.063944318586,1,month,8.0,-4615.066054746127,4615.066054746127,-
ES_20260824_0400,ES,Spain,LightGBM,24,2026-08-24 04:00:00+00:00,2026-08-25 04:00:00+00:00,25672.0,20417.063944318586,2,lag_48h,22980.0,-1691.5286949008128,1691.5286949008128,-
ES_20260824_0400,ES,Spain,LightGBM,24,2026-08-24 04:00:00+00:00,2026-08-25 04:00:00+00:00,25672.0,20417.063944318586,3,wind_onshore_mw_lag1h,5844.0,1052.3784953424033,1052.3784953424033,+
ES_20260824_0400,ES,Spain,LightGBM,24,2026-08-24 04:00:00+00:00,2026-08-25 04:00:00+00:00,25672.0,20417.063944318586,4,is_weekend,0.0,-950.342042385744,950.342042385744,-
ES_20260824_0400,ES,Spain,LightGBM,24,2026-08-24 04:00:00+00:00,2026-08-25 04:00:00+00:00,25672.0,20417.063944318586,5,lag_1h,22871.0,945.6242038747787,945.6242038747787,+
ES_20260824_0400,ES,Spain,LightGBM,24,2026-08-24 04:00:00+00:00,2026-08-25 04:00:00+00:00,25672.0,20417.063944318586,6,hour_sin,1.0,-483.2290373679116,483.2290373679116,-
ES_20260824_0400,ES,Spain,LightGBM,24,2026-08-24 04:00:00+00:00,2026-08-25 04:00:00+00:00,25672.0,20417.063944318586,7,rolling_mean_168h,28986.029761904763,-320.57297185887177,320.57297185887177,-
ES_20260824_0400,ES,Spain,LightGBM,24,2026-08-24 04:00:00+00:00,2026-08-25 04:00:00+00:00,25672.0,20417.063944318586,8,dow_cos,1.0,-300.97415669589986,300.97415669589986,-
ES_20260824_0400,ES,Spain,LightGBM,24,2026-08-24 04:00:00+00:00,2026-08-25 04:00:00+00:00,25672.0,20417.063944318586,9,week_of_year,35.0,-282.6825104388168,282.6825104388168,-
ES_20260824_0400,ES,Spain,LightGBM,24,2026-08-24 04:00:00+00:00,2026-08-25 04:00:00+00:00,25672.0,20417.063944318586,10,quarter,3.0,-211.2764170812126,211.2764170812126,-
ES_20260824_0400,ES,Spain,XGBoost,24,2026-08-24 04:00:00+00:00,2026-08-25 04:00:00+00:00,25672.0,19396.83984375,1,month,8.0,-3935.9736328125,3935.9736328125,-
ES_20260824_0400,ES,Spain,XGBoost,24,2026-08-24 04:00:00+00:00,2026-08-25 04:00:00+00:00,25672.0,19396.83984375,2,lag_48h,22980.0,-1734.830322265625,1734.830322265625,-
ES_20260824_0400,ES,Spain,XGBoost,24,2026-08-24 04:00:00+00:00,2026-08-25 04:00:00+00:00,25672.0,19396.83984375,3,hour_sin,1.0,-984.1580200195312,984.1580200195312,-
ES_20260824_0400,ES,Spain,XGBoost,24,2026-08-24 04:00:00+00:00,2026-08-25 04:00:00+00:00,25672.0,19396.83984375,4,is_weekend,0.0,-918.2962646484375,918.2962646484375,-
ES_20260824_0400,ES,Spain,XGBoost,24,2026-08-24 04:00:00+00:00,2026-08-25 04:00:00+00:00,25672.0,19396.83984375,5,wind_onshore_mw_lag1h,5844.0,913.5308227539062,913.5308227539062,+
ES_20260824_0400,ES,Spain,XGBoost,24,2026-08-24 04:00:00+00:00,2026-08-25 04:00:00+00:00,25672.0,19396.83984375,6,lag_1h,22871.0,906.498291015625,906.498291015625,+
ES_20260824_0400,ES,Spain,XGBoost,24,2026-08-24 04:00:00+00:00,2026-08-25 04:00:00+00:00,25672.0,19396.83984375,7,dow_cos,1.0,-451.0676574707031,451.0676574707031,-
ES_20260824_0400,ES,Spain,XGBoost,24,2026-08-24 04:00:00+00:00,2026-08-25 04:00:00+00:00,25672.0,19396.83984375,8,week_of_year,35.0,-357.23907470703125,357.23907470703125,-
ES_20260824_0400,ES,Spain,XGBoost,24,2026-08-24 04:00:00+00:00,2026-08-25 04:00:00+00:00,25672.0,19396.83984375,9,rolling_mean_168h,28986.029761904763,-329.852783203125,329.852783203125,-
ES_20260824_0400,ES,Spain,XGBoost,24,2026-08-24 04:00:00+00:00,2026-08-25 04:00:00+00:00,25672.0,19396.83984375,10,rolling_max_24h,30126.0,-224.0933837890625,224.0933837890625,-
ES_20260824_0500,ES,Spain,LightGBM,24,2026-08-24 05:00:00+00:00,2026-08-25 05:00:00+00:00,27963.0,20417.063944318586,1,month,8.0,-4611.036276372622,4611.036276372622,-
ES_20260824_0500,ES,Spain,LightGBM,24,2026-08-24 05:00:00+00:00,2026-08-25 05:00:00+00:00,27963.0,20417.063944318586,2,lag_48h,23630.0,-1692.231095080558,1692.231095080558,-
ES_20260824_0500,ES,Spain,LightGBM,24,2026-08-24 05:00:00+00:00,2026-08-25 05:00:00+00:00,27963.0,20417.063944318586,3,wind_onshore_mw_lag1h,6089.0,1051.941629347698,1051.941629347698,+
ES_20260824_0500,ES,Spain,LightGBM,24,2026-08-24 05:00:00+00:00,2026-08-25 05:00:00+00:00,27963.0,20417.063944318586,4,is_weekend,0.0,-950.3369885923689,950.3369885923689,-
ES_20260824_0500,ES,Spain,LightGBM,24,2026-08-24 05:00:00+00:00,2026-08-25 05:00:00+00:00,27963.0,20417.063944318586,5,lag_1h,25158.0,945.3711155642711,945.3711155642711,+
ES_20260824_0500,ES,Spain,LightGBM,24,2026-08-24 05:00:00+00:00,2026-08-25 05:00:00+00:00,27963.0,20417.063944318586,6,hour_sin,0.9659258262890684,-483.2290373679116,483.2290373679116,-
ES_20260824_0500,ES,Spain,LightGBM,24,2026-08-24 05:00:00+00:00,2026-08-25 05:00:00+00:00,27963.0,20417.063944318586,7,rolling_mean_168h,28984.511904761905,-316.76787545817086,316.76787545817086,-
ES_20260824_0500,ES,Spain,LightGBM,24,2026-08-24 05:00:00+00:00,2026-08-25 05:00:00+00:00,27963.0,20417.063944318586,8,dow_cos,1.0,-301.7598710549558,301.7598710549558,-
ES_20260824_0500,ES,Spain,LightGBM,24,2026-08-24 05:00:00+00:00,2026-08-25 05:00:00+00:00,27963.0,20417.063944318586,9,week_of_year,35.0,-282.6825104388168,282.6825104388168,-
ES_20260824_0500,ES,Spain,LightGBM,24,2026-08-24 05:00:00+00:00,2026-08-25 05:00:00+00:00,27963.0,20417.063944318586,10,quarter,3.0,-209.9717690976,209.9717690976,-
ES_20260824_0500,ES,Spain,XGBoost,24,2026-08-24 05:00:00+00:00,2026-08-25 05:00:00+00:00,27963.0,19448.7734375,1,month,8.0,-3924.7099609375,3924.7099609375,-
ES_20260824_0500,ES,Spain,XGBoost,24,2026-08-24 05:00:00+00:00,2026-08-25 05:00:00+00:00,27963.0,19448.7734375,2,lag_48h,23630.0,-1734.951904296875,1734.951904296875,-
ES_20260824_0500,ES,Spain,XGBoost,24,2026-08-24 05:00:00+00:00,2026-08-25 05:00:00+00:00,27963.0,19448.7734375,3,hour_sin,0.9659258262890684,-984.3012084960938,984.3012084960938,-
ES_20260824_0500,ES,Spain,XGBoost,24,2026-08-24 05:00:00+00:00,2026-08-25 05:00:00+00:00,27963.0,19448.7734375,4,is_weekend,0.0,-919.1746826171875,919.1746826171875,-
ES_20260824_0500,ES,Spain,XGBoost,24,2026-08-24 05:00:00+00:00,2026-08-25 05:00:00+00:00,27963.0,19448.7734375,5,wind_onshore_mw_lag1h,6089.0,913.3963012695312,913.3963012695312,+
ES_20260824_0500,ES,Spain,XGBoost,24,2026-08-24 05:00:00+00:00,2026-08-25 05:00:00+00:00,27963.0,19448.7734375,6,lag_1h,25158.0,906.346923828125,906.346923828125,+
ES_20260824_0500,ES,Spain,XGBoost,24,2026-08-24 05:00:00+00:00,2026-08-25 05:00:00+00:00,27963.0,19448.7734375,7,dow_cos,1.0,-450.9724426269531,450.9724426269531,-
ES_20260824_0500,ES,Spain,XGBoost,24,2026-08-24 05:00:00+00:00,2026-08-25 05:00:00+00:00,27963.0,19448.7734375,8,week_of_year,35.0,-357.2950744628906,357.2950744628906,-
ES_20260824_0500,ES,Spain,XGBoost,24,2026-08-24 05:00:00+00:00,2026-08-25 05:00:00+00:00,27963.0,19448.7734375,9,rolling_mean_168h,28984.511904761905,-328.3791809082031,328.3791809082031,-
ES_20260824_0500,ES,Spain,XGBoost,24,2026-08-24 05:00:00+00:00,2026-08-25 05:00:00+00:00,27963.0,19448.7734375,10,rolling_max_24h,30126.0,-224.0933837890625,224.0933837890625,-
ES_20260824_0600,ES,Spain,LightGBM,24,2026-08-24 06:00:00+00:00,2026-08-25 06:00:00+00:00,29158.0,20371.06387080415,1,month,8.0,-4610.792812997788,4610.792812997788,-
ES_20260824_0600,ES,Spain,LightGBM,24,2026-08-24 06:00:00+00:00,2026-08-25 06:00:00+00:00,29158.0,20371.06387080415,2,lag_48h,24246.0,-1694.0349758228379,1694.0349758228379,-
ES_20260824_0600,ES,Spain,LightGBM,24,2026-08-24 06:00:00+00:00,2026-08-25 06:00:00+00:00,29158.0,20371.06387080415,3,wind_onshore_mw_lag1h,6589.0,1051.6450336597186,1051.6450336597186,+
ES_20260824_0600,ES,Spain,LightGBM,24,2026-08-24 06:00:00+00:00,2026-08-25 06:00:00+00:00,29158.0,20371.06387080415,4,is_weekend,0.0,-952.3065703166401,952.3065703166401,-
ES_20260824_0600,ES,Spain,LightGBM,24,2026-08-24 06:00:00+00:00,2026-08-25 06:00:00+00:00,29158.0,20371.06387080415,5,lag_1h,27696.0,945.1032478778188,945.1032478778188,+
ES_20260824_0600,ES,Spain,LightGBM,24,2026-08-24 06:00:00+00:00,2026-08-25 06:00:00+00:00,29158.0,20371.06387080415,6,hour_sin,0.8660254037844387,-482.57049805602446,482.57049805602446,-
ES_20260824_0600,ES,Spain,LightGBM,24,2026-08-24 06:00:00+00:00,2026-08-25 06:00:00+00:00,29158.0,20371.06387080415,7,rolling_mean_168h,28984.85714285714,-315.466247769117,315.466247769117,-
ES_20260824_0600,ES,Spain,LightGBM,24,2026-08-24 06:00:00+00:00,2026-08-25 06:00:00+00:00,29158.0,20371.06387080415,8,dow_cos,1.0,-307.2460063756925,307.2460063756925,-
ES_20260824_0600,ES,Spain,LightGBM,24,2026-08-24 06:00:00+00:00,2026-08-25 06:00:00+00:00,29158.0,20371.06387080415,9,week_of_year,35.0,-282.6825104388168,282.6825104388168,-
ES_20260824_0600,ES,Spain,LightGBM,24,2026-08-24 06:00:00+00:00,2026-08-25 06:00:00+00:00,29158.0,20371.06387080415,10,month_cos,-0.5000000000000004,-204.81006051572578,204.81006051572578,-
ES_20260824_0600,ES,Spain,XGBoost,24,2026-08-24 06:00:00+00:00,2026-08-25 06:00:00+00:00,29158.0,19425.46875,1,month,8.0,-3923.94580078125,3923.94580078125,-
ES_20260824_0600,ES,Spain,XGBoost,24,2026-08-24 06:00:00+00:00,2026-08-25 06:00:00+00:00,29158.0,19425.46875,2,lag_48h,24246.0,-1734.9498291015625,1734.9498291015625,-
ES_20260824_0600,ES,Spain,XGBoost,24,2026-08-24 06:00:00+00:00,2026-08-25 06:00:00+00:00,29158.0,19425.46875,3,hour_sin,0.8660254037844387,-983.7740478515625,983.7740478515625,-
ES_20260824_0600,ES,Spain,XGBoost,24,2026-08-24 06:00:00+00:00,2026-08-25 06:00:00+00:00,29158.0,19425.46875,4,is_weekend,0.0,-919.1746826171875,919.1746826171875,-
ES_20260824_0600,ES,Spain,XGBoost,24,2026-08-24 06:00:00+00:00,2026-08-25 06:00:00+00:00,29158.0,19425.46875,5,wind_onshore_mw_lag1h,6589.0,913.2247924804688,913.2247924804688,+
ES_20260824_0600,ES,Spain,XGBoost,24,2026-08-24 06:00:00+00:00,2026-08-25 06:00:00+00:00,29158.0,19425.46875,6,lag_1h,27696.0,904.3245239257812,904.3245239257812,+
ES_20260824_0600,ES,Spain,XGBoost,24,2026-08-24 06:00:00+00:00,2026-08-25 06:00:00+00:00,29158.0,19425.46875,7,dow_cos,1.0,-454.73162841796875,454.73162841796875,-
ES_20260824_0600,ES,Spain,XGBoost,24,2026-08-24 06:00:00+00:00,2026-08-25 06:00:00+00:00,29158.0,19425.46875,8,week_of_year,35.0,-357.45452880859375,357.45452880859375,-
ES_20260824_0600,ES,Spain,XGBoost,24,2026-08-24 06:00:00+00:00,2026-08-25 06:00:00+00:00,29158.0,19425.46875,9,rolling_mean_168h,28984.85714285714,-327.94287109375,327.94287109375,-
ES_20260824_0600,ES,Spain,XGBoost,24,2026-08-24 06:00:00+00:00,2026-08-25 06:00:00+00:00,29158.0,19425.46875,10,rolling_max_24h,30126.0,-224.1936798095703,224.1936798095703,-
ES_20260824_0700,ES,Spain,LightGBM,24,2026-08-24 07:00:00+00:00,2026-08-25 07:00:00+00:00,30025.0,20314.362273409515,1,month,8.0,-4628.2756620333,4628.2756620333,-
ES_20260824_0700,ES,Spain,LightGBM,24,2026-08-24 07:00:00+00:00,2026-08-25 07:00:00+00:00,30025.0,20314.362273409515,2,lag_48h,25248.0,-1690.4117807480666,1690.4117807480666,-
ES_20260824_0700,ES,Spain,LightGBM,24,2026-08-24 07:00:00+00:00,2026-08-25 07:00:00+00:00,30025.0,20314.362273409515,3,wind_onshore_mw_lag1h,6410.0,1045.7258328053942,1045.7258328053942,+
ES_20260824_0700,ES,Spain,LightGBM,24,2026-08-24 07:00:00+00:00,2026-08-25 07:00:00+00:00,30025.0,20314.362273409515,4,is_weekend,0.0,-969.8447326028991,969.8447326028991,-
ES_20260824_0700,ES,Spain,LightGBM,24,2026-08-24 07:00:00+00:00,2026-08-25 07:00:00+00:00,30025.0,20314.362273409515,5,lag_1h,29236.0,943.0973978275615,943.0973978275615,+
ES_20260824_0700,ES,Spain,LightGBM,24,2026-08-24 07:00:00+00:00,2026-08-25 07:00:00+00:00,30025.0,20314.362273409515,6,hour_sin,0.7071067811865476,-483.39545986061785,483.39545986061785,-
ES_20260824_0700,ES,Spain,LightGBM,24,2026-08-24 07:00:00+00:00,2026-08-25 07:00:00+00:00,30025.0,20314.362273409515,7,rolling_mean_168h,28986.559523809523,-320.6074081859734,320.6074081859734,-
ES_20260824_0700,ES,Spain,LightGBM,24,2026-08-24 07:00:00+00:00,2026-08-25 07:00:00+00:00,30025.0,20314.362273409515,8,dow_cos,1.0,-307.1788093301209,307.1788093301209,-
ES_20260824_0700,ES,Spain,LightGBM,24,2026-08-24 07:00:00+00:00,2026-08-25 07:00:00+00:00,30025.0,20314.362273409515,9,week_of_year,35.0,-282.6755827995184,282.6755827995184,-
ES_20260824_0700,ES,Spain,LightGBM,24,2026-08-24 07:00:00+00:00,2026-08-25 07:00:00+00:00,30025.0,20314.362273409515,10,month_cos,-0.5000000000000004,-218.99474557435252,218.99474557435252,-
ES_20260824_0700,ES,Spain,XGBoost,24,2026-08-24 07:00:00+00:00,2026-08-25 07:00:00+00:00,30025.0,19372.939453125,1,month,8.0,-3930.8798828125,3930.8798828125,-
ES_20260824_0700,ES,Spain,XGBoost,24,2026-08-24 07:00:00+00:00,2026-08-25 07:00:00+00:00,30025.0,19372.939453125,2,lag_48h,25248.0,-1728.6405029296875,1728.6405029296875,-
ES_20260824_0700,ES,Spain,XGBoost,24,2026-08-24 07:00:00+00:00,2026-08-25 07:00:00+00:00,30025.0,19372.939453125,3,hour_sin,0.7071067811865476,-990.353759765625,990.353759765625,-
ES_20260824_0700,ES,Spain,XGBoost,24,2026-08-24 07:00:00+00:00,2026-08-25 07:00:00+00:00,30025.0,19372.939453125,4,is_weekend,0.0,-923.970947265625,923.970947265625,-
ES_20260824_0700,ES,Spain,XGBoost,24,2026-08-24 07:00:00+00:00,2026-08-25 07:00:00+00:00,30025.0,19372.939453125,5,wind_onshore_mw_lag1h,6410.0,909.2647094726562,909.2647094726562,+
ES_20260824_0700,ES,Spain,XGBoost,24,2026-08-24 07:00:00+00:00,2026-08-25 07:00:00+00:00,30025.0,19372.939453125,6,lag_1h,29236.0,905.9937133789062,905.9937133789062,+
ES_20260824_0700,ES,Spain,XGBoost,24,2026-08-24 07:00:00+00:00,2026-08-25 07:00:00+00:00,30025.0,19372.939453125,7,dow_cos,1.0,-454.875732421875,454.875732421875,-
ES_20260824_0700,ES,Spain,XGBoost,24,2026-08-24 07:00:00+00:00,2026-08-25 07:00:00+00:00,30025.0,19372.939453125,8,week_of_year,35.0,-356.97015380859375,356.97015380859375,-
ES_20260824_0700,ES,Spain,XGBoost,24,2026-08-24 07:00:00+00:00,2026-08-25 07:00:00+00:00,30025.0,19372.939453125,9,rolling_mean_168h,28986.559523809523,-329.42437744140625,329.42437744140625,-
ES_20260824_0700,ES,Spain,XGBoost,24,2026-08-24 07:00:00+00:00,2026-08-25 07:00:00+00:00,30025.0,19372.939453125,10,rolling_max_24h,30126.0,-224.52877807617188,224.52877807617188,-
ES_20260824_0800,ES,Spain,LightGBM,24,2026-08-24 08:00:00+00:00,2026-08-25 08:00:00+00:00,30105.0,20338.083390384327,1,month,8.0,-4612.65198369506,4612.65198369506,-
ES_20260824_0800,ES,Spain,LightGBM,24,2026-08-24 08:00:00+00:00,2026-08-25 08:00:00+00:00,30105.0,20338.083390384327,2,lag_48h,26016.0,-1689.4248984554165,1689.4248984554165,-
ES_20260824_0800,ES,Spain,LightGBM,24,2026-08-24 08:00:00+00:00,2026-08-25 08:00:00+00:00,30105.0,20338.083390384327,3,wind_onshore_mw_lag1h,6032.0,1049.2423706387035,1049.2423706387035,+
ES_20260824_0800,ES,Spain,LightGBM,24,2026-08-24 08:00:00+00:00,2026-08-25 08:00:00+00:00,30105.0,20338.083390384327,4,is_weekend,0.0,-945.4997135397219,945.4997135397219,-
ES_20260824_0800,ES,Spain,LightGBM,24,2026-08-24 08:00:00+00:00,2026-08-25 08:00:00+00:00,30105.0,20338.083390384327,5,lag_1h,30510.0,942.7031068332931,942.7031068332931,+
ES_20260824_0800,ES,Spain,LightGBM,24,2026-08-24 08:00:00+00:00,2026-08-25 08:00:00+00:00,30105.0,20338.083390384327,6,hour_sin,0.4999999999999999,-482.68199181083287,482.68199181083287,-
ES_20260824_0800,ES,Spain,LightGBM,24,2026-08-24 08:00:00+00:00,2026-08-25 08:00:00+00:00,30105.0,20338.083390384327,7,rolling_mean_168h,28988.98809523809,-320.8904939597788,320.8904939597788,-
ES_20260824_0800,ES,Spain,LightGBM,24,2026-08-24 08:00:00+00:00,2026-08-25 08:00:00+00:00,30105.0,20338.083390384327,8,dow_cos,1.0,-302.07504121617643,302.07504121617643,-
ES_20260824_0800,ES,Spain,LightGBM,24,2026-08-24 08:00:00+00:00,2026-08-25 08:00:00+00:00,30105.0,20338.083390384327,9,week_of_year,35.0,-282.0443582845572,282.0443582845572,-
ES_20260824_0800,ES,Spain,LightGBM,24,2026-08-24 08:00:00+00:00,2026-08-25 08:00:00+00:00,30105.0,20338.083390384327,10,quarter,3.0,-205.10620236099018,205.10620236099018,-
ES_20260824_0800,ES,Spain,XGBoost,24,2026-08-24 08:00:00+00:00,2026-08-25 08:00:00+00:00,30105.0,19306.931640625,1,month,8.0,-3918.937744140625,3918.937744140625,-
ES_20260824_0800,ES,Spain,XGBoost,24,2026-08-24 08:00:00+00:00,2026-08-25 08:00:00+00:00,30105.0,19306.931640625,2,lag_48h,26016.0,-1718.23583984375,1718.23583984375,-
ES_20260824_0800,ES,Spain,XGBoost,24,2026-08-24 08:00:00+00:00,2026-08-25 08:00:00+00:00,30105.0,19306.931640625,3,hour_sin,0.4999999999999999,-987.5023193359375,987.5023193359375,-
ES_20260824_0800,ES,Spain,XGBoost,24,2026-08-24 08:00:00+00:00,2026-08-25 08:00:00+00:00,30105.0,19306.931640625,4,wind_onshore_mw_lag1h,6032.0,907.321533203125,907.321533203125,+
ES_20260824_0800,ES,Spain,XGBoost,24,2026-08-24 08:00:00+00:00,2026-08-25 08:00:00+00:00,30105.0,19306.931640625,5,lag_1h,30510.0,906.4586181640625,906.4586181640625,+
ES_20260824_0800,ES,Spain,XGBoost,24,2026-08-24 08:00:00+00:00,2026-08-25 08:00:00+00:00,30105.0,19306.931640625,6,is_weekend,0.0,-854.9395141601562,854.9395141601562,-
ES_20260824_0800,ES,Spain,XGBoost,24,2026-08-24 08:00:00+00:00,2026-08-25 08:00:00+00:00,30105.0,19306.931640625,7,dow_cos,1.0,-454.0080261230469,454.0080261230469,-
ES_20260824_0800,ES,Spain,XGBoost,24,2026-08-24 08:00:00+00:00,2026-08-25 08:00:00+00:00,30105.0,19306.931640625,8,week_of_year,35.0,-355.92767333984375,355.92767333984375,-
ES_20260824_0800,ES,Spain,XGBoost,24,2026-08-24 08:00:00+00:00,2026-08-25 08:00:00+00:00,30105.0,19306.931640625,9,rolling_mean_168h,28988.98809523809,-334.68621826171875,334.68621826171875,-
ES_20260824_0800,ES,Spain,XGBoost,24,2026-08-24 08:00:00+00:00,2026-08-25 08:00:00+00:00,30105.0,19306.931640625,10,rolling_max_24h,30510.0,-225.5424041748047,225.5424041748047,-
ES_20260824_0900,ES,Spain,LightGBM,24,2026-08-24 09:00:00+00:00,2026-08-25 09:00:00+00:00,30109.0,20394.33361999002,1,month,8.0,-4602.565550008228,4602.565550008228,-
ES_20260824_0900,ES,Spain,LightGBM,24,2026-08-24 09:00:00+00:00,2026-08-25 09:00:00+00:00,30109.0,20394.33361999002,2,lag_48h,25865.0,-1687.097199362213,1687.097199362213,-
ES_20260824_0900,ES,Spain,LightGBM,24,2026-08-24 09:00:00+00:00,2026-08-25 09:00:00+00:00,30109.0,20394.33361999002,3,wind_onshore_mw_lag1h,6629.0,1051.8417949027746,1051.8417949027746,+
ES_20260824_0900,ES,Spain,LightGBM,24,2026-08-24 09:00:00+00:00,2026-08-25 09:00:00+00:00,30109.0,20394.33361999002,4,lag_1h,30887.0,943.1856584767077,943.1856584767077,+
ES_20260824_0900,ES,Spain,LightGBM,24,2026-08-24 09:00:00+00:00,2026-08-25 09:00:00+00:00,30109.0,20394.33361999002,5,is_weekend,0.0,-942.1188386850095,942.1188386850095,-
ES_20260824_0900,ES,Spain,LightGBM,24,2026-08-24 09:00:00+00:00,2026-08-25 09:00:00+00:00,30109.0,20394.33361999002,6,hour_sin,0.258819045102521,-483.357820560059,483.357820560059,-
ES_20260824_0900,ES,Spain,LightGBM,24,2026-08-24 09:00:00+00:00,2026-08-25 09:00:00+00:00,30109.0,20394.33361999002,7,rolling_mean_168h,28988.946428571428,-323.1575685536063,323.1575685536063,-
ES_20260824_0900,ES,Spain,LightGBM,24,2026-08-24 09:00:00+00:00,2026-08-25 09:00:00+00:00,30109.0,20394.33361999002,8,dow_cos,1.0,-301.66601822451844,301.66601822451844,-
ES_20260824_0900,ES,Spain,LightGBM,24,2026-08-24 09:00:00+00:00,2026-08-25 09:00:00+00:00,30109.0,20394.33361999002,9,week_of_year,35.0,-281.97553070751616,281.97553070751616,-
ES_20260824_0900,ES,Spain,LightGBM,24,2026-08-24 09:00:00+00:00,2026-08-25 09:00:00+00:00,30109.0,20394.33361999002,10,quarter,3.0,-204.4339872729173,204.4339872729173,-
ES_20260824_0900,ES,Spain,XGBoost,24,2026-08-24 09:00:00+00:00,2026-08-25 09:00:00+00:00,30109.0,19231.28125,1,month,8.0,-3950.328369140625,3950.328369140625,-
ES_20260824_0900,ES,Spain,XGBoost,24,2026-08-24 09:00:00+00:00,2026-08-25 09:00:00+00:00,30109.0,19231.28125,2,lag_48h,25865.0,-1722.5980224609375,1722.5980224609375,-
ES_20260824_0900,ES,Spain,XGBoost,24,2026-08-24 09:00:00+00:00,2026-08-25 09:00:00+00:00,30109.0,19231.28125,3,hour_sin,0.258819045102521,-982.1897583007812,982.1897583007812,-
ES_20260824_0900,ES,Spain,XGBoost,24,2026-08-24 09:00:00+00:00,2026-08-25 09:00:00+00:00,30109.0,19231.28125,4,wind_onshore_mw_lag1h,6629.0,904.7539672851562,904.7539672851562,+
ES_20260824_0900,ES,Spain,XGBoost,24,2026-08-24 09:00:00+00:00,2026-08-25 09:00:00+00:00,30109.0,19231.28125,5,lag_1h,30887.0,886.8287963867188,886.8287963867188,+
ES_20260824_0900,ES,Spain,XGBoost,24,2026-08-24 09:00:00+00:00,2026-08-25 09:00:00+00:00,30109.0,19231.28125,6,is_weekend,0.0,-852.6680908203125,852.6680908203125,-
ES_20260824_0900,ES,Spain,XGBoost,24,2026-08-24 09:00:00+00:00,2026-08-25 09:00:00+00:00,30109.0,19231.28125,7,dow_cos,1.0,-446.7650146484375,446.7650146484375,-
ES_20260824_0900,ES,Spain,XGBoost,24,2026-08-24 09:00:00+00:00,2026-08-25 09:00:00+00:00,30109.0,19231.28125,8,week_of_year,35.0,-363.5733642578125,363.5733642578125,-
ES_20260824_0900,ES,Spain,XGBoost,24,2026-08-24 09:00:00+00:00,2026-08-25 09:00:00+00:00,30109.0,19231.28125,9,rolling_mean_168h,28988.946428571428,-329.1354675292969,329.1354675292969,-
ES_20260824_0900,ES,Spain,XGBoost,24,2026-08-24 09:00:00+00:00,2026-08-25 09:00:00+00:00,30109.0,19231.28125,10,rolling_max_24h,30887.0,-225.28634643554688,225.28634643554688,-
ES_20260824_1000,ES,Spain,LightGBM,24,2026-08-24 10:00:00+00:00,2026-08-25 10:00:00+00:00,30279.0,20437.51551699649,1,month,8.0,-4594.169597105023,4594.169597105023,-
ES_20260824_1000,ES,Spain,LightGBM,24,2026-08-24 10:00:00+00:00,2026-08-25 10:00:00+00:00,30279.0,20437.51551699649,2,lag_48h,25853.0,-1675.3916821021305,1675.3916821021305,-
ES_20260824_1000,ES,Spain,LightGBM,24,2026-08-24 10:00:00+00:00,2026-08-25 10:00:00+00:00,30279.0,20437.51551699649,3,wind_onshore_mw_lag1h,6392.0,1052.5927086924903,1052.5927086924903,+
ES_20260824_1000,ES,Spain,LightGBM,24,2026-08-24 10:00:00+00:00,2026-08-25 10:00:00+00:00,30279.0,20437.51551699649,4,lag_1h,31041.0,945.2372075420647,945.2372075420647,+
ES_20260824_1000,ES,Spain,LightGBM,24,2026-08-24 10:00:00+00:00,2026-08-25 10:00:00+00:00,30279.0,20437.51551699649,5,is_weekend,0.0,-940.3643952559487,940.3643952559487,-
ES_20260824_1000,ES,Spain,LightGBM,24,2026-08-24 10:00:00+00:00,2026-08-25 10:00:00+00:00,30279.0,20437.51551699649,6,hour_sin,1.2246467991473532e-16,-484.0585799932944,484.0585799932944,-
ES_20260824_1000,ES,Spain,LightGBM,24,2026-08-24 10:00:00+00:00,2026-08-25 10:00:00+00:00,30279.0,20437.51551699649,7,rolling_mean_168h,28986.42261904762,-320.64923363795054,320.64923363795054,-
ES_20260824_1000,ES,Spain,LightGBM,24,2026-08-24 10:00:00+00:00,2026-08-25 10:00:00+00:00,30279.0,20437.51551699649,8,dow_cos,1.0,-290.5655708541904,290.5655708541904,-
ES_20260824_1000,ES,Spain,LightGBM,24,2026-08-24 10:00:00+00:00,2026-08-25 10:00:00+00:00,30279.0,20437.51551699649,9,week_of_year,35.0,-282.02508477661075,282.02508477661075,-
ES_20260824_1000,ES,Spain,LightGBM,24,2026-08-24 10:00:00+00:00,2026-08-25 10:00:00+00:00,30279.0,20437.51551699649,10,quarter,3.0,-204.24914657257705,204.24914657257705,-
ES_20260824_1000,ES,Spain,XGBoost,24,2026-08-24 10:00:00+00:00,2026-08-25 10:00:00+00:00,30279.0,19421.388671875,1,month,8.0,-3914.58154296875,3914.58154296875,-
ES_20260824_1000,ES,Spain,XGBoost,24,2026-08-24 10:00:00+00:00,2026-08-25 10:00:00+00:00,30279.0,19421.388671875,2,lag_48h,25853.0,-1609.1812744140625,1609.1812744140625,-
ES_20260824_1000,ES,Spain,XGBoost,24,2026-08-24 10:00:00+00:00,2026-08-25 10:00:00+00:00,30279.0,19421.388671875,3,hour_sin,1.2246467991473532e-16,-981.703857421875,981.703857421875,-
ES_20260824_1000,ES,Spain,XGBoost,24,2026-08-24 10:00:00+00:00,2026-08-25 10:00:00+00:00,30279.0,19421.388671875,4,wind_onshore_mw_lag1h,6392.0,907.9644775390625,907.9644775390625,+
ES_20260824_1000,ES,Spain,XGBoost,24,2026-08-24 10:00:00+00:00,2026-08-25 10:00:00+00:00,30279.0,19421.388671875,5,lag_1h,31041.0,899.4889526367188,899.4889526367188,+
ES_20260824_1000,ES,Spain,XGBoost,24,2026-08-24 10:00:00+00:00,2026-08-25 10:00:00+00:00,30279.0,19421.388671875,6,is_weekend,0.0,-854.7806396484375,854.7806396484375,-
ES_20260824_1000,ES,Spain,XGBoost,24,2026-08-24 10:00:00+00:00,2026-08-25 10:00:00+00:00,30279.0,19421.388671875,7,dow_cos,1.0,-475.6806945800781,475.6806945800781,-
ES_20260824_1000,ES,Spain,XGBoost,24,2026-08-24 10:00:00+00:00,2026-08-25 10:00:00+00:00,30279.0,19421.388671875,8,week_of_year,35.0,-373.48211669921875,373.48211669921875,-
ES_20260824_1000,ES,Spain,XGBoost,24,2026-08-24 10:00:00+00:00,2026-08-25 10:00:00+00:00,30279.0,19421.388671875,9,rolling_mean_168h,28986.42261904762,-348.7807312011719,348.7807312011719,-
ES_20260824_1000,ES,Spain,XGBoost,24,2026-08-24 10:00:00+00:00,2026-08-25 10:00:00+00:00,30279.0,19421.388671875,10,rolling_max_24h,31041.0,-223.5637664794922,223.5637664794922,-
ES_20260824_1100,ES,Spain,LightGBM,24,2026-08-24 11:00:00+00:00,2026-08-25 11:00:00+00:00,30734.0,20437.51551699649,1,month,8.0,-4593.8179726617855,4593.8179726617855,-
ES_20260824_1100,ES,Spain,LightGBM,24,2026-08-24 11:00:00+00:00,2026-08-25 11:00:00+00:00,30734.0,20437.51551699649,2,lag_48h,26253.0,-1675.3876670528816,1675.3876670528816,-
ES_20260824_1100,ES,Spain,LightGBM,24,2026-08-24 11:00:00+00:00,2026-08-25 11:00:00+00:00,30734.0,20437.51551699649,3,wind_onshore_mw_lag1h,5947.0,1053.4339058982139,1053.4339058982139,+
ES_20260824_1100,ES,Spain,LightGBM,24,2026-08-24 11:00:00+00:00,2026-08-25 11:00:00+00:00,30734.0,20437.51551699649,4,lag_1h,31354.0,944.9025554471425,944.9025554471425,+
ES_20260824_1100,ES,Spain,LightGBM,24,2026-08-24 11:00:00+00:00,2026-08-25 11:00:00+00:00,30734.0,20437.51551699649,5,is_weekend,0.0,-940.3981588395006,940.3981588395006,-
ES_20260824_1100,ES,Spain,LightGBM,24,2026-08-24 11:00:00+00:00,2026-08-25 11:00:00+00:00,30734.0,20437.51551699649,6,hour_sin,-0.2588190451025208,-484.07748333815573,484.07748333815573,-
ES_20260824_1100,ES,Spain,LightGBM,24,2026-08-24 11:00:00+00:00,2026-08-25 11:00:00+00:00,30734.0,20437.51551699649,7,rolling_mean_168h,28981.13095238096,-320.64923363795054,320.64923363795054,-
ES_20260824_1100,ES,Spain,LightGBM,24,2026-08-24 11:00:00+00:00,2026-08-25 11:00:00+00:00,30734.0,20437.51551699649,8,dow_cos,1.0,-291.7727387646418,291.7727387646418,-
ES_20260824_1100,ES,Spain,LightGBM,24,2026-08-24 11:00:00+00:00,2026-08-25 11:00:00+00:00,30734.0,20437.51551699649,9,week_of_year,35.0,-282.077629459549,282.077629459549,-
ES_20260824_1100,ES,Spain,LightGBM,24,2026-08-24 11:00:00+00:00,2026-08-25 11:00:00+00:00,30734.0,20437.51551699649,10,quarter,3.0,-205.9298535039082,205.9298535039082,-
ES_20260824_1100,ES,Spain,XGBoost,24,2026-08-24 11:00:00+00:00,2026-08-25 11:00:00+00:00,30734.0,19346.619140625,1,month,8.0,-3941.180419921875,3941.180419921875,-
ES_20260824_1100,ES,Spain,XGBoost,24,2026-08-24 11:00:00+00:00,2026-08-25 11:00:00+00:00,30734.0,19346.619140625,2,lag_48h,26253.0,-1609.1964111328125,1609.1964111328125,-
ES_20260824_1100,ES,Spain,XGBoost,24,2026-08-24 11:00:00+00:00,2026-08-25 11:00:00+00:00,30734.0,19346.619140625,3,hour_sin,-0.2588190451025208,-981.703857421875,981.703857421875,-
ES_20260824_1100,ES,Spain,XGBoost,24,2026-08-24 11:00:00+00:00,2026-08-25 11:00:00+00:00,30734.0,19346.619140625,4,wind_onshore_mw_lag1h,5947.0,907.9644775390625,907.9644775390625,+
ES_20260824_1100,ES,Spain,XGBoost,24,2026-08-24 11:00:00+00:00,2026-08-25 11:00:00+00:00,30734.0,19346.619140625,5,lag_1h,31354.0,899.3381958007812,899.3381958007812,+
ES_20260824_1100,ES,Spain,XGBoost,24,2026-08-24 11:00:00+00:00,2026-08-25 11:00:00+00:00,30734.0,19346.619140625,6,is_weekend,0.0,-862.9611206054688,862.9611206054688,-
ES_20260824_1100,ES,Spain,XGBoost,24,2026-08-24 11:00:00+00:00,2026-08-25 11:00:00+00:00,30734.0,19346.619140625,7,dow_cos,1.0,-475.6040344238281,475.6040344238281,-
ES_20260824_1100,ES,Spain,XGBoost,24,2026-08-24 11:00:00+00:00,2026-08-25 11:00:00+00:00,30734.0,19346.619140625,8,week_of_year,35.0,-373.48211669921875,373.48211669921875,-
ES_20260824_1100,ES,Spain,XGBoost,24,2026-08-24 11:00:00+00:00,2026-08-25 11:00:00+00:00,30734.0,19346.619140625,9,rolling_mean_168h,28981.13095238096,-348.8142395019531,348.8142395019531,-
ES_20260824_1100,ES,Spain,XGBoost,24,2026-08-24 11:00:00+00:00,2026-08-25 11:00:00+00:00,30734.0,19346.619140625,10,rolling_max_24h,31354.0,-223.52879333496094,223.52879333496094,-
ES_20260824_1200,ES,Spain,LightGBM,24,2026-08-24 12:00:00+00:00,2026-08-25 12:00:00+00:00,30673.0,20472.08535787342,1,month,8.0,-4577.68706746284,4577.68706746284,-
ES_20260824_1200,ES,Spain,LightGBM,24,2026-08-24 12:00:00+00:00,2026-08-25 12:00:00+00:00,30673.0,20472.08535787342,2,lag_48h,26268.0,-1674.2994518765754,1674.2994518765754,-
ES_20260824_1200,ES,Spain,LightGBM,24,2026-08-24 12:00:00+00:00,2026-08-25 12:00:00+00:00,30673.0,20472.08535787342,3,wind_onshore_mw_lag1h,7085.0,1053.5853661009012,1053.5853661009012,+
ES_20260824_1200,ES,Spain,LightGBM,24,2026-08-24 12:00:00+00:00,2026-08-25 12:00:00+00:00,30673.0,20472.08535787342,4,lag_1h,31897.0,944.8191617927828,944.8191617927828,+
ES_20260824_1200,ES,Spain,LightGBM,24,2026-08-24 12:00:00+00:00,2026-08-25 12:00:00+00:00,30673.0,20472.08535787342,5,is_weekend,0.0,-943.0397888379115,943.0397888379115,-
ES_20260824_1200,ES,Spain,LightGBM,24,2026-08-24 12:00:00+00:00,2026-08-25 12:00:00+00:00,30673.0,20472.08535787342,6,hour_sin,-0.4999999999999997,-484.07748333815573,484.07748333815573,-
ES_20260824_1200,ES,Spain,LightGBM,24,2026-08-24 12:00:00+00:00,2026-08-25 12:00:00+00:00,30673.0,20472.08535787342,7,rolling_mean_168h,28972.25,-320.4701124698031,320.4701124698031,-
ES_20260824_1200,ES,Spain,LightGBM,24,2026-08-24 12:00:00+00:00,2026-08-25 12:00:00+00:00,30673.0,20472.08535787342,8,dow_cos,1.0,-302.07305246678914,302.07305246678914,-
ES_20260824_1200,ES,Spain,LightGBM,24,2026-08-24 12:00:00+00:00,2026-08-25 12:00:00+00:00,30673.0,20472.08535787342,9,week_of_year,35.0,-282.077629459549,282.077629459549,-
ES_20260824_1200,ES,Spain,LightGBM,24,2026-08-24 12:00:00+00:00,2026-08-25 12:00:00+00:00,30673.0,20472.08535787342,10,quarter,3.0,-205.80404884663255,205.80404884663255,-
ES_20260824_1200,ES,Spain,XGBoost,24,2026-08-24 12:00:00+00:00,2026-08-25 12:00:00+00:00,30673.0,19519.08984375,1,month,8.0,-3897.025390625,3897.025390625,-
ES_20260824_1200,ES,Spain,XGBoost,24,2026-08-24 12:00:00+00:00,2026-08-25 12:00:00+00:00,30673.0,19519.08984375,2,lag_48h,26268.0,-1618.2056884765625,1618.2056884765625,-
ES_20260824_1200,ES,Spain,XGBoost,24,2026-08-24 12:00:00+00:00,2026-08-25 12:00:00+00:00,30673.0,19519.08984375,3,hour_sin,-0.4999999999999997,-978.90087890625,978.90087890625,-
ES_20260824_1200,ES,Spain,XGBoost,24,2026-08-24 12:00:00+00:00,2026-08-25 12:00:00+00:00,30673.0,19519.08984375,4,wind_onshore_mw_lag1h,7085.0,911.6464233398438,911.6464233398438,+
ES_20260824_1200,ES,Spain,XGBoost,24,2026-08-24 12:00:00+00:00,2026-08-25 12:00:00+00:00,30673.0,19519.08984375,5,lag_1h,31897.0,891.8143310546875,891.8143310546875,+
ES_20260824_1200,ES,Spain,XGBoost,24,2026-08-24 12:00:00+00:00,2026-08-25 12:00:00+00:00,30673.0,19519.08984375,6,is_weekend,0.0,-851.6544189453125,851.6544189453125,-
ES_20260824_1200,ES,Spain,XGBoost,24,2026-08-24 12:00:00+00:00,2026-08-25 12:00:00+00:00,30673.0,19519.08984375,7,dow_cos,1.0,-472.70556640625,472.70556640625,-
ES_20260824_1200,ES,Spain,XGBoost,24,2026-08-24 12:00:00+00:00,2026-08-25 12:00:00+00:00,30673.0,19519.08984375,8,week_of_year,35.0,-373.73419189453125,373.73419189453125,-
ES_20260824_1200,ES,Spain,XGBoost,24,2026-08-24 12:00:00+00:00,2026-08-25 12:00:00+00:00,30673.0,19519.08984375,9,rolling_mean_168h,28972.25,-348.4829406738281,348.4829406738281,-
ES_20260824_1200,ES,Spain,XGBoost,24,2026-08-24 12:00:00+00:00,2026-08-25 12:00:00+00:00,30673.0,19519.08984375,10,rolling_max_24h,31897.0,-223.76617431640625,223.76617431640625,-
ES_20260824_1300,ES,Spain,LightGBM,24,2026-08-24 13:00:00+00:00,2026-08-25 13:00:00+00:00,29790.0,20461.882979035163,1,month,8.0,-4577.741835094974,4577.741835094974,-
ES_20260824_1300,ES,Spain,LightGBM,24,2026-08-24 13:00:00+00:00,2026-08-25 13:00:00+00:00,29790.0,20461.882979035163,2,lag_48h,25699.0,-1670.388762381358,1670.388762381358,-
ES_20260824_1300,ES,Spain,LightGBM,24,2026-08-24 13:00:00+00:00,2026-08-25 13:00:00+00:00,29790.0,20461.882979035163,3,wind_onshore_mw_lag1h,7182.0,1052.4502410883124,1052.4502410883124,+
ES_20260824_1300,ES,Spain,LightGBM,24,2026-08-24 13:00:00+00:00,2026-08-25 13:00:00+00:00,29790.0,20461.882979035163,4,lag_1h,31577.0,946.609278651091,946.609278651091,+
ES_20260824_1300,ES,Spain,LightGBM,24,2026-08-24 13:00:00+00:00,2026-08-25 13:00:00+00:00,29790.0,20461.882979035163,5,is_weekend,0.0,-942.9953110548337,942.9953110548337,-
ES_20260824_1300,ES,Spain,LightGBM,24,2026-08-24 13:00:00+00:00,2026-08-25 13:00:00+00:00,29790.0,20461.882979035163,6,hour_sin,-0.7071067811865471,-484.33938448223205,484.33938448223205,-
ES_20260824_1300,ES,Spain,LightGBM,24,2026-08-24 13:00:00+00:00,2026-08-25 13:00:00+00:00,29790.0,20461.882979035163,7,rolling_mean_168h,28957.071428571428,-323.0442971171215,323.0442971171215,-
ES_20260824_1300,ES,Spain,LightGBM,24,2026-08-24 13:00:00+00:00,2026-08-25 13:00:00+00:00,29790.0,20461.882979035163,8,dow_cos,1.0,-300.7498748493314,300.7498748493314,-
ES_20260824_1300,ES,Spain,LightGBM,24,2026-08-24 13:00:00+00:00,2026-08-25 13:00:00+00:00,29790.0,20461.882979035163,9,week_of_year,35.0,-282.2398616731705,282.2398616731705,-
ES_20260824_1300,ES,Spain,LightGBM,24,2026-08-24 13:00:00+00:00,2026-08-25 13:00:00+00:00,29790.0,20461.882979035163,10,quarter,3.0,-204.22805104987268,204.22805104987268,-
ES_20260824_1300,ES,Spain,XGBoost,24,2026-08-24 13:00:00+00:00,2026-08-25 13:00:00+00:00,29790.0,19525.669921875,1,month,8.0,-3881.981689453125,3881.981689453125,-
ES_20260824_1300,ES,Spain,XGBoost,24,2026-08-24 13:00:00+00:00,2026-08-25 13:00:00+00:00,29790.0,19525.669921875,2,lag_48h,25699.0,-1609.571533203125,1609.571533203125,-
ES_20260824_1300,ES,Spain,XGBoost,24,2026-08-24 13:00:00+00:00,2026-08-25 13:00:00+00:00,29790.0,19525.669921875,3,hour_sin,-0.7071067811865471,-978.5494384765625,978.5494384765625,-
ES_20260824_1300,ES,Spain,XGBoost,24,2026-08-24 13:00:00+00:00,2026-08-25 13:00:00+00:00,29790.0,19525.669921875,4,wind_onshore_mw_lag1h,7182.0,909.787109375,909.787109375,+
ES_20260824_1300,ES,Spain,XGBoost,24,2026-08-24 13:00:00+00:00,2026-08-25 13:00:00+00:00,29790.0,19525.669921875,5,lag_1h,31577.0,884.5020751953125,884.5020751953125,+
ES_20260824_1300,ES,Spain,XGBoost,24,2026-08-24 13:00:00+00:00,2026-08-25 13:00:00+00:00,29790.0,19525.669921875,6,is_weekend,0.0,-848.6419067382812,848.6419067382812,-
ES_20260824_1300,ES,Spain,XGBoost,24,2026-08-24 13:00:00+00:00,2026-08-25 13:00:00+00:00,29790.0,19525.669921875,7,dow_cos,1.0,-470.228271484375,470.228271484375,-
ES_20260824_1300,ES,Spain,XGBoost,24,2026-08-24 13:00:00+00:00,2026-08-25 13:00:00+00:00,29790.0,19525.669921875,8,week_of_year,35.0,-373.5283508300781,373.5283508300781,-
ES_20260824_1300,ES,Spain,XGBoost,24,2026-08-24 13:00:00+00:00,2026-08-25 13:00:00+00:00,29790.0,19525.669921875,9,rolling_mean_168h,28957.071428571428,-347.9870910644531,347.9870910644531,-
ES_20260824_1300,ES,Spain,XGBoost,24,2026-08-24 13:00:00+00:00,2026-08-25 13:00:00+00:00,29790.0,19525.669921875,10,rolling_max_24h,31897.0,-223.6012420654297,223.6012420654297,-
ES_20260824_1400,ES,Spain,LightGBM,24,2026-08-24 14:00:00+00:00,2026-08-25 14:00:00+00:00,29704.0,20461.882979035163,1,month,8.0,-4577.730156437314,4577.730156437314,-
ES_20260824_1400,ES,Spain,LightGBM,24,2026-08-24 14:00:00+00:00,2026-08-25 14:00:00+00:00,29704.0,20461.882979035163,2,lag_48h,25489.0,-1672.2791027444493,1672.2791027444493,-
ES_20260824_1400,ES,Spain,LightGBM,24,2026-08-24 14:00:00+00:00,2026-08-25 14:00:00+00:00,29704.0,20461.882979035163,3,wind_onshore_mw_lag1h,7787.0,1052.4502410883124,1052.4502410883124,+
ES_20260824_1400,ES,Spain,LightGBM,24,2026-08-24 14:00:00+00:00,2026-08-25 14:00:00+00:00,29704.0,20461.882979035163,4,lag_1h,30649.0,946.9907743553279,946.9907743553279,+
ES_20260824_1400,ES,Spain,LightGBM,24,2026-08-24 14:00:00+00:00,2026-08-25 14:00:00+00:00,29704.0,20461.882979035163,5,is_weekend,0.0,-942.9953110548337,942.9953110548337,-
ES_20260824_1400,ES,Spain,LightGBM,24,2026-08-24 14:00:00+00:00,2026-08-25 14:00:00+00:00,29704.0,20461.882979035163,6,hour_sin,-0.8660254037844384,-484.3277058245719,484.3277058245719,-
ES_20260824_1400,ES,Spain,LightGBM,24,2026-08-24 14:00:00+00:00,2026-08-25 14:00:00+00:00,29704.0,20461.882979035163,7,rolling_mean_168h,28938.154761904763,-323.6002121659847,323.6002121659847,-
ES_20260824_1400,ES,Spain,LightGBM,24,2026-08-24 14:00:00+00:00,2026-08-25 14:00:00+00:00,29704.0,20461.882979035163,8,dow_cos,1.0,-290.4683940703403,290.4683940703403,-
ES_20260824_1400,ES,Spain,LightGBM,24,2026-08-24 14:00:00+00:00,2026-08-25 14:00:00+00:00,29704.0,20461.882979035163,9,week_of_year,35.0,-282.2398616731705,282.2398616731705,-
ES_20260824_1400,ES,Spain,LightGBM,24,2026-08-24 14:00:00+00:00,2026-08-25 14:00:00+00:00,29704.0,20461.882979035163,10,quarter,3.0,-204.36637848344978,204.36637848344978,-
ES_20260824_1400,ES,Spain,XGBoost,24,2026-08-24 14:00:00+00:00,2026-08-25 14:00:00+00:00,29704.0,19475.6328125,1,month,8.0,-3878.4296875,3878.4296875,-
ES_20260824_1400,ES,Spain,XGBoost,24,2026-08-24 14:00:00+00:00,2026-08-25 14:00:00+00:00,29704.0,19475.6328125,2,lag_48h,25489.0,-1613.0478515625,1613.0478515625,-
ES_20260824_1400,ES,Spain,XGBoost,24,2026-08-24 14:00:00+00:00,2026-08-25 14:00:00+00:00,29704.0,19475.6328125,3,hour_sin,-0.8660254037844384,-978.6234741210938,978.6234741210938,-
ES_20260824_1400,ES,Spain,XGBoost,24,2026-08-24 14:00:00+00:00,2026-08-25 14:00:00+00:00,29704.0,19475.6328125,4,wind_onshore_mw_lag1h,7787.0,909.787109375,909.787109375,+
ES_20260824_1400,ES,Spain,XGBoost,24,2026-08-24 14:00:00+00:00,2026-08-25 14:00:00+00:00,29704.0,19475.6328125,5,lag_1h,30649.0,884.5604248046875,884.5604248046875,+
ES_20260824_1400,ES,Spain,XGBoost,24,2026-08-24 14:00:00+00:00,2026-08-25 14:00:00+00:00,29704.0,19475.6328125,6,is_weekend,0.0,-849.6149291992188,849.6149291992188,-
ES_20260824_1400,ES,Spain,XGBoost,24,2026-08-24 14:00:00+00:00,2026-08-25 14:00:00+00:00,29704.0,19475.6328125,7,dow_cos,1.0,-470.6279296875,470.6279296875,-
ES_20260824_1400,ES,Spain,XGBoost,24,2026-08-24 14:00:00+00:00,2026-08-25 14:00:00+00:00,29704.0,19475.6328125,8,week_of_year,35.0,-373.3097229003906,373.3097229003906,-
ES_20260824_1400,ES,Spain,XGBoost,24,2026-08-24 14:00:00+00:00,2026-08-25 14:00:00+00:00,29704.0,19475.6328125,9,rolling_mean_168h,28938.154761904763,-348.6367492675781,348.6367492675781,-
ES_20260824_1400,ES,Spain,XGBoost,24,2026-08-24 14:00:00+00:00,2026-08-25 14:00:00+00:00,29704.0,19475.6328125,10,rolling_max_24h,31897.0,-223.4585723876953,223.4585723876953,-
ES_20260824_1500,ES,Spain,LightGBM,24,2026-08-24 15:00:00+00:00,2026-08-25 15:00:00+00:00,30609.0,20461.882979035163,1,month,8.0,-4577.801200159828,4577.801200159828,-
ES_20260824_1500,ES,Spain,LightGBM,24,2026-08-24 15:00:00+00:00,2026-08-25 15:00:00+00:00,30609.0,20461.882979035163,2,lag_48h,26084.0,-1673.2353685474059,1673.2353685474059,-
ES_20260824_1500,ES,Spain,LightGBM,24,2026-08-24 15:00:00+00:00,2026-08-25 15:00:00+00:00,30609.0,20461.882979035163,3,wind_onshore_mw_lag1h,8097.0,1052.4502410883124,1052.4502410883124,+
ES_20260824_1500,ES,Spain,LightGBM,24,2026-08-24 15:00:00+00:00,2026-08-25 15:00:00+00:00,30609.0,20461.882979035163,4,lag_1h,30486.0,947.351626746087,947.351626746087,+
ES_20260824_1500,ES,Spain,LightGBM,24,2026-08-24 15:00:00+00:00,2026-08-25 15:00:00+00:00,30609.0,20461.882979035163,5,is_weekend,0.0,-942.9953110548337,942.9953110548337,-
ES_20260824_1500,ES,Spain,LightGBM,24,2026-08-24 15:00:00+00:00,2026-08-25 15:00:00+00:00,30609.0,20461.882979035163,6,hour_sin,-0.9659258262890684,-485.9425109394158,485.9425109394158,-
ES_20260824_1500,ES,Spain,LightGBM,24,2026-08-24 15:00:00+00:00,2026-08-25 15:00:00+00:00,30609.0,20461.882979035163,7,rolling_mean_168h,28919.45833333333,-323.19749908601716,323.19749908601716,-
ES_20260824_1500,ES,Spain,LightGBM,24,2026-08-24 15:00:00+00:00,2026-08-25 15:00:00+00:00,30609.0,20461.882979035163,8,dow_cos,1.0,-290.4683940703403,290.4683940703403,-
ES_20260824_1500,ES,Spain,LightGBM,24,2026-08-24 15:00:00+00:00,2026-08-25 15:00:00+00:00,30609.0,20461.882979035163,9,week_of_year,35.0,-282.2398616731705,282.2398616731705,-
ES_20260824_1500,ES,Spain,LightGBM,24,2026-08-24 15:00:00+00:00,2026-08-25 15:00:00+00:00,30609.0,20461.882979035163,10,quarter,3.0,-204.36637848344978,204.36637848344978,-
ES_20260824_1500,ES,Spain,XGBoost,24,2026-08-24 15:00:00+00:00,2026-08-25 15:00:00+00:00,30609.0,19475.6328125,1,month,8.0,-3878.6064453125,3878.6064453125,-
ES_20260824_1500,ES,Spain,XGBoost,24,2026-08-24 15:00:00+00:00,2026-08-25 15:00:00+00:00,30609.0,19475.6328125,2,lag_48h,26084.0,-1613.2861328125,1613.2861328125,-
ES_20260824_1500,ES,Spain,XGBoost,24,2026-08-24 15:00:00+00:00,2026-08-25 15:00:00+00:00,30609.0,19475.6328125,3,hour_sin,-0.9659258262890684,-978.6101684570312,978.6101684570312,-
ES_20260824_1500,ES,Spain,XGBoost,24,2026-08-24 15:00:00+00:00,2026-08-25 15:00:00+00:00,30609.0,19475.6328125,4,wind_onshore_mw_lag1h,8097.0,910.695556640625,910.695556640625,+
ES_20260824_1500,ES,Spain,XGBoost,24,2026-08-24 15:00:00+00:00,2026-08-25 15:00:00+00:00,30609.0,19475.6328125,5,lag_1h,30486.0,888.546630859375,888.546630859375,+
ES_20260824_1500,ES,Spain,XGBoost,24,2026-08-24 15:00:00+00:00,2026-08-25 15:00:00+00:00,30609.0,19475.6328125,6,is_weekend,0.0,-848.833251953125,848.833251953125,-
ES_20260824_1500,ES,Spain,XGBoost,24,2026-08-24 15:00:00+00:00,2026-08-25 15:00:00+00:00,30609.0,19475.6328125,7,dow_cos,1.0,-470.87738037109375,470.87738037109375,-
ES_20260824_1500,ES,Spain,XGBoost,24,2026-08-24 15:00:00+00:00,2026-08-25 15:00:00+00:00,30609.0,19475.6328125,8,week_of_year,35.0,-374.3945007324219,374.3945007324219,-
ES_20260824_1500,ES,Spain,XGBoost,24,2026-08-24 15:00:00+00:00,2026-08-25 15:00:00+00:00,30609.0,19475.6328125,9,rolling_mean_168h,28919.45833333333,-348.7450866699219,348.7450866699219,-
ES_20260824_1500,ES,Spain,XGBoost,24,2026-08-24 15:00:00+00:00,2026-08-25 15:00:00+00:00,30609.0,19475.6328125,10,rolling_max_24h,31897.0,-223.4585723876953,223.4585723876953,-
ES_20260824_1600,ES,Spain,LightGBM,24,2026-08-24 16:00:00+00:00,2026-08-25 16:00:00+00:00,31485.0,20427.31313815823,1,month,8.0,-4594.174904372158,4594.174904372158,-
ES_20260824_1600,ES,Spain,LightGBM,24,2026-08-24 16:00:00+00:00,2026-08-25 16:00:00+00:00,31485.0,20427.31313815823,2,lag_48h,27328.0,-1673.2375205647447,1673.2375205647447,-
ES_20260824_1600,ES,Spain,LightGBM,24,2026-08-24 16:00:00+00:00,2026-08-25 16:00:00+00:00,31485.0,20427.31313815823,3,wind_onshore_mw_lag1h,8589.0,1052.4502410883124,1052.4502410883124,+
ES_20260824_1600,ES,Spain,LightGBM,24,2026-08-24 16:00:00+00:00,2026-08-25 16:00:00+00:00,31485.0,20427.31313815823,4,lag_1h,30815.0,946.9425587117428,946.9425587117428,+
ES_20260824_1600,ES,Spain,LightGBM,24,2026-08-24 16:00:00+00:00,2026-08-25 16:00:00+00:00,31485.0,20427.31313815823,5,is_weekend,0.0,-940.6335366821403,940.6335366821403,-
ES_20260824_1600,ES,Spain,LightGBM,24,2026-08-24 16:00:00+00:00,2026-08-25 16:00:00+00:00,31485.0,20427.31313815823,6,hour_sin,-1.0,-485.9425109394158,485.9425109394158,-
ES_20260824_1600,ES,Spain,LightGBM,24,2026-08-24 16:00:00+00:00,2026-08-25 16:00:00+00:00,31485.0,20427.31313815823,7,rolling_mean_168h,28899.404761904763,-322.79772270034897,322.79772270034897,-
ES_20260824_1600,ES,Spain,LightGBM,24,2026-08-24 16:00:00+00:00,2026-08-25 16:00:00+00:00,31485.0,20427.31313815823,8,dow_cos,1.0,-290.5302390746737,290.5302390746737,-
ES_20260824_1600,ES,Spain,LightGBM,24,2026-08-24 16:00:00+00:00,2026-08-25 16:00:00+00:00,31485.0,20427.31313815823,9,week_of_year,35.0,-282.0280753904544,282.0280753904544,-
ES_20260824_1600,ES,Spain,LightGBM,24,2026-08-24 16:00:00+00:00,2026-08-25 16:00:00+00:00,31485.0,20427.31313815823,10,quarter,3.0,-204.32422222091682,204.32422222091682,-
ES_20260824_1600,ES,Spain,XGBoost,24,2026-08-24 16:00:00+00:00,2026-08-25 16:00:00+00:00,31485.0,19325.087890625,1,month,8.0,-3945.022216796875,3945.022216796875,-
ES_20260824_1600,ES,Spain,XGBoost,24,2026-08-24 16:00:00+00:00,2026-08-25 16:00:00+00:00,31485.0,19325.087890625,2,lag_48h,27328.0,-1612.0513916015625,1612.0513916015625,-
ES_20260824_1600,ES,Spain,XGBoost,24,2026-08-24 16:00:00+00:00,2026-08-25 16:00:00+00:00,31485.0,19325.087890625,3,hour_sin,-1.0,-978.7822875976562,978.7822875976562,-
ES_20260824_1600,ES,Spain,XGBoost,24,2026-08-24 16:00:00+00:00,2026-08-25 16:00:00+00:00,31485.0,19325.087890625,4,wind_onshore_mw_lag1h,8589.0,906.1036987304688,906.1036987304688,+
ES_20260824_1600,ES,Spain,XGBoost,24,2026-08-24 16:00:00+00:00,2026-08-25 16:00:00+00:00,31485.0,19325.087890625,5,lag_1h,30815.0,892.6273193359375,892.6273193359375,+
ES_20260824_1600,ES,Spain,XGBoost,24,2026-08-24 16:00:00+00:00,2026-08-25 16:00:00+00:00,31485.0,19325.087890625,6,is_weekend,0.0,-861.8657836914062,861.8657836914062,-
ES_20260824_1600,ES,Spain,XGBoost,24,2026-08-24 16:00:00+00:00,2026-08-25 16:00:00+00:00,31485.0,19325.087890625,7,dow_cos,1.0,-471.7007751464844,471.7007751464844,-
ES_20260824_1600,ES,Spain,XGBoost,24,2026-08-24 16:00:00+00:00,2026-08-25 16:00:00+00:00,31485.0,19325.087890625,8,week_of_year,35.0,-373.35833740234375,373.35833740234375,-
ES_20260824_1600,ES,Spain,XGBoost,24,2026-08-24 16:00:00+00:00,2026-08-25 16:00:00+00:00,31485.0,19325.087890625,9,rolling_mean_168h,28899.404761904763,-348.0252380371094,348.0252380371094,-
ES_20260824_1600,ES,Spain,XGBoost,24,2026-08-24 16:00:00+00:00,2026-08-25 16:00:00+00:00,31485.0,19325.087890625,10,rolling_max_24h,31897.0,-223.4585723876953,223.4585723876953,-
ES_20260824_1700,ES,Spain,LightGBM,24,2026-08-24 17:00:00+00:00,2026-08-25 17:00:00+00:00,32234.0,20394.33361999002,1,month,8.0,-4600.394545364605,4600.394545364605,-
ES_20260824_1700,ES,Spain,LightGBM,24,2026-08-24 17:00:00+00:00,2026-08-25 17:00:00+00:00,32234.0,20394.33361999002,2,lag_48h,28498.0,-1690.7675772029152,1690.7675772029152,-
ES_20260824_1700,ES,Spain,LightGBM,24,2026-08-24 17:00:00+00:00,2026-08-25 17:00:00+00:00,32234.0,20394.33361999002,3,wind_onshore_mw_lag1h,10779.0,1052.661745970176,1052.661745970176,+
ES_20260824_1700,ES,Spain,LightGBM,24,2026-08-24 17:00:00+00:00,2026-08-25 17:00:00+00:00,32234.0,20394.33361999002,4,lag_1h,31167.0,945.236449309818,945.236449309818,+
ES_20260824_1700,ES,Spain,LightGBM,24,2026-08-24 17:00:00+00:00,2026-08-25 17:00:00+00:00,32234.0,20394.33361999002,5,is_weekend,0.0,-941.0892685091649,941.0892685091649,-
ES_20260824_1700,ES,Spain,LightGBM,24,2026-08-24 17:00:00+00:00,2026-08-25 17:00:00+00:00,32234.0,20394.33361999002,6,hour_sin,-0.9659258262890684,-483.26715001246663,483.26715001246663,-
ES_20260824_1700,ES,Spain,LightGBM,24,2026-08-24 17:00:00+00:00,2026-08-25 17:00:00+00:00,32234.0,20394.33361999002,7,rolling_mean_168h,28879.059523809523,-320.19676615545546,320.19676615545546,-
ES_20260824_1700,ES,Spain,LightGBM,24,2026-08-24 17:00:00+00:00,2026-08-25 17:00:00+00:00,32234.0,20394.33361999002,8,dow_cos,1.0,-301.10200073775377,301.10200073775377,-
ES_20260824_1700,ES,Spain,LightGBM,24,2026-08-24 17:00:00+00:00,2026-08-25 17:00:00+00:00,32234.0,20394.33361999002,9,week_of_year,35.0,-282.0280753904544,282.0280753904544,-
ES_20260824_1700,ES,Spain,LightGBM,24,2026-08-24 17:00:00+00:00,2026-08-25 17:00:00+00:00,32234.0,20394.33361999002,10,quarter,3.0,-204.17005467999797,204.17005467999797,-
ES_20260824_1700,ES,Spain,XGBoost,24,2026-08-24 17:00:00+00:00,2026-08-25 17:00:00+00:00,32234.0,19186.587890625,1,month,8.0,-3948.293701171875,3948.293701171875,-
ES_20260824_1700,ES,Spain,XGBoost,24,2026-08-24 17:00:00+00:00,2026-08-25 17:00:00+00:00,32234.0,19186.587890625,2,lag_48h,28498.0,-1718.150146484375,1718.150146484375,-
ES_20260824_1700,ES,Spain,XGBoost,24,2026-08-24 17:00:00+00:00,2026-08-25 17:00:00+00:00,32234.0,19186.587890625,3,hour_sin,-0.9659258262890684,-980.5552978515625,980.5552978515625,-
ES_20260824_1700,ES,Spain,XGBoost,24,2026-08-24 17:00:00+00:00,2026-08-25 17:00:00+00:00,32234.0,19186.587890625,4,wind_onshore_mw_lag1h,10779.0,906.4090576171875,906.4090576171875,+
ES_20260824_1700,ES,Spain,XGBoost,24,2026-08-24 17:00:00+00:00,2026-08-25 17:00:00+00:00,32234.0,19186.587890625,5,lag_1h,31167.0,898.59765625,898.59765625,+
ES_20260824_1700,ES,Spain,XGBoost,24,2026-08-24 17:00:00+00:00,2026-08-25 17:00:00+00:00,32234.0,19186.587890625,6,is_weekend,0.0,-849.9195556640625,849.9195556640625,-
ES_20260824_1700,ES,Spain,XGBoost,24,2026-08-24 17:00:00+00:00,2026-08-25 17:00:00+00:00,32234.0,19186.587890625,7,dow_cos,1.0,-469.88690185546875,469.88690185546875,-
ES_20260824_1700,ES,Spain,XGBoost,24,2026-08-24 17:00:00+00:00,2026-08-25 17:00:00+00:00,32234.0,19186.587890625,8,week_of_year,35.0,-364.9443359375,364.9443359375,-
ES_20260824_1700,ES,Spain,XGBoost,24,2026-08-24 17:00:00+00:00,2026-08-25 17:00:00+00:00,32234.0,19186.587890625,9,rolling_mean_168h,28879.059523809523,-331.0132751464844,331.0132751464844,-
ES_20260824_1700,ES,Spain,XGBoost,24,2026-08-24 17:00:00+00:00,2026-08-25 17:00:00+00:00,32234.0,19186.587890625,10,rolling_max_24h,31897.0,-223.5361785888672,223.5361785888672,-
ES_20260824_1800,ES,Spain,LightGBM,24,2026-08-24 18:00:00+00:00,2026-08-25 18:00:00+00:00,32892.0,20400.253699533605,1,month,8.0,-4611.429877770601,4611.429877770601,-
ES_20260824_1800,ES,Spain,LightGBM,24,2026-08-24 18:00:00+00:00,2026-08-25 18:00:00+00:00,32892.0,20400.253699533605,2,lag_48h,29038.0,-1690.4916899366829,1690.4916899366829,-
ES_20260824_1800,ES,Spain,LightGBM,24,2026-08-24 18:00:00+00:00,2026-08-25 18:00:00+00:00,32892.0,20400.253699533605,3,wind_onshore_mw_lag1h,11701.0,1048.6801663124902,1048.6801663124902,+
ES_20260824_1800,ES,Spain,LightGBM,24,2026-08-24 18:00:00+00:00,2026-08-25 18:00:00+00:00,32892.0,20400.253699533605,4,is_weekend,0.0,-944.7380132947662,944.7380132947662,-
ES_20260824_1800,ES,Spain,LightGBM,24,2026-08-24 18:00:00+00:00,2026-08-25 18:00:00+00:00,32892.0,20400.253699533605,5,lag_1h,31561.0,942.4312730933066,942.4312730933066,+
ES_20260824_1800,ES,Spain,LightGBM,24,2026-08-24 18:00:00+00:00,2026-08-25 18:00:00+00:00,32892.0,20400.253699533605,6,hour_sin,-0.8660254037844386,-482.68199181083287,482.68199181083287,-
ES_20260824_1800,ES,Spain,LightGBM,24,2026-08-24 18:00:00+00:00,2026-08-25 18:00:00+00:00,32892.0,20400.253699533605,7,rolling_mean_168h,28858.98809523809,-321.80142059323236,321.80142059323236,-
ES_20260824_1800,ES,Spain,LightGBM,24,2026-08-24 18:00:00+00:00,2026-08-25 18:00:00+00:00,32892.0,20400.253699533605,8,dow_cos,1.0,-301.5457004986687,301.5457004986687,-
ES_20260824_1800,ES,Spain,LightGBM,24,2026-08-24 18:00:00+00:00,2026-08-25 18:00:00+00:00,32892.0,20400.253699533605,9,week_of_year,35.0,-282.0443582845572,282.0443582845572,-
ES_20260824_1800,ES,Spain,LightGBM,24,2026-08-24 18:00:00+00:00,2026-08-25 18:00:00+00:00,32892.0,20400.253699533605,10,quarter,3.0,-205.82370744429832,205.82370744429832,-
ES_20260824_1800,ES,Spain,XGBoost,24,2026-08-24 18:00:00+00:00,2026-08-25 18:00:00+00:00,32892.0,19181.498046875,1,month,8.0,-3933.824951171875,3933.824951171875,-
ES_20260824_1800,ES,Spain,XGBoost,24,2026-08-24 18:00:00+00:00,2026-08-25 18:00:00+00:00,32892.0,19181.498046875,2,lag_48h,29038.0,-1720.315673828125,1720.315673828125,-
ES_20260824_1800,ES,Spain,XGBoost,24,2026-08-24 18:00:00+00:00,2026-08-25 18:00:00+00:00,32892.0,19181.498046875,3,hour_sin,-0.8660254037844386,-985.89306640625,985.89306640625,-
ES_20260824_1800,ES,Spain,XGBoost,24,2026-08-24 18:00:00+00:00,2026-08-25 18:00:00+00:00,32892.0,19181.498046875,4,wind_onshore_mw_lag1h,11701.0,906.2391967773438,906.2391967773438,+
ES_20260824_1800,ES,Spain,XGBoost,24,2026-08-24 18:00:00+00:00,2026-08-25 18:00:00+00:00,32892.0,19181.498046875,5,lag_1h,31561.0,894.484130859375,894.484130859375,+
ES_20260824_1800,ES,Spain,XGBoost,24,2026-08-24 18:00:00+00:00,2026-08-25 18:00:00+00:00,32892.0,19181.498046875,6,is_weekend,0.0,-858.2132568359375,858.2132568359375,-
ES_20260824_1800,ES,Spain,XGBoost,24,2026-08-24 18:00:00+00:00,2026-08-25 18:00:00+00:00,32892.0,19181.498046875,7,dow_cos,1.0,-450.5893859863281,450.5893859863281,-
ES_20260824_1800,ES,Spain,XGBoost,24,2026-08-24 18:00:00+00:00,2026-08-25 18:00:00+00:00,32892.0,19181.498046875,8,week_of_year,35.0,-354.9917297363281,354.9917297363281,-
ES_20260824_1800,ES,Spain,XGBoost,24,2026-08-24 18:00:00+00:00,2026-08-25 18:00:00+00:00,32892.0,19181.498046875,9,rolling_mean_168h,28858.98809523809,-342.94696044921875,342.94696044921875,-
ES_20260824_1800,ES,Spain,XGBoost,24,2026-08-24 18:00:00+00:00,2026-08-25 18:00:00+00:00,32892.0,19181.498046875,10,rolling_max_24h,31897.0,-224.73255920410156,224.73255920410156,-
ES_20260824_1900,ES,Spain,LightGBM,24,2026-08-24 19:00:00+00:00,2026-08-25 19:00:00+00:00,33634.0,20371.06387080415,1,month,8.0,-4610.883673269992,4610.883673269992,-
ES_20260824_1900,ES,Spain,LightGBM,24,2026-08-24 19:00:00+00:00,2026-08-25 19:00:00+00:00,33634.0,20371.06387080415,2,lag_48h,29952.0,-1692.3382658300916,1692.3382658300916,-
ES_20260824_1900,ES,Spain,LightGBM,24,2026-08-24 19:00:00+00:00,2026-08-25 19:00:00+00:00,33634.0,20371.06387080415,3,wind_onshore_mw_lag1h,11165.0,1049.7604532443027,1049.7604532443027,+
ES_20260824_1900,ES,Spain,LightGBM,24,2026-08-24 19:00:00+00:00,2026-08-25 19:00:00+00:00,33634.0,20371.06387080415,4,is_weekend,0.0,-948.4632400544265,948.4632400544265,-
ES_20260824_1900,ES,Spain,LightGBM,24,2026-08-24 19:00:00+00:00,2026-08-25 19:00:00+00:00,33634.0,20371.06387080415,5,lag_1h,31714.0,942.9061235977022,942.9061235977022,+
ES_20260824_1900,ES,Spain,LightGBM,24,2026-08-24 19:00:00+00:00,2026-08-25 19:00:00+00:00,33634.0,20371.06387080415,6,hour_sin,-0.7071067811865477,-482.57049805602446,482.57049805602446,-
ES_20260824_1900,ES,Spain,LightGBM,24,2026-08-24 19:00:00+00:00,2026-08-25 19:00:00+00:00,33634.0,20371.06387080415,7,rolling_mean_168h,28837.76785714286,-319.83100750719996,319.83100750719996,-
ES_20260824_1900,ES,Spain,LightGBM,24,2026-08-24 19:00:00+00:00,2026-08-25 19:00:00+00:00,33634.0,20371.06387080415,8,dow_cos,1.0,-307.8818801795792,307.8818801795792,-
ES_20260824_1900,ES,Spain,LightGBM,24,2026-08-24 19:00:00+00:00,2026-08-25 19:00:00+00:00,33634.0,20371.06387080415,9,week_of_year,35.0,-282.85194289901074,282.85194289901074,-
ES_20260824_1900,ES,Spain,LightGBM,24,2026-08-24 19:00:00+00:00,2026-08-25 19:00:00+00:00,33634.0,20371.06387080415,10,month_cos,-0.5000000000000004,-205.33165424944957,205.33165424944957,-
ES_20260824_1900,ES,Spain,XGBoost,24,2026-08-24 19:00:00+00:00,2026-08-25 19:00:00+00:00,33634.0,19284.171875,1,month,8.0,-3917.574951171875,3917.574951171875,-
ES_20260824_1900,ES,Spain,XGBoost,24,2026-08-24 19:00:00+00:00,2026-08-25 19:00:00+00:00,33634.0,19284.171875,2,lag_48h,29952.0,-1727.5465087890625,1727.5465087890625,-
ES_20260824_1900,ES,Spain,XGBoost,24,2026-08-24 19:00:00+00:00,2026-08-25 19:00:00+00:00,33634.0,19284.171875,3,hour_sin,-0.7071067811865477,-983.1703491210938,983.1703491210938,-
ES_20260824_1900,ES,Spain,XGBoost,24,2026-08-24 19:00:00+00:00,2026-08-25 19:00:00+00:00,33634.0,19284.171875,4,lag_1h,31714.0,916.5939331054688,916.5939331054688,+
ES_20260824_1900,ES,Spain,XGBoost,24,2026-08-24 19:00:00+00:00,2026-08-25 19:00:00+00:00,33634.0,19284.171875,5,wind_onshore_mw_lag1h,11165.0,909.3617553710938,909.3617553710938,+
ES_20260824_1900,ES,Spain,XGBoost,24,2026-08-24 19:00:00+00:00,2026-08-25 19:00:00+00:00,33634.0,19284.171875,6,is_weekend,0.0,-875.1853637695312,875.1853637695312,-
ES_20260824_1900,ES,Spain,XGBoost,24,2026-08-24 19:00:00+00:00,2026-08-25 19:00:00+00:00,33634.0,19284.171875,7,dow_cos,1.0,-446.6947937011719,446.6947937011719,-
ES_20260824_1900,ES,Spain,XGBoost,24,2026-08-24 19:00:00+00:00,2026-08-25 19:00:00+00:00,33634.0,19284.171875,8,week_of_year,35.0,-356.4481506347656,356.4481506347656,-
ES_20260824_1900,ES,Spain,XGBoost,24,2026-08-24 19:00:00+00:00,2026-08-25 19:00:00+00:00,33634.0,19284.171875,9,rolling_mean_168h,28837.76785714286,-331.0139465332031,331.0139465332031,-
ES_20260824_1900,ES,Spain,XGBoost,24,2026-08-24 19:00:00+00:00,2026-08-25 19:00:00+00:00,33634.0,19284.171875,10,rolling_max_24h,31897.0,-224.494140625,224.494140625,-
ES_20260824_2000,ES,Spain,LightGBM,24,2026-08-24 20:00:00+00:00,2026-08-25 20:00:00+00:00,31410.0,20324.764415572143,1,month,8.0,-4608.932981697689,4608.932981697689,-
ES_20260824_2000,ES,Spain,LightGBM,24,2026-08-24 20:00:00+00:00,2026-08-25 20:00:00+00:00,31410.0,20324.764415572143,2,lag_48h,28457.0,-1693.0005070285786,1693.0005070285786,-
ES_20260824_2000,ES,Spain,LightGBM,24,2026-08-24 20:00:00+00:00,2026-08-25 20:00:00+00:00,31410.0,20324.764415572143,3,wind_onshore_mw_lag1h,10123.0,1042.351920161003,1042.351920161003,+
ES_20260824_2000,ES,Spain,LightGBM,24,2026-08-24 20:00:00+00:00,2026-08-25 20:00:00+00:00,31410.0,20324.764415572143,4,is_weekend,0.0,-969.0418036085812,969.0418036085812,-
ES_20260824_2000,ES,Spain,LightGBM,24,2026-08-24 20:00:00+00:00,2026-08-25 20:00:00+00:00,31410.0,20324.764415572143,5,lag_1h,32428.0,942.9892516644154,942.9892516644154,+
ES_20260824_2000,ES,Spain,LightGBM,24,2026-08-24 20:00:00+00:00,2026-08-25 20:00:00+00:00,31410.0,20324.764415572143,6,hour_sin,-0.5000000000000004,-483.31613486178594,483.31613486178594,-
ES_20260824_2000,ES,Spain,LightGBM,24,2026-08-24 20:00:00+00:00,2026-08-25 20:00:00+00:00,31410.0,20324.764415572143,7,dow_cos,1.0,-323.29177919365884,323.29177919365884,-
ES_20260824_2000,ES,Spain,LightGBM,24,2026-08-24 20:00:00+00:00,2026-08-25 20:00:00+00:00,31410.0,20324.764415572143,8,rolling_mean_168h,28818.339285714286,-311.209943235146,311.209943235146,-
ES_20260824_2000,ES,Spain,LightGBM,24,2026-08-24 20:00:00+00:00,2026-08-25 20:00:00+00:00,31410.0,20324.764415572143,9,week_of_year,35.0,-282.2275958674376,282.2275958674376,-
ES_20260824_2000,ES,Spain,LightGBM,24,2026-08-24 20:00:00+00:00,2026-08-25 20:00:00+00:00,31410.0,20324.764415572143,10,month_cos,-0.5000000000000004,-208.0376844970991,208.0376844970991,-
ES_20260824_2000,ES,Spain,XGBoost,24,2026-08-24 20:00:00+00:00,2026-08-25 20:00:00+00:00,31410.0,19418.912109375,1,month,8.0,-3928.359375,3928.359375,-
ES_20260824_2000,ES,Spain,XGBoost,24,2026-08-24 20:00:00+00:00,2026-08-25 20:00:00+00:00,31410.0,19418.912109375,2,lag_48h,28457.0,-1742.86474609375,1742.86474609375,-
ES_20260824_2000,ES,Spain,XGBoost,24,2026-08-24 20:00:00+00:00,2026-08-25 20:00:00+00:00,31410.0,19418.912109375,3,hour_sin,-0.5000000000000004,-970.5760498046875,970.5760498046875,-
ES_20260824_2000,ES,Spain,XGBoost,24,2026-08-24 20:00:00+00:00,2026-08-25 20:00:00+00:00,31410.0,19418.912109375,4,is_weekend,0.0,-929.107421875,929.107421875,-
ES_20260824_2000,ES,Spain,XGBoost,24,2026-08-24 20:00:00+00:00,2026-08-25 20:00:00+00:00,31410.0,19418.912109375,5,wind_onshore_mw_lag1h,10123.0,906.6168212890625,906.6168212890625,+
ES_20260824_2000,ES,Spain,XGBoost,24,2026-08-24 20:00:00+00:00,2026-08-25 20:00:00+00:00,31410.0,19418.912109375,6,lag_1h,32428.0,903.6182250976562,903.6182250976562,+
ES_20260824_2000,ES,Spain,XGBoost,24,2026-08-24 20:00:00+00:00,2026-08-25 20:00:00+00:00,31410.0,19418.912109375,7,dow_cos,1.0,-464.613037109375,464.613037109375,-
ES_20260824_2000,ES,Spain,XGBoost,24,2026-08-24 20:00:00+00:00,2026-08-25 20:00:00+00:00,31410.0,19418.912109375,8,week_of_year,35.0,-355.2728271484375,355.2728271484375,-
ES_20260824_2000,ES,Spain,XGBoost,24,2026-08-24 20:00:00+00:00,2026-08-25 20:00:00+00:00,31410.0,19418.912109375,9,rolling_mean_168h,28818.339285714286,-324.4913330078125,324.4913330078125,-
ES_20260824_2000,ES,Spain,XGBoost,24,2026-08-24 20:00:00+00:00,2026-08-25 20:00:00+00:00,31410.0,19418.912109375,10,rolling_max_24h,32428.0,-224.05157470703125,224.05157470703125,-
ES_20260824_2100,ES,Spain,LightGBM,24,2026-08-24 21:00:00+00:00,2026-08-25 21:00:00+00:00,28968.0,20324.764415572143,1,month,8.0,-4608.650951875703,4608.650951875703,-
ES_20260824_2100,ES,Spain,LightGBM,24,2026-08-24 21:00:00+00:00,2026-08-25 21:00:00+00:00,28968.0,20324.764415572143,2,lag_48h,26738.0,-1692.9377746148675,1692.9377746148675,-
ES_20260824_2100,ES,Spain,LightGBM,24,2026-08-24 21:00:00+00:00,2026-08-25 21:00:00+00:00,28968.0,20324.764415572143,3,wind_onshore_mw_lag1h,9851.0,1041.4552167935976,1041.4552167935976,+
ES_20260824_2100,ES,Spain,LightGBM,24,2026-08-24 21:00:00+00:00,2026-08-25 21:00:00+00:00,28968.0,20324.764415572143,4,is_weekend,0.0,-967.5525251194952,967.5525251194952,-
ES_20260824_2100,ES,Spain,LightGBM,24,2026-08-24 21:00:00+00:00,2026-08-25 21:00:00+00:00,28968.0,20324.764415572143,5,lag_1h,30320.0,943.3706931183128,943.3706931183128,+
ES_20260824_2100,ES,Spain,LightGBM,24,2026-08-24 21:00:00+00:00,2026-08-25 21:00:00+00:00,28968.0,20324.764415572143,6,hour_sin,-0.2588190451025215,-483.31613486178594,483.31613486178594,-
ES_20260824_2100,ES,Spain,LightGBM,24,2026-08-24 21:00:00+00:00,2026-08-25 21:00:00+00:00,28968.0,20324.764415572143,7,dow_cos,1.0,-323.227449192541,323.227449192541,-
ES_20260824_2100,ES,Spain,LightGBM,24,2026-08-24 21:00:00+00:00,2026-08-25 21:00:00+00:00,28968.0,20324.764415572143,8,rolling_mean_168h,28797.321428571428,-310.8865164134692,310.8865164134692,-
ES_20260824_2100,ES,Spain,LightGBM,24,2026-08-24 21:00:00+00:00,2026-08-25 21:00:00+00:00,28968.0,20324.764415572143,9,week_of_year,35.0,-281.02861396910725,281.02861396910725,-
ES_20260824_2100,ES,Spain,LightGBM,24,2026-08-24 21:00:00+00:00,2026-08-25 21:00:00+00:00,28968.0,20324.764415572143,10,month_cos,-0.5000000000000004,-208.3052396184689,208.3052396184689,-
ES_20260824_2100,ES,Spain,XGBoost,24,2026-08-24 21:00:00+00:00,2026-08-25 21:00:00+00:00,28968.0,19395.607421875,1,month,8.0,-3929.046142578125,3929.046142578125,-
ES_20260824_2100,ES,Spain,XGBoost,24,2026-08-24 21:00:00+00:00,2026-08-25 21:00:00+00:00,28968.0,19395.607421875,2,lag_48h,26738.0,-1742.844482421875,1742.844482421875,-
ES_20260824_2100,ES,Spain,XGBoost,24,2026-08-24 21:00:00+00:00,2026-08-25 21:00:00+00:00,28968.0,19395.607421875,3,hour_sin,-0.2588190451025215,-971.458740234375,971.458740234375,-
ES_20260824_2100,ES,Spain,XGBoost,24,2026-08-24 21:00:00+00:00,2026-08-25 21:00:00+00:00,28968.0,19395.607421875,4,is_weekend,0.0,-927.6475830078125,927.6475830078125,-
ES_20260824_2100,ES,Spain,XGBoost,24,2026-08-24 21:00:00+00:00,2026-08-25 21:00:00+00:00,28968.0,19395.607421875,5,wind_onshore_mw_lag1h,9851.0,906.3408203125,906.3408203125,+
ES_20260824_2100,ES,Spain,XGBoost,24,2026-08-24 21:00:00+00:00,2026-08-25 21:00:00+00:00,28968.0,19395.607421875,6,lag_1h,30320.0,903.7024536132812,903.7024536132812,+
ES_20260824_2100,ES,Spain,XGBoost,24,2026-08-24 21:00:00+00:00,2026-08-25 21:00:00+00:00,28968.0,19395.607421875,7,dow_cos,1.0,-463.8045959472656,463.8045959472656,-
ES_20260824_2100,ES,Spain,XGBoost,24,2026-08-24 21:00:00+00:00,2026-08-25 21:00:00+00:00,28968.0,19395.607421875,8,week_of_year,35.0,-354.0157775878906,354.0157775878906,-
ES_20260824_2100,ES,Spain,XGBoost,24,2026-08-24 21:00:00+00:00,2026-08-25 21:00:00+00:00,28968.0,19395.607421875,9,rolling_mean_168h,28797.321428571428,-325.15130615234375,325.15130615234375,-
ES_20260824_2100,ES,Spain,XGBoost,24,2026-08-24 21:00:00+00:00,2026-08-25 21:00:00+00:00,28968.0,19395.607421875,10,rolling_max_24h,32428.0,-224.05157470703125,224.05157470703125,-
ES_20260824_2200,ES,Spain,LightGBM,24,2026-08-24 22:00:00+00:00,2026-08-25 22:00:00+00:00,27369.0,20255.680985291925,1,month,8.0,-4615.645172009255,4615.645172009255,-
ES_20260824_2200,ES,Spain,LightGBM,24,2026-08-24 22:00:00+00:00,2026-08-25 22:00:00+00:00,27369.0,20255.680985291925,2,lag_48h,25104.0,-1695.6959773714525,1695.6959773714525,-
ES_20260824_2200,ES,Spain,LightGBM,24,2026-08-24 22:00:00+00:00,2026-08-25 22:00:00+00:00,27369.0,20255.680985291925,3,wind_onshore_mw_lag1h,10127.0,1056.3739878865993,1056.3739878865993,+
ES_20260824_2200,ES,Spain,LightGBM,24,2026-08-24 22:00:00+00:00,2026-08-25 22:00:00+00:00,27369.0,20255.680985291925,4,is_weekend,0.0,-1007.554425439245,1007.554425439245,-
ES_20260824_2200,ES,Spain,LightGBM,24,2026-08-24 22:00:00+00:00,2026-08-25 22:00:00+00:00,27369.0,20255.680985291925,5,lag_1h,27956.0,942.4471035925817,942.4471035925817,+
ES_20260824_2200,ES,Spain,LightGBM,24,2026-08-24 22:00:00+00:00,2026-08-25 22:00:00+00:00,27369.0,20255.680985291925,6,hour_sin,0.0,-488.34785415695893,488.34785415695893,-
ES_20260824_2200,ES,Spain,LightGBM,24,2026-08-24 22:00:00+00:00,2026-08-25 22:00:00+00:00,27369.0,20255.680985291925,7,rolling_mean_168h,28777.36904761905,-311.9200350750275,311.9200350750275,-
ES_20260824_2200,ES,Spain,LightGBM,24,2026-08-24 22:00:00+00:00,2026-08-25 22:00:00+00:00,27369.0,20255.680985291925,8,dow_cos,0.6234898018587336,-301.6942118988533,301.6942118988533,-
ES_20260824_2200,ES,Spain,LightGBM,24,2026-08-24 22:00:00+00:00,2026-08-25 22:00:00+00:00,27369.0,20255.680985291925,9,week_of_year,35.0,-277.69550461252743,277.69550461252743,-
ES_20260824_2200,ES,Spain,LightGBM,24,2026-08-24 22:00:00+00:00,2026-08-25 22:00:00+00:00,27369.0,20255.680985291925,10,quarter,3.0,-188.05387551757474,188.05387551757474,-
ES_20260824_2200,ES,Spain,XGBoost,24,2026-08-24 22:00:00+00:00,2026-08-25 22:00:00+00:00,27369.0,19696.60546875,1,month,8.0,-3928.702880859375,3928.702880859375,-
ES_20260824_2200,ES,Spain,XGBoost,24,2026-08-24 22:00:00+00:00,2026-08-25 22:00:00+00:00,27369.0,19696.60546875,2,lag_48h,25104.0,-1719.1728515625,1719.1728515625,-
ES_20260824_2200,ES,Spain,XGBoost,24,2026-08-24 22:00:00+00:00,2026-08-25 22:00:00+00:00,27369.0,19696.60546875,3,hour_sin,0.0,-975.1882934570312,975.1882934570312,-
ES_20260824_2200,ES,Spain,XGBoost,24,2026-08-24 22:00:00+00:00,2026-08-25 22:00:00+00:00,27369.0,19696.60546875,4,is_weekend,0.0,-948.0101928710938,948.0101928710938,-
ES_20260824_2200,ES,Spain,XGBoost,24,2026-08-24 22:00:00+00:00,2026-08-25 22:00:00+00:00,27369.0,19696.60546875,5,lag_1h,27956.0,923.9325561523438,923.9325561523438,+
ES_20260824_2200,ES,Spain,XGBoost,24,2026-08-24 22:00:00+00:00,2026-08-25 22:00:00+00:00,27369.0,19696.60546875,6,wind_onshore_mw_lag1h,10127.0,899.613037109375,899.613037109375,+
ES_20260824_2200,ES,Spain,XGBoost,24,2026-08-24 22:00:00+00:00,2026-08-25 22:00:00+00:00,27369.0,19696.60546875,7,dow_cos,0.6234898018587336,-441.0039367675781,441.0039367675781,-
ES_20260824_2200,ES,Spain,XGBoost,24,2026-08-24 22:00:00+00:00,2026-08-25 22:00:00+00:00,27369.0,19696.60546875,8,week_of_year,35.0,-349.3652038574219,349.3652038574219,-
ES_20260824_2200,ES,Spain,XGBoost,24,2026-08-24 22:00:00+00:00,2026-08-25 22:00:00+00:00,27369.0,19696.60546875,9,rolling_mean_168h,28777.36904761905,-321.2943420410156,321.2943420410156,-
ES_20260824_2200,ES,Spain,XGBoost,24,2026-08-24 22:00:00+00:00,2026-08-25 22:00:00+00:00,27369.0,19696.60546875,10,rolling_max_24h,32428.0,-226.26675415039062,226.26675415039062,-
ES_20260824_2300,ES,Spain,LightGBM,24,2026-08-24 23:00:00+00:00,2026-08-25 23:00:00+00:00,25926.0,20348.27316734001,1,month,8.0,-4616.861875215748,4616.861875215748,-
ES_20260824_2300,ES,Spain,LightGBM,24,2026-08-24 23:00:00+00:00,2026-08-25 23:00:00+00:00,25926.0,20348.27316734001,2,lag_48h,23690.0,-1694.0100617368842,1694.0100617368842,-
ES_20260824_2300,ES,Spain,LightGBM,24,2026-08-24 23:00:00+00:00,2026-08-25 23:00:00+00:00,25926.0,20348.27316734001,3,wind_onshore_mw_lag1h,10331.0,1059.330493559215,1059.330493559215,+
ES_20260824_2300,ES,Spain,LightGBM,24,2026-08-24 23:00:00+00:00,2026-08-25 23:00:00+00:00,25926.0,20348.27316734001,4,is_weekend,0.0,-968.6416371465796,968.6416371465796,-
ES_20260824_2300,ES,Spain,LightGBM,24,2026-08-24 23:00:00+00:00,2026-08-25 23:00:00+00:00,25926.0,20348.27316734001,5,lag_1h,26360.0,934.757342871693,934.757342871693,+
ES_20260824_2300,ES,Spain,LightGBM,24,2026-08-24 23:00:00+00:00,2026-08-25 23:00:00+00:00,25926.0,20348.27316734001,6,hour_sin,0.2588190451025207,-484.7416350665717,484.7416350665717,-
ES_20260824_2300,ES,Spain,LightGBM,24,2026-08-24 23:00:00+00:00,2026-08-25 23:00:00+00:00,25926.0,20348.27316734001,7,rolling_mean_168h,28760.58333333333,-319.32405163714435,319.32405163714435,-
ES_20260824_2300,ES,Spain,LightGBM,24,2026-08-24 23:00:00+00:00,2026-08-25 23:00:00+00:00,25926.0,20348.27316734001,8,dow_cos,0.6234898018587336,-296.51809310863786,296.51809310863786,-
ES_20260824_2300,ES,Spain,LightGBM,24,2026-08-24 23:00:00+00:00,2026-08-25 23:00:00+00:00,25926.0,20348.27316734001,9,week_of_year,35.0,-277.6169781713376,277.6169781713376,-
ES_20260824_2300,ES,Spain,LightGBM,24,2026-08-24 23:00:00+00:00,2026-08-25 23:00:00+00:00,25926.0,20348.27316734001,10,month_cos,-0.5000000000000004,-201.06165864027744,201.06165864027744,-
ES_20260824_2300,ES,Spain,XGBoost,24,2026-08-24 23:00:00+00:00,2026-08-25 23:00:00+00:00,25926.0,19525.443359375,1,month,8.0,-3911.140625,3911.140625,-
ES_20260824_2300,ES,Spain,XGBoost,24,2026-08-24 23:00:00+00:00,2026-08-25 23:00:00+00:00,25926.0,19525.443359375,2,lag_48h,23690.0,-1721.288818359375,1721.288818359375,-
ES_20260824_2300,ES,Spain,XGBoost,24,2026-08-24 23:00:00+00:00,2026-08-25 23:00:00+00:00,25926.0,19525.443359375,3,hour_sin,0.2588190451025207,-966.6443481445312,966.6443481445312,-
ES_20260824_2300,ES,Spain,XGBoost,24,2026-08-24 23:00:00+00:00,2026-08-25 23:00:00+00:00,25926.0,19525.443359375,4,lag_1h,26360.0,937.5040283203125,937.5040283203125,+
ES_20260824_2300,ES,Spain,XGBoost,24,2026-08-24 23:00:00+00:00,2026-08-25 23:00:00+00:00,25926.0,19525.443359375,5,wind_onshore_mw_lag1h,10331.0,911.2183837890625,911.2183837890625,+
ES_20260824_2300,ES,Spain,XGBoost,24,2026-08-24 23:00:00+00:00,2026-08-25 23:00:00+00:00,25926.0,19525.443359375,6,is_weekend,0.0,-903.5706176757812,903.5706176757812,-
ES_20260824_2300,ES,Spain,XGBoost,24,2026-08-24 23:00:00+00:00,2026-08-25 23:00:00+00:00,25926.0,19525.443359375,7,dow_cos,0.6234898018587336,-423.7406311035156,423.7406311035156,-
ES_20260824_2300,ES,Spain,XGBoost,24,2026-08-24 23:00:00+00:00,2026-08-25 23:00:00+00:00,25926.0,19525.443359375,8,week_of_year,35.0,-348.9107360839844,348.9107360839844,-
ES_20260824_2300,ES,Spain,XGBoost,24,2026-08-24 23:00:00+00:00,2026-08-25 23:00:00+00:00,25926.0,19525.443359375,9,rolling_mean_168h,28760.58333333333,-321.0447998046875,321.0447998046875,-
ES_20260824_2300,ES,Spain,XGBoost,24,2026-08-24 23:00:00+00:00,2026-08-25 23:00:00+00:00,25926.0,19525.443359375,10,rolling_max_24h,32428.0,-227.28993225097656,227.28993225097656,-
FR_20260824_0000,FR,France,LightGBM,24,2026-08-24 00:00:00+00:00,2026-08-25 00:00:00+00:00,35953.275,38532.52949620089,1,month,8.0,-11763.822895945119,11763.822895945119,-
FR_20260824_0000,FR,France,LightGBM,24,2026-08-24 00:00:00+00:00,2026-08-25 00:00:00+00:00,35953.275,38532.52949620089,2,lag_1h,35925.4975,1612.9718994066354,1612.9718994066354,+
FR_20260824_0000,FR,France,LightGBM,24,2026-08-24 00:00:00+00:00,2026-08-25 00:00:00+00:00,35953.275,38532.52949620089,3,wind_onshore_mw_lag1h,9436.4975,1541.8573569972127,1541.8573569972127,+
FR_20260824_0000,FR,France,LightGBM,24,2026-08-24 00:00:00+00:00,2026-08-25 00:00:00+00:00,35953.275,38532.52949620089,4,is_weekend,0.0,-1255.2709393633716,1255.2709393633716,-
FR_20260824_0000,FR,France,LightGBM,24,2026-08-24 00:00:00+00:00,2026-08-25 00:00:00+00:00,35953.275,38532.52949620089,5,rolling_min_24h,30658.8875,809.5236567248388,809.5236567248388,+
FR_20260824_0000,FR,France,LightGBM,24,2026-08-24 00:00:00+00:00,2026-08-25 00:00:00+00:00,35953.275,38532.52949620089,6,hour_sin,0.4999999999999999,-779.8015254113474,779.8015254113474,-
FR_20260824_0000,FR,France,LightGBM,24,2026-08-24 00:00:00+00:00,2026-08-25 00:00:00+00:00,35953.275,38532.52949620089,7,lag_48h,34709.015,-721.3534443097317,721.3534443097317,-
FR_20260824_0000,FR,France,LightGBM,24,2026-08-24 00:00:00+00:00,2026-08-25 00:00:00+00:00,35953.275,38532.52949620089,8,rolling_mean_168h,41120.07270833333,-603.0898162006737,603.0898162006737,-
FR_20260824_0000,FR,France,LightGBM,24,2026-08-24 00:00:00+00:00,2026-08-25 00:00:00+00:00,35953.275,38532.52949620089,9,week_of_year,35.0,-565.1843031288153,565.1843031288153,-
FR_20260824_0000,FR,France,LightGBM,24,2026-08-24 00:00:00+00:00,2026-08-25 00:00:00+00:00,35953.275,38532.52949620089,10,year,2026.0,-518.9299240295512,518.9299240295512,-
FR_20260824_0000,FR,France,XGBoost,24,2026-08-24 00:00:00+00:00,2026-08-25 00:00:00+00:00,35953.275,38531.12890625,1,month,8.0,-10049.728515625,10049.728515625,-
FR_20260824_0000,FR,France,XGBoost,24,2026-08-24 00:00:00+00:00,2026-08-25 00:00:00+00:00,35953.275,38531.12890625,2,lag_1h,35925.4975,1712.0623779296875,1712.0623779296875,+
FR_20260824_0000,FR,France,XGBoost,24,2026-08-24 00:00:00+00:00,2026-08-25 00:00:00+00:00,35953.275,38531.12890625,3,hour_sin,0.4999999999999999,-1469.3770751953125,1469.3770751953125,-
FR_20260824_0000,FR,France,XGBoost,24,2026-08-24 00:00:00+00:00,2026-08-25 00:00:00+00:00,35953.275,38531.12890625,4,is_weekend,0.0,-1392.58544921875,1392.58544921875,-
FR_20260824_0000,FR,France,XGBoost,24,2026-08-24 00:00:00+00:00,2026-08-25 00:00:00+00:00,35953.275,38531.12890625,5,wind_onshore_mw_lag1h,9436.4975,1329.2823486328125,1329.2823486328125,+
FR_20260824_0000,FR,France,XGBoost,24,2026-08-24 00:00:00+00:00,2026-08-25 00:00:00+00:00,35953.275,38531.12890625,6,dow_sin,0.0,-1048.60693359375,1048.60693359375,-
FR_20260824_0000,FR,France,XGBoost,24,2026-08-24 00:00:00+00:00,2026-08-25 00:00:00+00:00,35953.275,38531.12890625,7,lag_48h,34709.015,-709.19775390625,709.19775390625,-
FR_20260824_0000,FR,France,XGBoost,24,2026-08-24 00:00:00+00:00,2026-08-25 00:00:00+00:00,35953.275,38531.12890625,8,week_of_year,35.0,-662.6011352539062,662.6011352539062,-
FR_20260824_0000,FR,France,XGBoost,24,2026-08-24 00:00:00+00:00,2026-08-25 00:00:00+00:00,35953.275,38531.12890625,9,lag_2h,37676.74,542.7828369140625,542.7828369140625,+
FR_20260824_0000,FR,France,XGBoost,24,2026-08-24 00:00:00+00:00,2026-08-25 00:00:00+00:00,35953.275,38531.12890625,10,month_cos,-0.5000000000000004,-461.73406982421875,461.73406982421875,-
FR_20260824_0100,FR,France,LightGBM,24,2026-08-24 01:00:00+00:00,2026-08-25 01:00:00+00:00,34343.4225,38532.52949620089,1,month,8.0,-11765.243722024825,11765.243722024825,-
FR_20260824_0100,FR,France,LightGBM,24,2026-08-24 01:00:00+00:00,2026-08-25 01:00:00+00:00,34343.4225,38532.52949620089,2,lag_1h,34002.2575,1613.3401654247718,1613.3401654247718,+
FR_20260824_0100,FR,France,LightGBM,24,2026-08-24 01:00:00+00:00,2026-08-25 01:00:00+00:00,34343.4225,38532.52949620089,3,wind_onshore_mw_lag1h,8985.1575,1542.9043454340508,1542.9043454340508,+
FR_20260824_0100,FR,France,LightGBM,24,2026-08-24 01:00:00+00:00,2026-08-25 01:00:00+00:00,34343.4225,38532.52949620089,4,is_weekend,0.0,-1255.3045135805185,1255.3045135805185,-
FR_20260824_0100,FR,France,LightGBM,24,2026-08-24 01:00:00+00:00,2026-08-25 01:00:00+00:00,34343.4225,38532.52949620089,5,rolling_min_24h,30658.8875,809.4944046567587,809.4944046567587,+
FR_20260824_0100,FR,France,LightGBM,24,2026-08-24 01:00:00+00:00,2026-08-25 01:00:00+00:00,34343.4225,38532.52949620089,6,hour_sin,0.7071067811865475,-781.2641546171037,781.2641546171037,-
FR_20260824_0100,FR,France,LightGBM,24,2026-08-24 01:00:00+00:00,2026-08-25 01:00:00+00:00,34343.4225,38532.52949620089,7,lag_48h,32877.0775,-718.2727350643463,718.2727350643463,-
FR_20260824_0100,FR,France,LightGBM,24,2026-08-24 01:00:00+00:00,2026-08-25 01:00:00+00:00,34343.4225,38532.52949620089,8,rolling_mean_168h,41108.85358630952,-604.7074012256202,604.7074012256202,-
FR_20260824_0100,FR,France,LightGBM,24,2026-08-24 01:00:00+00:00,2026-08-25 01:00:00+00:00,34343.4225,38532.52949620089,9,week_of_year,35.0,-565.1843031288153,565.1843031288153,-
FR_20260824_0100,FR,France,LightGBM,24,2026-08-24 01:00:00+00:00,2026-08-25 01:00:00+00:00,34343.4225,38532.52949620089,10,year,2026.0,-520.8952755256832,520.8952755256832,-
FR_20260824_0100,FR,France,XGBoost,24,2026-08-24 01:00:00+00:00,2026-08-25 01:00:00+00:00,34343.4225,38531.12890625,1,month,8.0,-10042.259765625,10042.259765625,-
FR_20260824_0100,FR,France,XGBoost,24,2026-08-24 01:00:00+00:00,2026-08-25 01:00:00+00:00,34343.4225,38531.12890625,2,lag_1h,34002.2575,1710.806396484375,1710.806396484375,+
FR_20260824_0100,FR,France,XGBoost,24,2026-08-24 01:00:00+00:00,2026-08-25 01:00:00+00:00,34343.4225,38531.12890625,3,hour_sin,0.7071067811865475,-1469.4219970703125,1469.4219970703125,-
FR_20260824_0100,FR,France,XGBoost,24,2026-08-24 01:00:00+00:00,2026-08-25 01:00:00+00:00,34343.4225,38531.12890625,4,is_weekend,0.0,-1395.080078125,1395.080078125,-
FR_20260824_0100,FR,France,XGBoost,24,2026-08-24 01:00:00+00:00,2026-08-25 01:00:00+00:00,34343.4225,38531.12890625,5,wind_onshore_mw_lag1h,8985.1575,1329.8516845703125,1329.8516845703125,+
FR_20260824_0100,FR,France,XGBoost,24,2026-08-24 01:00:00+00:00,2026-08-25 01:00:00+00:00,34343.4225,38531.12890625,6,dow_sin,0.0,-1048.6302490234375,1048.6302490234375,-
FR_20260824_0100,FR,France,XGBoost,24,2026-08-24 01:00:00+00:00,2026-08-25 01:00:00+00:00,34343.4225,38531.12890625,7,lag_48h,32877.0775,-709.1798706054688,709.1798706054688,-
FR_20260824_0100,FR,France,XGBoost,24,2026-08-24 01:00:00+00:00,2026-08-25 01:00:00+00:00,34343.4225,38531.12890625,8,week_of_year,35.0,-661.79541015625,661.79541015625,-
FR_20260824_0100,FR,France,XGBoost,24,2026-08-24 01:00:00+00:00,2026-08-25 01:00:00+00:00,34343.4225,38531.12890625,9,lag_2h,35925.4975,542.865234375,542.865234375,+
FR_20260824_0100,FR,France,XGBoost,24,2026-08-24 01:00:00+00:00,2026-08-25 01:00:00+00:00,34343.4225,38531.12890625,10,dow_cos,1.0,-455.888427734375,455.888427734375,-
FR_20260824_0200,FR,France,LightGBM,24,2026-08-24 02:00:00+00:00,2026-08-25 02:00:00+00:00,34047.8775,38641.658024459895,1,month,8.0,-11767.971128406603,11767.971128406603,-
FR_20260824_0200,FR,France,LightGBM,24,2026-08-24 02:00:00+00:00,2026-08-25 02:00:00+00:00,34047.8775,38641.658024459895,2,lag_1h,32714.285,1629.6833474057241,1629.6833474057241,+
FR_20260824_0200,FR,France,LightGBM,24,2026-08-24 02:00:00+00:00,2026-08-25 02:00:00+00:00,34047.8775,38641.658024459895,3,wind_onshore_mw_lag1h,8593.205,1543.5665882822252,1543.5665882822252,+
FR_20260824_0200,FR,France,LightGBM,24,2026-08-24 02:00:00+00:00,2026-08-25 02:00:00+00:00,34047.8775,38641.658024459895,4,is_weekend,0.0,-1249.5920827687785,1249.5920827687785,-
FR_20260824_0200,FR,France,LightGBM,24,2026-08-24 02:00:00+00:00,2026-08-25 02:00:00+00:00,34047.8775,38641.658024459895,5,rolling_min_24h,30658.8875,779.7820889479818,779.7820889479818,+
FR_20260824_0200,FR,France,LightGBM,24,2026-08-24 02:00:00+00:00,2026-08-25 02:00:00+00:00,34047.8775,38641.658024459895,6,hour_sin,0.8660254037844386,-778.1884771395898,778.1884771395898,-
FR_20260824_0200,FR,France,LightGBM,24,2026-08-24 02:00:00+00:00,2026-08-25 02:00:00+00:00,34047.8775,38641.658024459895,7,lag_48h,32241.865,-721.082641472975,721.082641472975,-
FR_20260824_0200,FR,France,LightGBM,24,2026-08-24 02:00:00+00:00,2026-08-25 02:00:00+00:00,34047.8775,38641.658024459895,8,rolling_mean_168h,41100.43008928571,-612.6391539128074,612.6391539128074,-
FR_20260824_0200,FR,France,LightGBM,24,2026-08-24 02:00:00+00:00,2026-08-25 02:00:00+00:00,34047.8775,38641.658024459895,9,week_of_year,35.0,-565.1843031288153,565.1843031288153,-
FR_20260824_0200,FR,France,LightGBM,24,2026-08-24 02:00:00+00:00,2026-08-25 02:00:00+00:00,34047.8775,38641.658024459895,10,year,2026.0,-520.8952755256832,520.8952755256832,-
FR_20260824_0200,FR,France,XGBoost,24,2026-08-24 02:00:00+00:00,2026-08-25 02:00:00+00:00,34047.8775,39008.984375,1,month,8.0,-9963.255859375,9963.255859375,-
FR_20260824_0200,FR,France,XGBoost,24,2026-08-24 02:00:00+00:00,2026-08-25 02:00:00+00:00,34047.8775,39008.984375,2,lag_1h,32714.285,1710.088134765625,1710.088134765625,+
FR_20260824_0200,FR,France,XGBoost,24,2026-08-24 02:00:00+00:00,2026-08-25 02:00:00+00:00,34047.8775,39008.984375,3,hour_sin,0.8660254037844386,-1470.982421875,1470.982421875,-
FR_20260824_0200,FR,France,XGBoost,24,2026-08-24 02:00:00+00:00,2026-08-25 02:00:00+00:00,34047.8775,39008.984375,4,is_weekend,0.0,-1394.2911376953125,1394.2911376953125,-
FR_20260824_0200,FR,France,XGBoost,24,2026-08-24 02:00:00+00:00,2026-08-25 02:00:00+00:00,34047.8775,39008.984375,5,wind_onshore_mw_lag1h,8593.205,1329.82763671875,1329.82763671875,+
FR_20260824_0200,FR,France,XGBoost,24,2026-08-24 02:00:00+00:00,2026-08-25 02:00:00+00:00,34047.8775,39008.984375,6,dow_sin,0.0,-1047.1148681640625,1047.1148681640625,-
FR_20260824_0200,FR,France,XGBoost,24,2026-08-24 02:00:00+00:00,2026-08-25 02:00:00+00:00,34047.8775,39008.984375,7,lag_48h,32241.865,-694.2672729492188,694.2672729492188,-
FR_20260824_0200,FR,France,XGBoost,24,2026-08-24 02:00:00+00:00,2026-08-25 02:00:00+00:00,34047.8775,39008.984375,8,week_of_year,35.0,-638.9135131835938,638.9135131835938,-
FR_20260824_0200,FR,France,XGBoost,24,2026-08-24 02:00:00+00:00,2026-08-25 02:00:00+00:00,34047.8775,39008.984375,9,lag_2h,34002.2575,548.1776733398438,548.1776733398438,+
FR_20260824_0200,FR,France,XGBoost,24,2026-08-24 02:00:00+00:00,2026-08-25 02:00:00+00:00,34047.8775,39008.984375,10,month_cos,-0.5000000000000004,-453.943115234375,453.943115234375,-
FR_20260824_0300,FR,France,LightGBM,24,2026-08-24 03:00:00+00:00,2026-08-25 03:00:00+00:00,35467.825,38641.658024459895,1,month,8.0,-11768.074033508994,11768.074033508994,-
FR_20260824_0300,FR,France,LightGBM,24,2026-08-24 03:00:00+00:00,2026-08-25 03:00:00+00:00,35467.825,38641.658024459895,2,lag_1h,32861.965,1629.6833474057241,1629.6833474057241,+
FR_20260824_0300,FR,France,LightGBM,24,2026-08-24 03:00:00+00:00,2026-08-25 03:00:00+00:00,35467.825,38641.658024459895,3,wind_onshore_mw_lag1h,7883.297500000001,1543.9395880426844,1543.9395880426844,+
FR_20260824_0300,FR,France,LightGBM,24,2026-08-24 03:00:00+00:00,2026-08-25 03:00:00+00:00,35467.825,38641.658024459895,4,is_weekend,0.0,-1249.5920827687785,1249.5920827687785,-
FR_20260824_0300,FR,France,LightGBM,24,2026-08-24 03:00:00+00:00,2026-08-25 03:00:00+00:00,35467.825,38641.658024459895,5,rolling_min_24h,30658.8875,779.7820889479818,779.7820889479818,+
FR_20260824_0300,FR,France,LightGBM,24,2026-08-24 03:00:00+00:00,2026-08-25 03:00:00+00:00,35467.825,38641.658024459895,6,hour_sin,0.9659258262890684,-778.1884771395898,778.1884771395898,-
FR_20260824_0300,FR,France,LightGBM,24,2026-08-24 03:00:00+00:00,2026-08-25 03:00:00+00:00,35467.825,38641.658024459895,7,lag_48h,32687.0475,-721.082641472975,721.082641472975,-
FR_20260824_0300,FR,France,LightGBM,24,2026-08-24 03:00:00+00:00,2026-08-25 03:00:00+00:00,35467.825,38641.658024459895,8,rolling_mean_168h,41093.39162202381,-611.9563915002816,611.9563915002816,-
FR_20260824_0300,FR,France,LightGBM,24,2026-08-24 03:00:00+00:00,2026-08-25 03:00:00+00:00,35467.825,38641.658024459895,9,week_of_year,35.0,-565.1843031288153,565.1843031288153,-
FR_20260824_0300,FR,France,LightGBM,24,2026-08-24 03:00:00+00:00,2026-08-25 03:00:00+00:00,35467.825,38641.658024459895,10,year,2026.0,-520.8952755256832,520.8952755256832,-
FR_20260824_0300,FR,France,XGBoost,24,2026-08-24 03:00:00+00:00,2026-08-25 03:00:00+00:00,35467.825,39008.984375,1,month,8.0,-9963.255859375,9963.255859375,-
FR_20260824_0300,FR,France,XGBoost,24,2026-08-24 03:00:00+00:00,2026-08-25 03:00:00+00:00,35467.825,39008.984375,2,lag_1h,32861.965,1710.088134765625,1710.088134765625,+
FR_20260824_0300,FR,France,XGBoost,24,2026-08-24 03:00:00+00:00,2026-08-25 03:00:00+00:00,35467.825,39008.984375,3,hour_sin,0.9659258262890684,-1470.982421875,1470.982421875,-
FR_20260824_0300,FR,France,XGBoost,24,2026-08-24 03:00:00+00:00,2026-08-25 03:00:00+00:00,35467.825,39008.984375,4,is_weekend,0.0,-1394.2911376953125,1394.2911376953125,-
FR_20260824_0300,FR,France,XGBoost,24,2026-08-24 03:00:00+00:00,2026-08-25 03:00:00+00:00,35467.825,39008.984375,5,wind_onshore_mw_lag1h,7883.297500000001,1329.82763671875,1329.82763671875,+
FR_20260824_0300,FR,France,XGBoost,24,2026-08-24 03:00:00+00:00,2026-08-25 03:00:00+00:00,35467.825,39008.984375,6,dow_sin,0.0,-1047.1148681640625,1047.1148681640625,-
FR_20260824_0300,FR,France,XGBoost,24,2026-08-24 03:00:00+00:00,2026-08-25 03:00:00+00:00,35467.825,39008.984375,7,lag_48h,32687.0475,-694.2672729492188,694.2672729492188,-
FR_20260824_0300,FR,France,XGBoost,24,2026-08-24 03:00:00+00:00,2026-08-25 03:00:00+00:00,35467.825,39008.984375,8,week_of_year,35.0,-638.9135131835938,638.9135131835938,-
FR_20260824_0300,FR,France,XGBoost,24,2026-08-24 03:00:00+00:00,2026-08-25 03:00:00+00:00,35467.825,39008.984375,9,lag_2h,32714.285,548.1776733398438,548.1776733398438,+
FR_20260824_0300,FR,France,XGBoost,24,2026-08-24 03:00:00+00:00,2026-08-25 03:00:00+00:00,35467.825,39008.984375,10,month_cos,-0.5000000000000004,-453.943115234375,453.943115234375,-
FR_20260824_0400,FR,France,LightGBM,24,2026-08-24 04:00:00+00:00,2026-08-25 04:00:00+00:00,38125.49,38532.52949620089,1,month,8.0,-11765.8753072507,11765.8753072507,-
FR_20260824_0400,FR,France,LightGBM,24,2026-08-24 04:00:00+00:00,2026-08-25 04:00:00+00:00,38125.49,38532.52949620089,2,lag_1h,34358.427500000005,1613.3401654247718,1613.3401654247718,+
FR_20260824_0400,FR,France,LightGBM,24,2026-08-24 04:00:00+00:00,2026-08-25 04:00:00+00:00,38125.49,38532.52949620089,3,wind_onshore_mw_lag1h,7551.3175,1543.1353910262387,1543.1353910262387,+
FR_20260824_0400,FR,France,LightGBM,24,2026-08-24 04:00:00+00:00,2026-08-25 04:00:00+00:00,38125.49,38532.52949620089,4,is_weekend,0.0,-1255.0475921559866,1255.0475921559866,-
FR_20260824_0400,FR,France,LightGBM,24,2026-08-24 04:00:00+00:00,2026-08-25 04:00:00+00:00,38125.49,38532.52949620089,5,rolling_min_24h,31351.73,809.8085048265079,809.8085048265079,+
FR_20260824_0400,FR,France,LightGBM,24,2026-08-24 04:00:00+00:00,2026-08-25 04:00:00+00:00,38125.49,38532.52949620089,6,hour_sin,1.0,-781.2641546171037,781.2641546171037,-
FR_20260824_0400,FR,France,LightGBM,24,2026-08-24 04:00:00+00:00,2026-08-25 04:00:00+00:00,38125.49,38532.52949620089,7,lag_48h,33216.6375,-718.2727350643463,718.2727350643463,-
FR_20260824_0400,FR,France,LightGBM,24,2026-08-24 04:00:00+00:00,2026-08-25 04:00:00+00:00,38125.49,38532.52949620089,8,rolling_mean_168h,41088.232455357145,-605.6127005725547,605.6127005725547,-
FR_20260824_0400,FR,France,LightGBM,24,2026-08-24 04:00:00+00:00,2026-08-25 04:00:00+00:00,38125.49,38532.52949620089,9,week_of_year,35.0,-565.1843031288153,565.1843031288153,-
FR_20260824_0400,FR,France,LightGBM,24,2026-08-24 04:00:00+00:00,2026-08-25 04:00:00+00:00,38125.49,38532.52949620089,10,year,2026.0,-520.8952755256832,520.8952755256832,-
FR_20260824_0400,FR,France,XGBoost,24,2026-08-24 04:00:00+00:00,2026-08-25 04:00:00+00:00,38125.49,38531.12890625,1,month,8.0,-10040.7919921875,10040.7919921875,-
FR_20260824_0400,FR,France,XGBoost,24,2026-08-24 04:00:00+00:00,2026-08-25 04:00:00+00:00,38125.49,38531.12890625,2,lag_1h,34358.427500000005,1710.806396484375,1710.806396484375,+
FR_20260824_0400,FR,France,XGBoost,24,2026-08-24 04:00:00+00:00,2026-08-25 04:00:00+00:00,38125.49,38531.12890625,3,hour_sin,1.0,-1469.4190673828125,1469.4190673828125,-
FR_20260824_0400,FR,France,XGBoost,24,2026-08-24 04:00:00+00:00,2026-08-25 04:00:00+00:00,38125.49,38531.12890625,4,is_weekend,0.0,-1393.7735595703125,1393.7735595703125,-
FR_20260824_0400,FR,France,XGBoost,24,2026-08-24 04:00:00+00:00,2026-08-25 04:00:00+00:00,38125.49,38531.12890625,5,wind_onshore_mw_lag1h,7551.3175,1329.9844970703125,1329.9844970703125,+
FR_20260824_0400,FR,France,XGBoost,24,2026-08-24 04:00:00+00:00,2026-08-25 04:00:00+00:00,38125.49,38531.12890625,6,dow_sin,0.0,-1047.1265869140625,1047.1265869140625,-
FR_20260824_0400,FR,France,XGBoost,24,2026-08-24 04:00:00+00:00,2026-08-25 04:00:00+00:00,38125.49,38531.12890625,7,lag_48h,33216.6375,-706.6936645507812,706.6936645507812,-
FR_20260824_0400,FR,France,XGBoost,24,2026-08-24 04:00:00+00:00,2026-08-25 04:00:00+00:00,38125.49,38531.12890625,8,week_of_year,35.0,-661.8150634765625,661.8150634765625,-
FR_20260824_0400,FR,France,XGBoost,24,2026-08-24 04:00:00+00:00,2026-08-25 04:00:00+00:00,38125.49,38531.12890625,9,lag_2h,32861.965,542.847900390625,542.847900390625,+
FR_20260824_0400,FR,France,XGBoost,24,2026-08-24 04:00:00+00:00,2026-08-25 04:00:00+00:00,38125.49,38531.12890625,10,dow_cos,1.0,-455.87042236328125,455.87042236328125,-
FR_20260824_0500,FR,France,LightGBM,24,2026-08-24 05:00:00+00:00,2026-08-25 05:00:00+00:00,40452.585,38492.59692504135,1,month,8.0,-11761.429330613311,11761.429330613311,-
FR_20260824_0500,FR,France,LightGBM,24,2026-08-24 05:00:00+00:00,2026-08-25 05:00:00+00:00,40452.585,38492.59692504135,2,lag_1h,37175.71,1626.9656595755575,1626.9656595755575,+
FR_20260824_0500,FR,France,LightGBM,24,2026-08-24 05:00:00+00:00,2026-08-25 05:00:00+00:00,40452.585,38492.59692504135,3,wind_onshore_mw_lag1h,7489.3525,1420.9848693402894,1420.9848693402894,+
FR_20260824_0500,FR,France,LightGBM,24,2026-08-24 05:00:00+00:00,2026-08-25 05:00:00+00:00,40452.585,38492.59692504135,4,is_weekend,0.0,-1260.5757304310468,1260.5757304310468,-
FR_20260824_0500,FR,France,LightGBM,24,2026-08-24 05:00:00+00:00,2026-08-25 05:00:00+00:00,40452.585,38492.59692504135,5,rolling_min_24h,31351.73,807.5230854508106,807.5230854508106,+
FR_20260824_0500,FR,France,LightGBM,24,2026-08-24 05:00:00+00:00,2026-08-25 05:00:00+00:00,40452.585,38492.59692504135,6,hour_sin,0.9659258262890684,-783.4618759249335,783.4618759249335,-
FR_20260824_0500,FR,France,LightGBM,24,2026-08-24 05:00:00+00:00,2026-08-25 05:00:00+00:00,40452.585,38492.59692504135,7,lag_48h,33607.585,-729.950351456458,729.950351456458,-
FR_20260824_0500,FR,France,LightGBM,24,2026-08-24 05:00:00+00:00,2026-08-25 05:00:00+00:00,40452.585,38492.59692504135,8,rolling_mean_168h,41087.18927083333,-604.0109943448155,604.0109943448155,-
FR_20260824_0500,FR,France,LightGBM,24,2026-08-24 05:00:00+00:00,2026-08-25 05:00:00+00:00,40452.585,38492.59692504135,9,week_of_year,35.0,-569.2712839136778,569.2712839136778,-
FR_20260824_0500,FR,France,LightGBM,24,2026-08-24 05:00:00+00:00,2026-08-25 05:00:00+00:00,40452.585,38492.59692504135,10,year,2026.0,-509.11241181766553,509.11241181766553,-
FR_20260824_0500,FR,France,XGBoost,24,2026-08-24 05:00:00+00:00,2026-08-25 05:00:00+00:00,40452.585,38436.44140625,1,month,8.0,-10035.490234375,10035.490234375,-
FR_20260824_0500,FR,France,XGBoost,24,2026-08-24 05:00:00+00:00,2026-08-25 05:00:00+00:00,40452.585,38436.44140625,2,lag_1h,37175.71,1703.4443359375,1703.4443359375,+
FR_20260824_0500,FR,France,XGBoost,24,2026-08-24 05:00:00+00:00,2026-08-25 05:00:00+00:00,40452.585,38436.44140625,3,hour_sin,0.9659258262890684,-1470.0391845703125,1470.0391845703125,-
FR_20260824_0500,FR,France,XGBoost,24,2026-08-24 05:00:00+00:00,2026-08-25 05:00:00+00:00,40452.585,38436.44140625,4,is_weekend,0.0,-1391.70166015625,1391.70166015625,-
FR_20260824_0500,FR,France,XGBoost,24,2026-08-24 05:00:00+00:00,2026-08-25 05:00:00+00:00,40452.585,38436.44140625,5,wind_onshore_mw_lag1h,7489.3525,1318.7584228515625,1318.7584228515625,+
FR_20260824_0500,FR,France,XGBoost,24,2026-08-24 05:00:00+00:00,2026-08-25 05:00:00+00:00,40452.585,38436.44140625,6,dow_sin,0.0,-1034.8944091796875,1034.8944091796875,-
FR_20260824_0500,FR,France,XGBoost,24,2026-08-24 05:00:00+00:00,2026-08-25 05:00:00+00:00,40452.585,38436.44140625,7,lag_48h,33607.585,-735.1047973632812,735.1047973632812,-
FR_20260824_0500,FR,France,XGBoost,24,2026-08-24 05:00:00+00:00,2026-08-25 05:00:00+00:00,40452.585,38436.44140625,8,week_of_year,35.0,-613.4247436523438,613.4247436523438,-
FR_20260824_0500,FR,France,XGBoost,24,2026-08-24 05:00:00+00:00,2026-08-25 05:00:00+00:00,40452.585,38436.44140625,9,lag_2h,34358.427500000005,544.7926635742188,544.7926635742188,+
FR_20260824_0500,FR,France,XGBoost,24,2026-08-24 05:00:00+00:00,2026-08-25 05:00:00+00:00,40452.585,38436.44140625,10,dow_cos,1.0,-460.5894775390625,460.5894775390625,-
FR_20260824_0600,FR,France,LightGBM,24,2026-08-24 06:00:00+00:00,2026-08-25 06:00:00+00:00,43097.2475,38695.487459956494,1,month,8.0,-11760.643729065294,11760.643729065294,-
FR_20260824_0600,FR,France,LightGBM,24,2026-08-24 06:00:00+00:00,2026-08-25 06:00:00+00:00,43097.2475,38695.487459956494,2,lag_1h,39508.0875,1627.7352699435216,1627.7352699435216,+
FR_20260824_0600,FR,France,LightGBM,24,2026-08-24 06:00:00+00:00,2026-08-25 06:00:00+00:00,43097.2475,38695.487459956494,3,wind_onshore_mw_lag1h,7746.5625,1420.9848693402894,1420.9848693402894,+
FR_20260824_0600,FR,France,LightGBM,24,2026-08-24 06:00:00+00:00,2026-08-25 06:00:00+00:00,43097.2475,38695.487459956494,4,is_weekend,0.0,-1260.5757304310468,1260.5757304310468,-
FR_20260824_0600,FR,France,LightGBM,24,2026-08-24 06:00:00+00:00,2026-08-25 06:00:00+00:00,43097.2475,38695.487459956494,5,rolling_min_24h,32528.535,804.8284430880257,804.8284430880257,+
FR_20260824_0600,FR,France,LightGBM,24,2026-08-24 06:00:00+00:00,2026-08-25 06:00:00+00:00,43097.2475,38695.487459956494,6,hour_sin,0.8660254037844387,-783.4618759249335,783.4618759249335,-
FR_20260824_0600,FR,France,LightGBM,24,2026-08-24 06:00:00+00:00,2026-08-25 06:00:00+00:00,43097.2475,38695.487459956494,7,lag_48h,34893.9075,-686.5754058804944,686.5754058804944,-
FR_20260824_0600,FR,France,LightGBM,24,2026-08-24 06:00:00+00:00,2026-08-25 06:00:00+00:00,43097.2475,38695.487459956494,8,rolling_mean_168h,41089.2022172619,-603.2993416446913,603.2993416446913,-
FR_20260824_0600,FR,France,LightGBM,24,2026-08-24 06:00:00+00:00,2026-08-25 06:00:00+00:00,43097.2475,38695.487459956494,9,week_of_year,35.0,-569.2712839136778,569.2712839136778,-
FR_20260824_0600,FR,France,LightGBM,24,2026-08-24 06:00:00+00:00,2026-08-25 06:00:00+00:00,43097.2475,38695.487459956494,10,year,2026.0,-509.11241181766553,509.11241181766553,-
FR_20260824_0600,FR,France,XGBoost,24,2026-08-24 06:00:00+00:00,2026-08-25 06:00:00+00:00,43097.2475,38422.46484375,1,month,8.0,-10036.51953125,10036.51953125,-
FR_20260824_0600,FR,France,XGBoost,24,2026-08-24 06:00:00+00:00,2026-08-25 06:00:00+00:00,43097.2475,38422.46484375,2,lag_1h,39508.0875,1704.57763671875,1704.57763671875,+
FR_20260824_0600,FR,France,XGBoost,24,2026-08-24 06:00:00+00:00,2026-08-25 06:00:00+00:00,43097.2475,38422.46484375,3,hour_sin,0.8660254037844387,-1469.6021728515625,1469.6021728515625,-
FR_20260824_0600,FR,France,XGBoost,24,2026-08-24 06:00:00+00:00,2026-08-25 06:00:00+00:00,43097.2475,38422.46484375,4,is_weekend,0.0,-1391.872314453125,1391.872314453125,-
FR_20260824_0600,FR,France,XGBoost,24,2026-08-24 06:00:00+00:00,2026-08-25 06:00:00+00:00,43097.2475,38422.46484375,5,wind_onshore_mw_lag1h,7746.5625,1318.7584228515625,1318.7584228515625,+
FR_20260824_0600,FR,France,XGBoost,24,2026-08-24 06:00:00+00:00,2026-08-25 06:00:00+00:00,43097.2475,38422.46484375,6,dow_sin,0.0,-1034.8944091796875,1034.8944091796875,-
FR_20260824_0600,FR,France,XGBoost,24,2026-08-24 06:00:00+00:00,2026-08-25 06:00:00+00:00,43097.2475,38422.46484375,7,lag_48h,34893.9075,-735.5763549804688,735.5763549804688,-
FR_20260824_0600,FR,France,XGBoost,24,2026-08-24 06:00:00+00:00,2026-08-25 06:00:00+00:00,43097.2475,38422.46484375,8,week_of_year,35.0,-614.073486328125,614.073486328125,-
FR_20260824_0600,FR,France,XGBoost,24,2026-08-24 06:00:00+00:00,2026-08-25 06:00:00+00:00,43097.2475,38422.46484375,9,lag_2h,37175.71,541.8461303710938,541.8461303710938,+
FR_20260824_0600,FR,France,XGBoost,24,2026-08-24 06:00:00+00:00,2026-08-25 06:00:00+00:00,43097.2475,38422.46484375,10,dow_cos,1.0,-460.47869873046875,460.47869873046875,-
FR_20260824_0700,FR,France,LightGBM,24,2026-08-24 07:00:00+00:00,2026-08-25 07:00:00+00:00,44251.4325,38695.487459956494,1,month,8.0,-11760.643729065294,11760.643729065294,-
FR_20260824_0700,FR,France,LightGBM,24,2026-08-24 07:00:00+00:00,2026-08-25 07:00:00+00:00,44251.4325,38695.487459956494,2,lag_1h,42668.3425,1626.9656595755575,1626.9656595755575,+
FR_20260824_0700,FR,France,LightGBM,24,2026-08-24 07:00:00+00:00,2026-08-25 07:00:00+00:00,44251.4325,38695.487459956494,3,wind_onshore_mw_lag1h,7442.8875,1420.9848693402894,1420.9848693402894,+
FR_20260824_0700,FR,France,LightGBM,24,2026-08-24 07:00:00+00:00,2026-08-25 07:00:00+00:00,44251.4325,38695.487459956494,4,is_weekend,0.0,-1260.5757304310468,1260.5757304310468,-
FR_20260824_0700,FR,France,LightGBM,24,2026-08-24 07:00:00+00:00,2026-08-25 07:00:00+00:00,44251.4325,38695.487459956494,5,rolling_min_24h,32714.285,807.5230854508106,807.5230854508106,+
FR_20260824_0700,FR,France,LightGBM,24,2026-08-24 07:00:00+00:00,2026-08-25 07:00:00+00:00,44251.4325,38695.487459956494,6,hour_sin,0.7071067811865476,-783.4618759249335,783.4618759249335,-
FR_20260824_0700,FR,France,LightGBM,24,2026-08-24 07:00:00+00:00,2026-08-25 07:00:00+00:00,44251.4325,38695.487459956494,7,lag_48h,36452.575,-686.5754058804944,686.5754058804944,-
FR_20260824_0700,FR,France,LightGBM,24,2026-08-24 07:00:00+00:00,2026-08-25 07:00:00+00:00,44251.4325,38695.487459956494,8,rolling_mean_168h,41094.39157738096,-603.3282319322897,603.3282319322897,-
FR_20260824_0700,FR,France,LightGBM,24,2026-08-24 07:00:00+00:00,2026-08-25 07:00:00+00:00,44251.4325,38695.487459956494,9,week_of_year,35.0,-569.2712839136778,569.2712839136778,-
FR_20260824_0700,FR,France,LightGBM,24,2026-08-24 07:00:00+00:00,2026-08-25 07:00:00+00:00,44251.4325,38695.487459956494,10,year,2026.0,-509.11241181766553,509.11241181766553,-
FR_20260824_0700,FR,France,XGBoost,24,2026-08-24 07:00:00+00:00,2026-08-25 07:00:00+00:00,44251.4325,38422.46484375,1,month,8.0,-10038.0234375,10038.0234375,-
FR_20260824_0700,FR,France,XGBoost,24,2026-08-24 07:00:00+00:00,2026-08-25 07:00:00+00:00,44251.4325,38422.46484375,2,lag_1h,42668.3425,1704.57763671875,1704.57763671875,+
FR_20260824_0700,FR,France,XGBoost,24,2026-08-24 07:00:00+00:00,2026-08-25 07:00:00+00:00,44251.4325,38422.46484375,3,hour_sin,0.7071067811865476,-1469.6021728515625,1469.6021728515625,-
FR_20260824_0700,FR,France,XGBoost,24,2026-08-24 07:00:00+00:00,2026-08-25 07:00:00+00:00,44251.4325,38422.46484375,4,is_weekend,0.0,-1391.872314453125,1391.872314453125,-
FR_20260824_0700,FR,France,XGBoost,24,2026-08-24 07:00:00+00:00,2026-08-25 07:00:00+00:00,44251.4325,38422.46484375,5,wind_onshore_mw_lag1h,7442.8875,1318.7584228515625,1318.7584228515625,+
FR_20260824_0700,FR,France,XGBoost,24,2026-08-24 07:00:00+00:00,2026-08-25 07:00:00+00:00,44251.4325,38422.46484375,6,dow_sin,0.0,-1036.398193359375,1036.398193359375,-
FR_20260824_0700,FR,France,XGBoost,24,2026-08-24 07:00:00+00:00,2026-08-25 07:00:00+00:00,44251.4325,38422.46484375,7,lag_48h,36452.575,-738.1234741210938,738.1234741210938,-
FR_20260824_0700,FR,France,XGBoost,24,2026-08-24 07:00:00+00:00,2026-08-25 07:00:00+00:00,44251.4325,38422.46484375,8,week_of_year,35.0,-614.073486328125,614.073486328125,-
FR_20260824_0700,FR,France,XGBoost,24,2026-08-24 07:00:00+00:00,2026-08-25 07:00:00+00:00,44251.4325,38422.46484375,9,lag_2h,39508.0875,541.8461303710938,541.8461303710938,+
FR_20260824_0700,FR,France,XGBoost,24,2026-08-24 07:00:00+00:00,2026-08-25 07:00:00+00:00,44251.4325,38422.46484375,10,dow_cos,1.0,-460.47869873046875,460.47869873046875,-
FR_20260824_0800,FR,France,LightGBM,24,2026-08-24 08:00:00+00:00,2026-08-25 08:00:00+00:00,45071.22,38705.879270027675,1,month,8.0,-11761.747713939958,11761.747713939958,-
FR_20260824_0800,FR,France,LightGBM,24,2026-08-24 08:00:00+00:00,2026-08-25 08:00:00+00:00,45071.22,38705.879270027675,2,lag_1h,44341.4725,1627.4945719128514,1627.4945719128514,+
FR_20260824_0800,FR,France,LightGBM,24,2026-08-24 08:00:00+00:00,2026-08-25 08:00:00+00:00,45071.22,38705.879270027675,3,wind_onshore_mw_lag1h,6845.97,1422.5898168878678,1422.5898168878678,+
FR_20260824_0800,FR,France,LightGBM,24,2026-08-24 08:00:00+00:00,2026-08-25 08:00:00+00:00,45071.22,38705.879270027675,4,is_weekend,0.0,-1260.027438282365,1260.027438282365,-
FR_20260824_0800,FR,France,LightGBM,24,2026-08-24 08:00:00+00:00,2026-08-25 08:00:00+00:00,45071.22,38705.879270027675,5,rolling_min_24h,32714.285,807.4938333827305,807.4938333827305,+
FR_20260824_0800,FR,France,LightGBM,24,2026-08-24 08:00:00+00:00,2026-08-25 08:00:00+00:00,45071.22,38705.879270027675,6,hour_sin,0.4999999999999999,-784.9054968045643,784.9054968045643,-
FR_20260824_0800,FR,France,LightGBM,24,2026-08-24 08:00:00+00:00,2026-08-25 08:00:00+00:00,45071.22,38705.879270027675,7,lag_48h,37496.83,-686.2092879868724,686.2092879868724,-
FR_20260824_0800,FR,France,LightGBM,24,2026-08-24 08:00:00+00:00,2026-08-25 08:00:00+00:00,45071.22,38705.879270027675,8,rolling_mean_168h,41099.44148809524,-612.9755326953239,612.9755326953239,-
FR_20260824_0800,FR,France,LightGBM,24,2026-08-24 08:00:00+00:00,2026-08-25 08:00:00+00:00,45071.22,38705.879270027675,9,week_of_year,35.0,-569.2712839136778,569.2712839136778,-
FR_20260824_0800,FR,France,LightGBM,24,2026-08-24 08:00:00+00:00,2026-08-25 08:00:00+00:00,45071.22,38705.879270027675,10,year,2026.0,-511.0777633137976,511.0777633137976,-
FR_20260824_0800,FR,France,XGBoost,24,2026-08-24 08:00:00+00:00,2026-08-25 08:00:00+00:00,45071.22,38347.0078125,1,month,8.0,-10014.0546875,10014.0546875,-
FR_20260824_0800,FR,France,XGBoost,24,2026-08-24 08:00:00+00:00,2026-08-25 08:00:00+00:00,45071.22,38347.0078125,2,lag_1h,44341.4725,1704.5458984375,1704.5458984375,+
FR_20260824_0800,FR,France,XGBoost,24,2026-08-24 08:00:00+00:00,2026-08-25 08:00:00+00:00,45071.22,38347.0078125,3,hour_sin,0.4999999999999999,-1469.658447265625,1469.658447265625,-
FR_20260824_0800,FR,France,XGBoost,24,2026-08-24 08:00:00+00:00,2026-08-25 08:00:00+00:00,45071.22,38347.0078125,4,is_weekend,0.0,-1387.041015625,1387.041015625,-
FR_20260824_0800,FR,France,XGBoost,24,2026-08-24 08:00:00+00:00,2026-08-25 08:00:00+00:00,45071.22,38347.0078125,5,wind_onshore_mw_lag1h,6845.97,1319.4581298828125,1319.4581298828125,+
FR_20260824_0800,FR,France,XGBoost,24,2026-08-24 08:00:00+00:00,2026-08-25 08:00:00+00:00,45071.22,38347.0078125,6,dow_sin,0.0,-1032.123779296875,1032.123779296875,-
FR_20260824_0800,FR,France,XGBoost,24,2026-08-24 08:00:00+00:00,2026-08-25 08:00:00+00:00,45071.22,38347.0078125,7,lag_48h,37496.83,-726.7749633789062,726.7749633789062,-
FR_20260824_0800,FR,France,XGBoost,24,2026-08-24 08:00:00+00:00,2026-08-25 08:00:00+00:00,45071.22,38347.0078125,8,week_of_year,35.0,-614.2000122070312,614.2000122070312,-
FR_20260824_0800,FR,France,XGBoost,24,2026-08-24 08:00:00+00:00,2026-08-25 08:00:00+00:00,45071.22,38347.0078125,9,lag_2h,42668.3425,540.1953125,540.1953125,+
FR_20260824_0800,FR,France,XGBoost,24,2026-08-24 08:00:00+00:00,2026-08-25 08:00:00+00:00,45071.22,38347.0078125,10,dow_cos,1.0,-456.79254150390625,456.79254150390625,-
FR_20260824_0900,FR,France,LightGBM,24,2026-08-24 09:00:00+00:00,2026-08-25 09:00:00+00:00,46145.155,38815.00779828668,1,month,8.0,-11791.40273750183,11791.40273750183,-
FR_20260824_0900,FR,France,LightGBM,24,2026-08-24 09:00:00+00:00,2026-08-25 09:00:00+00:00,46145.155,38815.00779828668,2,lag_1h,45632.6275,1644.852465349794,1644.852465349794,+
FR_20260824_0900,FR,France,LightGBM,24,2026-08-24 09:00:00+00:00,2026-08-25 09:00:00+00:00,46145.155,38815.00779828668,3,wind_onshore_mw_lag1h,6652.8425,1423.2154596416444,1423.2154596416444,+
FR_20260824_0900,FR,France,LightGBM,24,2026-08-24 09:00:00+00:00,2026-08-25 09:00:00+00:00,46145.155,38815.00779828668,4,is_weekend,0.0,-1254.3221987366142,1254.3221987366142,-
FR_20260824_0900,FR,France,LightGBM,24,2026-08-24 09:00:00+00:00,2026-08-25 09:00:00+00:00,46145.155,38815.00779828668,5,hour_sin,0.258819045102521,-781.8488276531762,781.8488276531762,-
FR_20260824_0900,FR,France,LightGBM,24,2026-08-24 09:00:00+00:00,2026-08-25 09:00:00+00:00,46145.155,38815.00779828668,6,rolling_min_24h,32714.285,777.11125010839,777.11125010839,+
FR_20260824_0900,FR,France,LightGBM,24,2026-08-24 09:00:00+00:00,2026-08-25 09:00:00+00:00,46145.155,38815.00779828668,7,lag_48h,38646.115000000005,-693.2449794655158,693.2449794655158,-
FR_20260824_0900,FR,France,LightGBM,24,2026-08-24 09:00:00+00:00,2026-08-25 09:00:00+00:00,46145.155,38815.00779828668,8,rolling_mean_168h,41104.76821428571,-632.948321798214,632.948321798214,-
FR_20260824_0900,FR,France,LightGBM,24,2026-08-24 09:00:00+00:00,2026-08-25 09:00:00+00:00,46145.155,38815.00779828668,9,week_of_year,35.0,-568.1264435567454,568.1264435567454,-
FR_20260824_0900,FR,France,LightGBM,24,2026-08-24 09:00:00+00:00,2026-08-25 09:00:00+00:00,46145.155,38815.00779828668,10,year,2026.0,-511.0777633137976,511.0777633137976,-
FR_20260824_0900,FR,France,XGBoost,24,2026-08-24 09:00:00+00:00,2026-08-25 09:00:00+00:00,46145.155,38684.63671875,1,month,8.0,-9957.716796875,9957.716796875,-
FR_20260824_0900,FR,France,XGBoost,24,2026-08-24 09:00:00+00:00,2026-08-25 09:00:00+00:00,46145.155,38684.63671875,2,lag_1h,45632.6275,1704.307373046875,1704.307373046875,+
FR_20260824_0900,FR,France,XGBoost,24,2026-08-24 09:00:00+00:00,2026-08-25 09:00:00+00:00,46145.155,38684.63671875,3,hour_sin,0.258819045102521,-1471.221923828125,1471.221923828125,-
FR_20260824_0900,FR,France,XGBoost,24,2026-08-24 09:00:00+00:00,2026-08-25 09:00:00+00:00,46145.155,38684.63671875,4,is_weekend,0.0,-1403.833984375,1403.833984375,-
FR_20260824_0900,FR,France,XGBoost,24,2026-08-24 09:00:00+00:00,2026-08-25 09:00:00+00:00,46145.155,38684.63671875,5,wind_onshore_mw_lag1h,6652.8425,1320.2919921875,1320.2919921875,+
FR_20260824_0900,FR,France,XGBoost,24,2026-08-24 09:00:00+00:00,2026-08-25 09:00:00+00:00,46145.155,38684.63671875,6,dow_sin,0.0,-1032.1470947265625,1032.1470947265625,-
FR_20260824_0900,FR,France,XGBoost,24,2026-08-24 09:00:00+00:00,2026-08-25 09:00:00+00:00,46145.155,38684.63671875,7,lag_48h,38646.115000000005,-715.265380859375,715.265380859375,-
FR_20260824_0900,FR,France,XGBoost,24,2026-08-24 09:00:00+00:00,2026-08-25 09:00:00+00:00,46145.155,38684.63671875,8,week_of_year,35.0,-609.9158325195312,609.9158325195312,-
FR_20260824_0900,FR,France,XGBoost,24,2026-08-24 09:00:00+00:00,2026-08-25 09:00:00+00:00,46145.155,38684.63671875,9,lag_2h,44341.4725,543.9326782226562,543.9326782226562,+
FR_20260824_0900,FR,France,XGBoost,24,2026-08-24 09:00:00+00:00,2026-08-25 09:00:00+00:00,46145.155,38684.63671875,10,month_cos,-0.5000000000000004,-450.78973388671875,450.78973388671875,-
FR_20260824_1000,FR,France,LightGBM,24,2026-08-24 10:00:00+00:00,2026-08-25 10:00:00+00:00,47751.4975,38612.11726337153,1,month,8.0,-11799.569831045974,11799.569831045974,-
FR_20260824_1000,FR,France,LightGBM,24,2026-08-24 10:00:00+00:00,2026-08-25 10:00:00+00:00,47751.4975,38612.11726337153,2,lag_1h,47150.9725,1641.253086972084,1641.253086972084,+
FR_20260824_1000,FR,France,LightGBM,24,2026-08-24 10:00:00+00:00,2026-08-25 10:00:00+00:00,47751.4975,38612.11726337153,3,wind_onshore_mw_lag1h,6553.9175,1422.7139846731343,1422.7139846731343,+
FR_20260824_1000,FR,France,LightGBM,24,2026-08-24 10:00:00+00:00,2026-08-25 10:00:00+00:00,47751.4975,38612.11726337153,4,is_weekend,0.0,-1255.009715770409,1255.009715770409,-
FR_20260824_1000,FR,France,LightGBM,24,2026-08-24 10:00:00+00:00,2026-08-25 10:00:00+00:00,47751.4975,38612.11726337153,5,hour_sin,1.2246467991473532e-16,-781.8488276531762,781.8488276531762,-
FR_20260824_1000,FR,France,LightGBM,24,2026-08-24 10:00:00+00:00,2026-08-25 10:00:00+00:00,47751.4975,38612.11726337153,6,rolling_min_24h,32714.285,776.363682930825,776.363682930825,+
FR_20260824_1000,FR,France,LightGBM,24,2026-08-24 10:00:00+00:00,2026-08-25 10:00:00+00:00,47751.4975,38612.11726337153,7,lag_48h,40522.15,-737.6865753720665,737.6865753720665,-
FR_20260824_1000,FR,France,LightGBM,24,2026-08-24 10:00:00+00:00,2026-08-25 10:00:00+00:00,47751.4975,38612.11726337153,8,rolling_mean_168h,41111.21761904762,-641.4596107656976,641.4596107656976,-
FR_20260824_1000,FR,France,LightGBM,24,2026-08-24 10:00:00+00:00,2026-08-25 10:00:00+00:00,47751.4975,38612.11726337153,9,week_of_year,35.0,-568.6234138697549,568.6234138697549,-
FR_20260824_1000,FR,France,LightGBM,24,2026-08-24 10:00:00+00:00,2026-08-25 10:00:00+00:00,47751.4975,38612.11726337153,10,year,2026.0,-511.0777633137976,511.0777633137976,-
FR_20260824_1000,FR,France,XGBoost,24,2026-08-24 10:00:00+00:00,2026-08-25 10:00:00+00:00,47751.4975,38407.32421875,1,month,8.0,-9960.3017578125,9960.3017578125,-
FR_20260824_1000,FR,France,XGBoost,24,2026-08-24 10:00:00+00:00,2026-08-25 10:00:00+00:00,47751.4975,38407.32421875,2,lag_1h,47150.9725,1704.307373046875,1704.307373046875,+
FR_20260824_1000,FR,France,XGBoost,24,2026-08-24 10:00:00+00:00,2026-08-25 10:00:00+00:00,47751.4975,38407.32421875,3,hour_sin,1.2246467991473532e-16,-1511.5745849609375,1511.5745849609375,-
FR_20260824_1000,FR,France,XGBoost,24,2026-08-24 10:00:00+00:00,2026-08-25 10:00:00+00:00,47751.4975,38407.32421875,4,is_weekend,0.0,-1453.7261962890625,1453.7261962890625,-
FR_20260824_1000,FR,France,XGBoost,24,2026-08-24 10:00:00+00:00,2026-08-25 10:00:00+00:00,47751.4975,38407.32421875,5,wind_onshore_mw_lag1h,6553.9175,1320.3111572265625,1320.3111572265625,+
FR_20260824_1000,FR,France,XGBoost,24,2026-08-24 10:00:00+00:00,2026-08-25 10:00:00+00:00,47751.4975,38407.32421875,6,dow_sin,0.0,-1032.123779296875,1032.123779296875,-
FR_20260824_1000,FR,France,XGBoost,24,2026-08-24 10:00:00+00:00,2026-08-25 10:00:00+00:00,47751.4975,38407.32421875,7,lag_48h,40522.15,-715.8411865234375,715.8411865234375,-
FR_20260824_1000,FR,France,XGBoost,24,2026-08-24 10:00:00+00:00,2026-08-25 10:00:00+00:00,47751.4975,38407.32421875,8,week_of_year,35.0,-609.9158325195312,609.9158325195312,-
FR_20260824_1000,FR,France,XGBoost,24,2026-08-24 10:00:00+00:00,2026-08-25 10:00:00+00:00,47751.4975,38407.32421875,9,lag_2h,45632.6275,491.3018493652344,491.3018493652344,+
FR_20260824_1000,FR,France,XGBoost,24,2026-08-24 10:00:00+00:00,2026-08-25 10:00:00+00:00,47751.4975,38407.32421875,10,month_cos,-0.5000000000000004,-450.78973388671875,450.78973388671875,-
FR_20260824_1100,FR,France,LightGBM,24,2026-08-24 11:00:00+00:00,2026-08-25 11:00:00+00:00,47053.65,38535.56123606405,1,month,8.0,-11821.951095455457,11821.951095455457,-
FR_20260824_1100,FR,France,LightGBM,24,2026-08-24 11:00:00+00:00,2026-08-25 11:00:00+00:00,47053.65,38535.56123606405,2,lag_1h,48630.4125,1640.9056164432873,1640.9056164432873,+
FR_20260824_1100,FR,France,LightGBM,24,2026-08-24 11:00:00+00:00,2026-08-25 11:00:00+00:00,47053.65,38535.56123606405,3,wind_onshore_mw_lag1h,6560.2,1422.9790471476658,1422.9790471476658,+
FR_20260824_1100,FR,France,LightGBM,24,2026-08-24 11:00:00+00:00,2026-08-25 11:00:00+00:00,47053.65,38535.56123606405,4,is_weekend,0.0,-1255.4053238329457,1255.4053238329457,-
FR_20260824_1100,FR,France,LightGBM,24,2026-08-24 11:00:00+00:00,2026-08-25 11:00:00+00:00,47053.65,38535.56123606405,5,hour_sin,-0.2588190451025208,-778.3522151049798,778.3522151049798,-
FR_20260824_1100,FR,France,LightGBM,24,2026-08-24 11:00:00+00:00,2026-08-25 11:00:00+00:00,47053.65,38535.56123606405,6,rolling_min_24h,32714.285,776.363682930825,776.363682930825,+
FR_20260824_1100,FR,France,LightGBM,24,2026-08-24 11:00:00+00:00,2026-08-25 11:00:00+00:00,47053.65,38535.56123606405,7,lag_48h,39720.7375,-738.989723826437,738.989723826437,-
FR_20260824_1100,FR,France,LightGBM,24,2026-08-24 11:00:00+00:00,2026-08-25 11:00:00+00:00,47053.65,38535.56123606405,8,rolling_mean_168h,41117.59491071429,-640.4517050094174,640.4517050094174,-
FR_20260824_1100,FR,France,LightGBM,24,2026-08-24 11:00:00+00:00,2026-08-25 11:00:00+00:00,47053.65,38535.56123606405,9,week_of_year,35.0,-569.1198541477136,569.1198541477136,-
FR_20260824_1100,FR,France,LightGBM,24,2026-08-24 11:00:00+00:00,2026-08-25 11:00:00+00:00,47053.65,38535.56123606405,10,year,2026.0,-511.0777633137976,511.0777633137976,-
FR_20260824_1100,FR,France,XGBoost,24,2026-08-24 11:00:00+00:00,2026-08-25 11:00:00+00:00,47053.65,38301.375,1,month,8.0,-10001.9619140625,10001.9619140625,-
FR_20260824_1100,FR,France,XGBoost,24,2026-08-24 11:00:00+00:00,2026-08-25 11:00:00+00:00,47053.65,38301.375,2,lag_1h,48630.4125,1704.02392578125,1704.02392578125,+
FR_20260824_1100,FR,France,XGBoost,24,2026-08-24 11:00:00+00:00,2026-08-25 11:00:00+00:00,47053.65,38301.375,3,hour_sin,-0.2588190451025208,-1511.7415771484375,1511.7415771484375,-
FR_20260824_1100,FR,France,XGBoost,24,2026-08-24 11:00:00+00:00,2026-08-25 11:00:00+00:00,47053.65,38301.375,4,is_weekend,0.0,-1453.7261962890625,1453.7261962890625,-
FR_20260824_1100,FR,France,XGBoost,24,2026-08-24 11:00:00+00:00,2026-08-25 11:00:00+00:00,47053.65,38301.375,5,wind_onshore_mw_lag1h,6560.2,1321.1361083984375,1321.1361083984375,+
FR_20260824_1100,FR,France,XGBoost,24,2026-08-24 11:00:00+00:00,2026-08-25 11:00:00+00:00,47053.65,38301.375,6,dow_sin,0.0,-1045.8804931640625,1045.8804931640625,-
FR_20260824_1100,FR,France,XGBoost,24,2026-08-24 11:00:00+00:00,2026-08-25 11:00:00+00:00,47053.65,38301.375,7,lag_48h,39720.7375,-717.1953125,717.1953125,-
FR_20260824_1100,FR,France,XGBoost,24,2026-08-24 11:00:00+00:00,2026-08-25 11:00:00+00:00,47053.65,38301.375,8,week_of_year,35.0,-610.5853271484375,610.5853271484375,-
FR_20260824_1100,FR,France,XGBoost,24,2026-08-24 11:00:00+00:00,2026-08-25 11:00:00+00:00,47053.65,38301.375,9,lag_2h,47150.9725,491.9154968261719,491.9154968261719,+
FR_20260824_1100,FR,France,XGBoost,24,2026-08-24 11:00:00+00:00,2026-08-25 11:00:00+00:00,47053.65,38301.375,10,month_cos,-0.5000000000000004,-450.57818603515625,450.57818603515625,-
FR_20260824_1200,FR,France,LightGBM,24,2026-08-24 12:00:00+00:00,2026-08-25 12:00:00+00:00,46952.4325,38426.43270780505,1,month,8.0,-11821.096478310936,11821.096478310936,-
FR_20260824_1200,FR,France,LightGBM,24,2026-08-24 12:00:00+00:00,2026-08-25 12:00:00+00:00,46952.4325,38426.43270780505,2,lag_1h,48531.865,1624.2640256429618,1624.2640256429618,+
FR_20260824_1200,FR,France,LightGBM,24,2026-08-24 12:00:00+00:00,2026-08-25 12:00:00+00:00,46952.4325,38426.43270780505,3,wind_onshore_mw_lag1h,6758.675,1423.6665641814607,1423.6665641814607,+
FR_20260824_1200,FR,France,LightGBM,24,2026-08-24 12:00:00+00:00,2026-08-25 12:00:00+00:00,46952.4325,38426.43270780505,4,is_weekend,0.0,-1260.396663393744,1260.396663393744,-
FR_20260824_1200,FR,France,LightGBM,24,2026-08-24 12:00:00+00:00,2026-08-25 12:00:00+00:00,46952.4325,38426.43270780505,5,rolling_min_24h,32714.285,806.1052507076821,806.1052507076821,+
FR_20260824_1200,FR,France,LightGBM,24,2026-08-24 12:00:00+00:00,2026-08-25 12:00:00+00:00,46952.4325,38426.43270780505,6,hour_sin,-0.4999999999999997,-781.3926149228666,781.3926149228666,-
FR_20260824_1200,FR,France,LightGBM,24,2026-08-24 12:00:00+00:00,2026-08-25 12:00:00+00:00,46952.4325,38426.43270780505,7,lag_48h,39785.6275,-736.6345136831197,736.6345136831197,-
FR_20260824_1200,FR,France,LightGBM,24,2026-08-24 12:00:00+00:00,2026-08-25 12:00:00+00:00,46952.4325,38426.43270780505,8,rolling_mean_168h,41127.38229166666,-639.2634806031333,639.2634806031333,-
FR_20260824_1200,FR,France,LightGBM,24,2026-08-24 12:00:00+00:00,2026-08-25 12:00:00+00:00,46952.4325,38426.43270780505,9,week_of_year,35.0,-569.1198541477136,569.1198541477136,-
FR_20260824_1200,FR,France,LightGBM,24,2026-08-24 12:00:00+00:00,2026-08-25 12:00:00+00:00,46952.4325,38426.43270780505,10,year,2026.0,-511.0777633137976,511.0777633137976,-
FR_20260824_1200,FR,France,XGBoost,24,2026-08-24 12:00:00+00:00,2026-08-25 12:00:00+00:00,46952.4325,37963.74609375,1,month,8.0,-10085.517578125,10085.517578125,-
FR_20260824_1200,FR,France,XGBoost,24,2026-08-24 12:00:00+00:00,2026-08-25 12:00:00+00:00,46952.4325,37963.74609375,2,lag_1h,48531.865,1704.8768310546875,1704.8768310546875,+
FR_20260824_1200,FR,France,XGBoost,24,2026-08-24 12:00:00+00:00,2026-08-25 12:00:00+00:00,46952.4325,37963.74609375,3,hour_sin,-0.4999999999999997,-1510.1416015625,1510.1416015625,-
FR_20260824_1200,FR,France,XGBoost,24,2026-08-24 12:00:00+00:00,2026-08-25 12:00:00+00:00,46952.4325,37963.74609375,4,is_weekend,0.0,-1453.2659912109375,1453.2659912109375,-
FR_20260824_1200,FR,France,XGBoost,24,2026-08-24 12:00:00+00:00,2026-08-25 12:00:00+00:00,46952.4325,37963.74609375,5,wind_onshore_mw_lag1h,6758.675,1321.2689208984375,1321.2689208984375,+
FR_20260824_1200,FR,France,XGBoost,24,2026-08-24 12:00:00+00:00,2026-08-25 12:00:00+00:00,46952.4325,37963.74609375,6,dow_sin,0.0,-1045.8804931640625,1045.8804931640625,-
FR_20260824_1200,FR,France,XGBoost,24,2026-08-24 12:00:00+00:00,2026-08-25 12:00:00+00:00,46952.4325,37963.74609375,7,lag_48h,39785.6275,-729.5383911132812,729.5383911132812,-
FR_20260824_1200,FR,France,XGBoost,24,2026-08-24 12:00:00+00:00,2026-08-25 12:00:00+00:00,46952.4325,37963.74609375,8,week_of_year,35.0,-615.9229125976562,615.9229125976562,-
FR_20260824_1200,FR,France,XGBoost,24,2026-08-24 12:00:00+00:00,2026-08-25 12:00:00+00:00,46952.4325,37963.74609375,9,dow_cos,1.0,-490.08258056640625,490.08258056640625,-
FR_20260824_1200,FR,France,XGBoost,24,2026-08-24 12:00:00+00:00,2026-08-25 12:00:00+00:00,46952.4325,37963.74609375,10,lag_2h,48630.4125,487.7296142578125,487.7296142578125,+
FR_20260824_1300,FR,France,LightGBM,24,2026-08-24 13:00:00+00:00,2026-08-25 13:00:00+00:00,46309.6675,38416.04089773387,1,month,8.0,-11818.201104053032,11818.201104053032,-
FR_20260824_1300,FR,France,LightGBM,24,2026-08-24 13:00:00+00:00,2026-08-25 13:00:00+00:00,46309.6675,38416.04089773387,2,lag_1h,49710.075,1624.0516293261219,1624.0516293261219,+
FR_20260824_1300,FR,France,LightGBM,24,2026-08-24 13:00:00+00:00,2026-08-25 13:00:00+00:00,46309.6675,38416.04089773387,3,wind_onshore_mw_lag1h,7177.389999999999,1421.5608284657706,1421.5608284657706,+
FR_20260824_1300,FR,France,LightGBM,24,2026-08-24 13:00:00+00:00,2026-08-25 13:00:00+00:00,46309.6675,38416.04089773387,4,is_weekend,0.0,-1259.806087679287,1259.806087679287,-
FR_20260824_1300,FR,France,LightGBM,24,2026-08-24 13:00:00+00:00,2026-08-25 13:00:00+00:00,46309.6675,38416.04089773387,5,rolling_min_24h,32714.285,806.7755182732457,806.7755182732457,+
FR_20260824_1300,FR,France,LightGBM,24,2026-08-24 13:00:00+00:00,2026-08-25 13:00:00+00:00,46309.6675,38416.04089773387,6,hour_sin,-0.7071067811865471,-781.3926149228666,781.3926149228666,-
FR_20260824_1300,FR,France,LightGBM,24,2026-08-24 13:00:00+00:00,2026-08-25 13:00:00+00:00,46309.6675,38416.04089773387,7,lag_48h,38732.315,-737.0601014002126,737.0601014002126,-
FR_20260824_1300,FR,France,LightGBM,24,2026-08-24 13:00:00+00:00,2026-08-25 13:00:00+00:00,46309.6675,38416.04089773387,8,rolling_mean_168h,41138.30721726191,-635.7420980177167,635.7420980177167,-
FR_20260824_1300,FR,France,LightGBM,24,2026-08-24 13:00:00+00:00,2026-08-25 13:00:00+00:00,46309.6675,38416.04089773387,9,week_of_year,35.0,-570.2646945046461,570.2646945046461,-
FR_20260824_1300,FR,France,LightGBM,24,2026-08-24 13:00:00+00:00,2026-08-25 13:00:00+00:00,46309.6675,38416.04089773387,10,year,2026.0,-511.0777633137976,511.0777633137976,-
FR_20260824_1300,FR,France,XGBoost,24,2026-08-24 13:00:00+00:00,2026-08-25 13:00:00+00:00,46309.6675,38039.203125,1,month,8.0,-10102.728515625,10102.728515625,-
FR_20260824_1300,FR,France,XGBoost,24,2026-08-24 13:00:00+00:00,2026-08-25 13:00:00+00:00,46309.6675,38039.203125,2,lag_1h,49710.075,1704.8055419921875,1704.8055419921875,+
FR_20260824_1300,FR,France,XGBoost,24,2026-08-24 13:00:00+00:00,2026-08-25 13:00:00+00:00,46309.6675,38039.203125,3,hour_sin,-0.7071067811865471,-1510.5888671875,1510.5888671875,-
FR_20260824_1300,FR,France,XGBoost,24,2026-08-24 13:00:00+00:00,2026-08-25 13:00:00+00:00,46309.6675,38039.203125,4,is_weekend,0.0,-1441.7001953125,1441.7001953125,-
FR_20260824_1300,FR,France,XGBoost,24,2026-08-24 13:00:00+00:00,2026-08-25 13:00:00+00:00,46309.6675,38039.203125,5,wind_onshore_mw_lag1h,7177.389999999999,1321.3099365234375,1321.3099365234375,+
FR_20260824_1300,FR,France,XGBoost,24,2026-08-24 13:00:00+00:00,2026-08-25 13:00:00+00:00,46309.6675,38039.203125,6,dow_sin,0.0,-1050.1197509765625,1050.1197509765625,-
FR_20260824_1300,FR,France,XGBoost,24,2026-08-24 13:00:00+00:00,2026-08-25 13:00:00+00:00,46309.6675,38039.203125,7,lag_48h,38732.315,-740.6484985351562,740.6484985351562,-
FR_20260824_1300,FR,France,XGBoost,24,2026-08-24 13:00:00+00:00,2026-08-25 13:00:00+00:00,46309.6675,38039.203125,8,week_of_year,35.0,-615.639404296875,615.639404296875,-
FR_20260824_1300,FR,France,XGBoost,24,2026-08-24 13:00:00+00:00,2026-08-25 13:00:00+00:00,46309.6675,38039.203125,9,dow_cos,1.0,-489.5777282714844,489.5777282714844,-
FR_20260824_1300,FR,France,XGBoost,24,2026-08-24 13:00:00+00:00,2026-08-25 13:00:00+00:00,46309.6675,38039.203125,10,lag_2h,48531.865,487.7376403808594,487.7376403808594,+
FR_20260824_1400,FR,France,LightGBM,24,2026-08-24 14:00:00+00:00,2026-08-25 14:00:00+00:00,45479.6475,38502.98873511253,1,month,8.0,-11785.5144083383,11785.5144083383,-
FR_20260824_1400,FR,France,LightGBM,24,2026-08-24 14:00:00+00:00,2026-08-25 14:00:00+00:00,45479.6475,38502.98873511253,2,lag_1h,49163.95,1628.454055305652,1628.454055305652,+
FR_20260824_1400,FR,France,LightGBM,24,2026-08-24 14:00:00+00:00,2026-08-25 14:00:00+00:00,45479.6475,38502.98873511253,3,wind_onshore_mw_lag1h,7483.005,1421.1097239259543,1421.1097239259543,+
FR_20260824_1400,FR,France,LightGBM,24,2026-08-24 14:00:00+00:00,2026-08-25 14:00:00+00:00,45479.6475,38502.98873511253,4,is_weekend,0.0,-1259.4104796167503,1259.4104796167503,-
FR_20260824_1400,FR,France,LightGBM,24,2026-08-24 14:00:00+00:00,2026-08-25 14:00:00+00:00,45479.6475,38502.98873511253,5,rolling_min_24h,32714.285,806.7755182732457,806.7755182732457,+
FR_20260824_1400,FR,France,LightGBM,24,2026-08-24 14:00:00+00:00,2026-08-25 14:00:00+00:00,45479.6475,38502.98873511253,6,hour_sin,-0.8660254037844384,-784.889227471063,784.889227471063,-
FR_20260824_1400,FR,France,LightGBM,24,2026-08-24 14:00:00+00:00,2026-08-25 14:00:00+00:00,45479.6475,38502.98873511253,7,lag_48h,38024.3325,-736.6716903844352,736.6716903844352,-
FR_20260824_1400,FR,France,LightGBM,24,2026-08-24 14:00:00+00:00,2026-08-25 14:00:00+00:00,45479.6475,38502.98873511253,8,rolling_mean_168h,41148.18046130952,-628.886069078735,628.886069078735,-
FR_20260824_1400,FR,France,LightGBM,24,2026-08-24 14:00:00+00:00,2026-08-25 14:00:00+00:00,45479.6475,38502.98873511253,9,week_of_year,35.0,-569.7682542266874,569.7682542266874,-
FR_20260824_1400,FR,France,LightGBM,24,2026-08-24 14:00:00+00:00,2026-08-25 14:00:00+00:00,45479.6475,38502.98873511253,10,year,2026.0,-511.0777633137976,511.0777633137976,-
FR_20260824_1400,FR,France,XGBoost,24,2026-08-24 14:00:00+00:00,2026-08-25 14:00:00+00:00,45479.6475,38159.12890625,1,month,8.0,-10052.6064453125,10052.6064453125,-
FR_20260824_1400,FR,France,XGBoost,24,2026-08-24 14:00:00+00:00,2026-08-25 14:00:00+00:00,45479.6475,38159.12890625,2,lag_1h,49163.95,1704.8604736328125,1704.8604736328125,+
FR_20260824_1400,FR,France,XGBoost,24,2026-08-24 14:00:00+00:00,2026-08-25 14:00:00+00:00,45479.6475,38159.12890625,3,hour_sin,-0.8660254037844384,-1510.421875,1510.421875,-
FR_20260824_1400,FR,France,XGBoost,24,2026-08-24 14:00:00+00:00,2026-08-25 14:00:00+00:00,45479.6475,38159.12890625,4,is_weekend,0.0,-1441.651611328125,1441.651611328125,-
FR_20260824_1400,FR,France,XGBoost,24,2026-08-24 14:00:00+00:00,2026-08-25 14:00:00+00:00,45479.6475,38159.12890625,5,wind_onshore_mw_lag1h,7483.005,1319.5015869140625,1319.5015869140625,+
FR_20260824_1400,FR,France,XGBoost,24,2026-08-24 14:00:00+00:00,2026-08-25 14:00:00+00:00,45479.6475,38159.12890625,6,dow_sin,0.0,-1036.3631591796875,1036.3631591796875,-
FR_20260824_1400,FR,France,XGBoost,24,2026-08-24 14:00:00+00:00,2026-08-25 14:00:00+00:00,45479.6475,38159.12890625,7,lag_48h,38024.3325,-738.9331665039062,738.9331665039062,-
FR_20260824_1400,FR,France,XGBoost,24,2026-08-24 14:00:00+00:00,2026-08-25 14:00:00+00:00,45479.6475,38159.12890625,8,week_of_year,35.0,-614.9699096679688,614.9699096679688,-
FR_20260824_1400,FR,France,XGBoost,24,2026-08-24 14:00:00+00:00,2026-08-25 14:00:00+00:00,45479.6475,38159.12890625,9,dow_cos,1.0,-489.6855773925781,489.6855773925781,-
FR_20260824_1400,FR,France,XGBoost,24,2026-08-24 14:00:00+00:00,2026-08-25 14:00:00+00:00,45479.6475,38159.12890625,10,lag_2h,49710.075,486.59869384765625,486.59869384765625,+
FR_20260824_1500,FR,France,LightGBM,24,2026-08-24 15:00:00+00:00,2026-08-25 15:00:00+00:00,45661.625,38705.879270027675,1,month,8.0,-11763.271928081987,11763.271928081987,-
FR_20260824_1500,FR,France,LightGBM,24,2026-08-24 15:00:00+00:00,2026-08-25 15:00:00+00:00,45661.625,38705.879270027675,2,lag_1h,48047.4275,1627.3138839087167,1627.3138839087167,+
FR_20260824_1500,FR,France,LightGBM,24,2026-08-24 15:00:00+00:00,2026-08-25 15:00:00+00:00,45661.625,38705.879270027675,3,wind_onshore_mw_lag1h,7918.22,1422.5227189411228,1422.5227189411228,+
FR_20260824_1500,FR,France,LightGBM,24,2026-08-24 15:00:00+00:00,2026-08-25 15:00:00+00:00,45661.625,38705.879270027675,4,is_weekend,0.0,-1259.993864065218,1259.993864065218,-
FR_20260824_1500,FR,France,LightGBM,24,2026-08-24 15:00:00+00:00,2026-08-25 15:00:00+00:00,45661.625,38705.879270027675,5,rolling_min_24h,32714.285,807.5230854508106,807.5230854508106,+
FR_20260824_1500,FR,France,LightGBM,24,2026-08-24 15:00:00+00:00,2026-08-25 15:00:00+00:00,45661.625,38705.879270027675,6,hour_sin,-0.9659258262890684,-784.889227471063,784.889227471063,-
FR_20260824_1500,FR,France,LightGBM,24,2026-08-24 15:00:00+00:00,2026-08-25 15:00:00+00:00,45661.625,38705.879270027675,7,lag_48h,38700.2125,-687.3394019368625,687.3394019368625,-
FR_20260824_1500,FR,France,LightGBM,24,2026-08-24 15:00:00+00:00,2026-08-25 15:00:00+00:00,45661.625,38705.879270027675,8,rolling_mean_168h,41156.2852827381,-617.838349669514,617.838349669514,-
FR_20260824_1500,FR,France,LightGBM,24,2026-08-24 15:00:00+00:00,2026-08-25 15:00:00+00:00,45661.625,38705.879270027675,9,week_of_year,35.0,-569.2712839136778,569.2712839136778,-
FR_20260824_1500,FR,France,LightGBM,24,2026-08-24 15:00:00+00:00,2026-08-25 15:00:00+00:00,45661.625,38705.879270027675,10,year,2026.0,-511.0777633137976,511.0777633137976,-
FR_20260824_1500,FR,France,XGBoost,24,2026-08-24 15:00:00+00:00,2026-08-25 15:00:00+00:00,45661.625,38347.0078125,1,month,8.0,-10025.5986328125,10025.5986328125,-
FR_20260824_1500,FR,France,XGBoost,24,2026-08-24 15:00:00+00:00,2026-08-25 15:00:00+00:00,45661.625,38347.0078125,2,lag_1h,48047.4275,1705.0001220703125,1705.0001220703125,+
FR_20260824_1500,FR,France,XGBoost,24,2026-08-24 15:00:00+00:00,2026-08-25 15:00:00+00:00,45661.625,38347.0078125,3,hour_sin,-0.9659258262890684,-1469.621826171875,1469.621826171875,-
FR_20260824_1500,FR,France,XGBoost,24,2026-08-24 15:00:00+00:00,2026-08-25 15:00:00+00:00,45661.625,38347.0078125,4,is_weekend,0.0,-1387.041015625,1387.041015625,-
FR_20260824_1500,FR,France,XGBoost,24,2026-08-24 15:00:00+00:00,2026-08-25 15:00:00+00:00,45661.625,38347.0078125,5,wind_onshore_mw_lag1h,7918.22,1319.4581298828125,1319.4581298828125,+
FR_20260824_1500,FR,France,XGBoost,24,2026-08-24 15:00:00+00:00,2026-08-25 15:00:00+00:00,45661.625,38347.0078125,6,dow_sin,0.0,-1032.123779296875,1032.123779296875,-
FR_20260824_1500,FR,France,XGBoost,24,2026-08-24 15:00:00+00:00,2026-08-25 15:00:00+00:00,45661.625,38347.0078125,7,lag_48h,38700.2125,-726.8941040039062,726.8941040039062,-
FR_20260824_1500,FR,France,XGBoost,24,2026-08-24 15:00:00+00:00,2026-08-25 15:00:00+00:00,45661.625,38347.0078125,8,week_of_year,35.0,-613.9230346679688,613.9230346679688,-
FR_20260824_1500,FR,France,XGBoost,24,2026-08-24 15:00:00+00:00,2026-08-25 15:00:00+00:00,45661.625,38347.0078125,9,lag_2h,49163.95,540.0720825195312,540.0720825195312,+
FR_20260824_1500,FR,France,XGBoost,24,2026-08-24 15:00:00+00:00,2026-08-25 15:00:00+00:00,45661.625,38347.0078125,10,dow_cos,1.0,-463.1137390136719,463.1137390136719,-
FR_20260824_1600,FR,France,LightGBM,24,2026-08-24 16:00:00+00:00,2026-08-25 16:00:00+00:00,47291.735,38695.487459956494,1,month,8.0,-11762.875690485564,11762.875690485564,-
FR_20260824_1600,FR,France,LightGBM,24,2026-08-24 16:00:00+00:00,2026-08-25 16:00:00+00:00,47291.735,38695.487459956494,2,lag_1h,46919.8675,1627.1532375895592,1627.1532375895592,+
FR_20260824_1600,FR,France,LightGBM,24,2026-08-24 16:00:00+00:00,2026-08-25 16:00:00+00:00,47291.735,38695.487459956494,3,wind_onshore_mw_lag1h,8071.2775,1422.0318577771275,1422.0318577771275,+
FR_20260824_1600,FR,France,LightGBM,24,2026-08-24 16:00:00+00:00,2026-08-25 16:00:00+00:00,47291.735,38695.487459956494,4,is_weekend,0.0,-1260.5757304310468,1260.5757304310468,-
FR_20260824_1600,FR,France,LightGBM,24,2026-08-24 16:00:00+00:00,2026-08-25 16:00:00+00:00,47291.735,38695.487459956494,5,rolling_min_24h,32714.285,807.5230854508106,807.5230854508106,+
FR_20260824_1600,FR,France,LightGBM,24,2026-08-24 16:00:00+00:00,2026-08-25 16:00:00+00:00,47291.735,38695.487459956494,6,hour_sin,-1.0,-784.9082357971887,784.9082357971887,-
FR_20260824_1600,FR,France,LightGBM,24,2026-08-24 16:00:00+00:00,2026-08-25 16:00:00+00:00,47291.735,38695.487459956494,7,lag_48h,39802.76,-686.5754058804944,686.5754058804944,-
FR_20260824_1600,FR,France,LightGBM,24,2026-08-24 16:00:00+00:00,2026-08-25 16:00:00+00:00,47291.735,38695.487459956494,8,rolling_mean_168h,41161.26752976191,-609.0154771323112,609.0154771323112,-
FR_20260824_1600,FR,France,LightGBM,24,2026-08-24 16:00:00+00:00,2026-08-25 16:00:00+00:00,47291.735,38695.487459956494,9,week_of_year,35.0,-569.2712839136778,569.2712839136778,-
FR_20260824_1600,FR,France,LightGBM,24,2026-08-24 16:00:00+00:00,2026-08-25 16:00:00+00:00,47291.735,38695.487459956494,10,year,2026.0,-511.0777633137976,511.0777633137976,-
FR_20260824_1600,FR,France,XGBoost,24,2026-08-24 16:00:00+00:00,2026-08-25 16:00:00+00:00,47291.735,38422.46484375,1,month,8.0,-10038.0234375,10038.0234375,-
FR_20260824_1600,FR,France,XGBoost,24,2026-08-24 16:00:00+00:00,2026-08-25 16:00:00+00:00,47291.735,38422.46484375,2,lag_1h,46919.8675,1704.57763671875,1704.57763671875,+
FR_20260824_1600,FR,France,XGBoost,24,2026-08-24 16:00:00+00:00,2026-08-25 16:00:00+00:00,47291.735,38422.46484375,3,hour_sin,-1.0,-1469.8309326171875,1469.8309326171875,-
FR_20260824_1600,FR,France,XGBoost,24,2026-08-24 16:00:00+00:00,2026-08-25 16:00:00+00:00,47291.735,38422.46484375,4,is_weekend,0.0,-1375.41748046875,1375.41748046875,-
FR_20260824_1600,FR,France,XGBoost,24,2026-08-24 16:00:00+00:00,2026-08-25 16:00:00+00:00,47291.735,38422.46484375,5,wind_onshore_mw_lag1h,8071.2775,1319.4605712890625,1319.4605712890625,+
FR_20260824_1600,FR,France,XGBoost,24,2026-08-24 16:00:00+00:00,2026-08-25 16:00:00+00:00,47291.735,38422.46484375,6,dow_sin,0.0,-1036.3748779296875,1036.3748779296875,-
FR_20260824_1600,FR,France,XGBoost,24,2026-08-24 16:00:00+00:00,2026-08-25 16:00:00+00:00,47291.735,38422.46484375,7,lag_48h,39802.76,-738.1001586914062,738.1001586914062,-
FR_20260824_1600,FR,France,XGBoost,24,2026-08-24 16:00:00+00:00,2026-08-25 16:00:00+00:00,47291.735,38422.46484375,8,week_of_year,35.0,-613.6199340820312,613.6199340820312,-
FR_20260824_1600,FR,France,XGBoost,24,2026-08-24 16:00:00+00:00,2026-08-25 16:00:00+00:00,47291.735,38422.46484375,9,lag_2h,48047.4275,540.7719116210938,540.7719116210938,+
FR_20260824_1600,FR,France,XGBoost,24,2026-08-24 16:00:00+00:00,2026-08-25 16:00:00+00:00,47291.735,38422.46484375,10,dow_cos,1.0,-462.58935546875,462.58935546875,-
FR_20260824_1700,FR,France,LightGBM,24,2026-08-24 17:00:00+00:00,2026-08-25 17:00:00+00:00,47853.215,38598.58438598983,1,month,8.0,-11791.848160522872,11791.848160522872,-
FR_20260824_1700,FR,France,LightGBM,24,2026-08-24 17:00:00+00:00,2026-08-25 17:00:00+00:00,47853.215,38598.58438598983,2,lag_1h,47171.1125,1626.2042987770367,1626.2042987770367,+
FR_20260824_1700,FR,France,LightGBM,24,2026-08-24 17:00:00+00:00,2026-08-25 17:00:00+00:00,47853.215,38598.58438598983,3,wind_onshore_mw_lag1h,7670.5,1421.1696897730556,1421.1696897730556,+
FR_20260824_1700,FR,France,LightGBM,24,2026-08-24 17:00:00+00:00,2026-08-25 17:00:00+00:00,47853.215,38598.58438598983,4,is_weekend,0.0,-1260.6787402474124,1260.6787402474124,-
FR_20260824_1700,FR,France,LightGBM,24,2026-08-24 17:00:00+00:00,2026-08-25 17:00:00+00:00,47853.215,38598.58438598983,5,rolling_min_24h,32714.285,806.1427113217022,806.1427113217022,+
FR_20260824_1700,FR,France,LightGBM,24,2026-08-24 17:00:00+00:00,2026-08-25 17:00:00+00:00,47853.215,38598.58438598983,6,hour_sin,-0.9659258262890684,-784.1662724590145,784.1662724590145,-
FR_20260824_1700,FR,France,LightGBM,24,2026-08-24 17:00:00+00:00,2026-08-25 17:00:00+00:00,47853.215,38598.58438598983,7,lag_48h,40919.5925,-685.3974611835222,685.3974611835222,-
FR_20260824_1700,FR,France,LightGBM,24,2026-08-24 17:00:00+00:00,2026-08-25 17:00:00+00:00,47853.215,38598.58438598983,8,rolling_mean_168h,41161.47773809524,-603.0964661315891,603.0964661315891,-
FR_20260824_1700,FR,France,LightGBM,24,2026-08-24 17:00:00+00:00,2026-08-25 17:00:00+00:00,47853.215,38598.58438598983,9,week_of_year,35.0,-569.2712839136778,569.2712839136778,-
FR_20260824_1700,FR,France,LightGBM,24,2026-08-24 17:00:00+00:00,2026-08-25 17:00:00+00:00,47853.215,38598.58438598983,10,year,2026.0,-509.11241181766553,509.11241181766553,-
FR_20260824_1700,FR,France,XGBoost,24,2026-08-24 17:00:00+00:00,2026-08-25 17:00:00+00:00,47853.215,38422.64453125,1,month,8.0,-10039.5341796875,10039.5341796875,-
FR_20260824_1700,FR,France,XGBoost,24,2026-08-24 17:00:00+00:00,2026-08-25 17:00:00+00:00,47853.215,38422.64453125,2,lag_1h,47171.1125,1701.6009521484375,1701.6009521484375,+
FR_20260824_1700,FR,France,XGBoost,24,2026-08-24 17:00:00+00:00,2026-08-25 17:00:00+00:00,47853.215,38422.64453125,3,hour_sin,-0.9659258262890684,-1469.3387451171875,1469.3387451171875,-
FR_20260824_1700,FR,France,XGBoost,24,2026-08-24 17:00:00+00:00,2026-08-25 17:00:00+00:00,47853.215,38422.64453125,4,is_weekend,0.0,-1375.184326171875,1375.184326171875,-
FR_20260824_1700,FR,France,XGBoost,24,2026-08-24 17:00:00+00:00,2026-08-25 17:00:00+00:00,47853.215,38422.64453125,5,wind_onshore_mw_lag1h,7670.5,1317.23095703125,1317.23095703125,+
FR_20260824_1700,FR,France,XGBoost,24,2026-08-24 17:00:00+00:00,2026-08-25 17:00:00+00:00,47853.215,38422.64453125,6,dow_sin,0.0,-1036.66552734375,1036.66552734375,-
FR_20260824_1700,FR,France,XGBoost,24,2026-08-24 17:00:00+00:00,2026-08-25 17:00:00+00:00,47853.215,38422.64453125,7,lag_48h,40919.5925,-740.1886596679688,740.1886596679688,-
FR_20260824_1700,FR,France,XGBoost,24,2026-08-24 17:00:00+00:00,2026-08-25 17:00:00+00:00,47853.215,38422.64453125,8,week_of_year,35.0,-614.2599487304688,614.2599487304688,-
FR_20260824_1700,FR,France,XGBoost,24,2026-08-24 17:00:00+00:00,2026-08-25 17:00:00+00:00,47853.215,38422.64453125,9,lag_2h,46919.8675,547.67919921875,547.67919921875,+
FR_20260824_1700,FR,France,XGBoost,24,2026-08-24 17:00:00+00:00,2026-08-25 17:00:00+00:00,47853.215,38422.64453125,10,month_cos,-0.5000000000000004,-450.03448486328125,450.03448486328125,-
FR_20260824_1800,FR,France,LightGBM,24,2026-08-24 18:00:00+00:00,2026-08-25 18:00:00+00:00,46123.6825,38598.58438598983,1,month,8.0,-11791.380761476717,11791.380761476717,-
FR_20260824_1800,FR,France,LightGBM,24,2026-08-24 18:00:00+00:00,2026-08-25 18:00:00+00:00,46123.6825,38598.58438598983,2,lag_1h,47215.945,1626.5513126290193,1626.5513126290193,+
FR_20260824_1800,FR,France,LightGBM,24,2026-08-24 18:00:00+00:00,2026-08-25 18:00:00+00:00,46123.6825,38598.58438598983,3,wind_onshore_mw_lag1h,7006.7275,1420.010329073307,1420.010329073307,+
FR_20260824_1800,FR,France,LightGBM,24,2026-08-24 18:00:00+00:00,2026-08-25 18:00:00+00:00,46123.6825,38598.58438598983,4,is_weekend,0.0,-1251.3023719270366,1251.3023719270366,-
FR_20260824_1800,FR,France,LightGBM,24,2026-08-24 18:00:00+00:00,2026-08-25 18:00:00+00:00,46123.6825,38598.58438598983,5,rolling_min_24h,32714.285,806.4346364745602,806.4346364745602,+
FR_20260824_1800,FR,France,LightGBM,24,2026-08-24 18:00:00+00:00,2026-08-25 18:00:00+00:00,46123.6825,38598.58438598983,6,hour_sin,-0.8660254037844386,-784.2566884667427,784.2566884667427,-
FR_20260824_1800,FR,France,LightGBM,24,2026-08-24 18:00:00+00:00,2026-08-25 18:00:00+00:00,46123.6825,38598.58438598983,7,lag_48h,40093.5025,-688.9701634660149,688.9701634660149,-
FR_20260824_1800,FR,France,LightGBM,24,2026-08-24 18:00:00+00:00,2026-08-25 18:00:00+00:00,46123.6825,38598.58438598983,8,rolling_mean_168h,41158.70764880952,-603.1791284837223,603.1791284837223,-
FR_20260824_1800,FR,France,LightGBM,24,2026-08-24 18:00:00+00:00,2026-08-25 18:00:00+00:00,46123.6825,38598.58438598983,9,week_of_year,35.0,-569.2712839136778,569.2712839136778,-
FR_20260824_1800,FR,France,LightGBM,24,2026-08-24 18:00:00+00:00,2026-08-25 18:00:00+00:00,46123.6825,38598.58438598983,10,year,2026.0,-508.5879471934248,508.5879471934248,-
FR_20260824_1800,FR,France,XGBoost,24,2026-08-24 18:00:00+00:00,2026-08-25 18:00:00+00:00,46123.6825,38456.19140625,1,month,8.0,-10041.9423828125,10041.9423828125,-
FR_20260824_1800,FR,France,XGBoost,24,2026-08-24 18:00:00+00:00,2026-08-25 18:00:00+00:00,46123.6825,38456.19140625,2,lag_1h,47215.945,1702.423583984375,1702.423583984375,+
FR_20260824_1800,FR,France,XGBoost,24,2026-08-24 18:00:00+00:00,2026-08-25 18:00:00+00:00,46123.6825,38456.19140625,3,hour_sin,-0.8660254037844386,-1462.4339599609375,1462.4339599609375,-
FR_20260824_1800,FR,France,XGBoost,24,2026-08-24 18:00:00+00:00,2026-08-25 18:00:00+00:00,46123.6825,38456.19140625,4,is_weekend,0.0,-1392.1103515625,1392.1103515625,-
FR_20260824_1800,FR,France,XGBoost,24,2026-08-24 18:00:00+00:00,2026-08-25 18:00:00+00:00,46123.6825,38456.19140625,5,wind_onshore_mw_lag1h,7006.7275,1315.9569091796875,1315.9569091796875,+
FR_20260824_1800,FR,France,XGBoost,24,2026-08-24 18:00:00+00:00,2026-08-25 18:00:00+00:00,46123.6825,38456.19140625,6,dow_sin,0.0,-1036.6810302734375,1036.6810302734375,-
FR_20260824_1800,FR,France,XGBoost,24,2026-08-24 18:00:00+00:00,2026-08-25 18:00:00+00:00,46123.6825,38456.19140625,7,lag_48h,40093.5025,-741.0830688476562,741.0830688476562,-
FR_20260824_1800,FR,France,XGBoost,24,2026-08-24 18:00:00+00:00,2026-08-25 18:00:00+00:00,46123.6825,38456.19140625,8,week_of_year,35.0,-605.0833129882812,605.0833129882812,-
FR_20260824_1800,FR,France,XGBoost,24,2026-08-24 18:00:00+00:00,2026-08-25 18:00:00+00:00,46123.6825,38456.19140625,9,lag_2h,47171.1125,546.2677612304688,546.2677612304688,+
FR_20260824_1800,FR,France,XGBoost,24,2026-08-24 18:00:00+00:00,2026-08-25 18:00:00+00:00,46123.6825,38456.19140625,10,month_cos,-0.5000000000000004,-449.8487548828125,449.8487548828125,-
FR_20260824_1900,FR,France,LightGBM,24,2026-08-24 19:00:00+00:00,2026-08-25 19:00:00+00:00,45012.5025,38598.58438598983,1,month,8.0,-11813.46472027256,11813.46472027256,-
FR_20260824_1900,FR,France,LightGBM,24,2026-08-24 19:00:00+00:00,2026-08-25 19:00:00+00:00,45012.5025,38598.58438598983,2,lag_1h,45102.9925,1627.392295484999,1627.392295484999,+
FR_20260824_1900,FR,France,LightGBM,24,2026-08-24 19:00:00+00:00,2026-08-25 19:00:00+00:00,45012.5025,38598.58438598983,3,wind_onshore_mw_lag1h,6331.1275,1419.7479435893692,1419.7479435893692,+
FR_20260824_1900,FR,France,LightGBM,24,2026-08-24 19:00:00+00:00,2026-08-25 19:00:00+00:00,45012.5025,38598.58438598983,4,is_weekend,0.0,-1252.728718569207,1252.728718569207,-
FR_20260824_1900,FR,France,LightGBM,24,2026-08-24 19:00:00+00:00,2026-08-25 19:00:00+00:00,45012.5025,38598.58438598983,5,rolling_min_24h,32714.285,806.1427113217022,806.1427113217022,+
FR_20260824_1900,FR,France,LightGBM,24,2026-08-24 19:00:00+00:00,2026-08-25 19:00:00+00:00,45012.5025,38598.58438598983,6,hour_sin,-0.7071067811865477,-784.1662724590145,784.1662724590145,-
FR_20260824_1900,FR,France,LightGBM,24,2026-08-24 19:00:00+00:00,2026-08-25 19:00:00+00:00,45012.5025,38598.58438598983,7,lag_48h,39701.0775,-688.3388354889341,688.3388354889341,-
FR_20260824_1900,FR,France,LightGBM,24,2026-08-24 19:00:00+00:00,2026-08-25 19:00:00+00:00,45012.5025,38598.58438598983,8,rolling_mean_168h,41153.12410714285,-615.0345663206471,615.0345663206471,-
FR_20260824_1900,FR,France,LightGBM,24,2026-08-24 19:00:00+00:00,2026-08-25 19:00:00+00:00,45012.5025,38598.58438598983,9,week_of_year,35.0,-569.2712839136778,569.2712839136778,-
FR_20260824_1900,FR,France,LightGBM,24,2026-08-24 19:00:00+00:00,2026-08-25 19:00:00+00:00,45012.5025,38598.58438598983,10,year,2026.0,-509.11241181766553,509.11241181766553,-
FR_20260824_1900,FR,France,XGBoost,24,2026-08-24 19:00:00+00:00,2026-08-25 19:00:00+00:00,45012.5025,38422.64453125,1,month,8.0,-10053.671875,10053.671875,-
FR_20260824_1900,FR,France,XGBoost,24,2026-08-24 19:00:00+00:00,2026-08-25 19:00:00+00:00,45012.5025,38422.64453125,2,lag_1h,45102.9925,1701.9844970703125,1701.9844970703125,+
FR_20260824_1900,FR,France,XGBoost,24,2026-08-24 19:00:00+00:00,2026-08-25 19:00:00+00:00,45012.5025,38422.64453125,3,hour_sin,-0.7071067811865477,-1462.4339599609375,1462.4339599609375,-
FR_20260824_1900,FR,France,XGBoost,24,2026-08-24 19:00:00+00:00,2026-08-25 19:00:00+00:00,45012.5025,38422.64453125,4,is_weekend,0.0,-1391.5216064453125,1391.5216064453125,-
FR_20260824_1900,FR,France,XGBoost,24,2026-08-24 19:00:00+00:00,2026-08-25 19:00:00+00:00,45012.5025,38422.64453125,5,wind_onshore_mw_lag1h,6331.1275,1316.6400146484375,1316.6400146484375,+
FR_20260824_1900,FR,France,XGBoost,24,2026-08-24 19:00:00+00:00,2026-08-25 19:00:00+00:00,45012.5025,38422.64453125,6,dow_sin,0.0,-1035.20849609375,1035.20849609375,-
FR_20260824_1900,FR,France,XGBoost,24,2026-08-24 19:00:00+00:00,2026-08-25 19:00:00+00:00,45012.5025,38422.64453125,7,lag_48h,39701.0775,-737.8522338867188,737.8522338867188,-
FR_20260824_1900,FR,France,XGBoost,24,2026-08-24 19:00:00+00:00,2026-08-25 19:00:00+00:00,45012.5025,38422.64453125,8,week_of_year,35.0,-615.7088623046875,615.7088623046875,-
FR_20260824_1900,FR,France,XGBoost,24,2026-08-24 19:00:00+00:00,2026-08-25 19:00:00+00:00,45012.5025,38422.64453125,9,lag_2h,47215.945,546.9407958984375,546.9407958984375,+
FR_20260824_1900,FR,France,XGBoost,24,2026-08-24 19:00:00+00:00,2026-08-25 19:00:00+00:00,45012.5025,38422.64453125,10,month_cos,-0.5000000000000004,-449.0234069824219,449.0234069824219,-
FR_20260824_2000,FR,France,LightGBM,24,2026-08-24 20:00:00+00:00,2026-08-25 20:00:00+00:00,44829.9775,38598.58438598983,1,month,8.0,-11813.619762145636,11813.619762145636,-
FR_20260824_2000,FR,France,LightGBM,24,2026-08-24 20:00:00+00:00,2026-08-25 20:00:00+00:00,44829.9775,38598.58438598983,2,lag_1h,43708.69,1648.2746946918721,1648.2746946918721,+
FR_20260824_2000,FR,France,LightGBM,24,2026-08-24 20:00:00+00:00,2026-08-25 20:00:00+00:00,44829.9775,38598.58438598983,3,wind_onshore_mw_lag1h,6031.8225,1419.756694757887,1419.756694757887,+
FR_20260824_2000,FR,France,LightGBM,24,2026-08-24 20:00:00+00:00,2026-08-25 20:00:00+00:00,44829.9775,38598.58438598983,4,is_weekend,0.0,-1252.728718569207,1252.728718569207,-
FR_20260824_2000,FR,France,LightGBM,24,2026-08-24 20:00:00+00:00,2026-08-25 20:00:00+00:00,44829.9775,38598.58438598983,5,rolling_min_24h,32714.285,806.1427113217022,806.1427113217022,+
FR_20260824_2000,FR,France,LightGBM,24,2026-08-24 20:00:00+00:00,2026-08-25 20:00:00+00:00,44829.9775,38598.58438598983,6,hour_sin,-0.5000000000000004,-784.1662724590145,784.1662724590145,-
FR_20260824_2000,FR,France,LightGBM,24,2026-08-24 20:00:00+00:00,2026-08-25 20:00:00+00:00,44829.9775,38598.58438598983,7,lag_48h,39960.065,-690.4790734100523,690.4790734100523,-
FR_20260824_2000,FR,France,LightGBM,24,2026-08-24 20:00:00+00:00,2026-08-25 20:00:00+00:00,44829.9775,38598.58438598983,8,rolling_mean_168h,41143.93674107143,-614.7391575227125,614.7391575227125,-
FR_20260824_2000,FR,France,LightGBM,24,2026-08-24 20:00:00+00:00,2026-08-25 20:00:00+00:00,44829.9775,38598.58438598983,9,week_of_year,35.0,-569.2712839136778,569.2712839136778,-
FR_20260824_2000,FR,France,LightGBM,24,2026-08-24 20:00:00+00:00,2026-08-25 20:00:00+00:00,44829.9775,38598.58438598983,10,year,2026.0,-509.11241181766553,509.11241181766553,-
FR_20260824_2000,FR,France,XGBoost,24,2026-08-24 20:00:00+00:00,2026-08-25 20:00:00+00:00,44829.9775,38380.23828125,1,month,8.0,-10053.9013671875,10053.9013671875,-
FR_20260824_2000,FR,France,XGBoost,24,2026-08-24 20:00:00+00:00,2026-08-25 20:00:00+00:00,44829.9775,38380.23828125,2,lag_1h,43708.69,1707.0355224609375,1707.0355224609375,+
FR_20260824_2000,FR,France,XGBoost,24,2026-08-24 20:00:00+00:00,2026-08-25 20:00:00+00:00,44829.9775,38380.23828125,3,hour_sin,-0.5000000000000004,-1462.4111328125,1462.4111328125,-
FR_20260824_2000,FR,France,XGBoost,24,2026-08-24 20:00:00+00:00,2026-08-25 20:00:00+00:00,44829.9775,38380.23828125,4,is_weekend,0.0,-1376.04443359375,1376.04443359375,-
FR_20260824_2000,FR,France,XGBoost,24,2026-08-24 20:00:00+00:00,2026-08-25 20:00:00+00:00,44829.9775,38380.23828125,5,wind_onshore_mw_lag1h,6031.8225,1316.6400146484375,1316.6400146484375,+
FR_20260824_2000,FR,France,XGBoost,24,2026-08-24 20:00:00+00:00,2026-08-25 20:00:00+00:00,44829.9775,38380.23828125,6,dow_sin,0.0,-1035.1851806640625,1035.1851806640625,-
FR_20260824_2000,FR,France,XGBoost,24,2026-08-24 20:00:00+00:00,2026-08-25 20:00:00+00:00,44829.9775,38380.23828125,7,lag_48h,39960.065,-728.3767700195312,728.3767700195312,-
FR_20260824_2000,FR,France,XGBoost,24,2026-08-24 20:00:00+00:00,2026-08-25 20:00:00+00:00,44829.9775,38380.23828125,8,week_of_year,35.0,-615.7088623046875,615.7088623046875,-
FR_20260824_2000,FR,France,XGBoost,24,2026-08-24 20:00:00+00:00,2026-08-25 20:00:00+00:00,44829.9775,38380.23828125,9,lag_2h,45102.9925,543.796630859375,543.796630859375,+
FR_20260824_2000,FR,France,XGBoost,24,2026-08-24 20:00:00+00:00,2026-08-25 20:00:00+00:00,44829.9775,38380.23828125,10,month_cos,-0.5000000000000004,-447.5830993652344,447.5830993652344,-
FR_20260824_2100,FR,France,LightGBM,24,2026-08-24 21:00:00+00:00,2026-08-25 21:00:00+00:00,43756.92,38598.58438598983,1,month,8.0,-11813.619762145636,11813.619762145636,-
FR_20260824_2100,FR,France,LightGBM,24,2026-08-24 21:00:00+00:00,2026-08-25 21:00:00+00:00,43756.92,38598.58438598983,2,lag_1h,43513.0175,1648.9748357654519,1648.9748357654519,+
FR_20260824_2100,FR,France,LightGBM,24,2026-08-24 21:00:00+00:00,2026-08-25 21:00:00+00:00,43756.92,38598.58438598983,3,wind_onshore_mw_lag1h,5588.1,1419.756694757887,1419.756694757887,+
FR_20260824_2100,FR,France,LightGBM,24,2026-08-24 21:00:00+00:00,2026-08-25 21:00:00+00:00,43756.92,38598.58438598983,4,is_weekend,0.0,-1252.728718569207,1252.728718569207,-
FR_20260824_2100,FR,France,LightGBM,24,2026-08-24 21:00:00+00:00,2026-08-25 21:00:00+00:00,43756.92,38598.58438598983,5,rolling_min_24h,32714.285,806.1427113217022,806.1427113217022,+
FR_20260824_2100,FR,France,LightGBM,24,2026-08-24 21:00:00+00:00,2026-08-25 21:00:00+00:00,43756.92,38598.58438598983,6,hour_sin,-0.2588190451025215,-783.7133230400303,783.7133230400303,-
FR_20260824_2100,FR,France,LightGBM,24,2026-08-24 21:00:00+00:00,2026-08-25 21:00:00+00:00,43756.92,38598.58438598983,7,lag_48h,39250.78,-677.146048729416,677.146048729416,-
FR_20260824_2100,FR,France,LightGBM,24,2026-08-24 21:00:00+00:00,2026-08-25 21:00:00+00:00,43756.92,38598.58438598983,8,rolling_mean_168h,41132.6550297619,-614.7391575227125,614.7391575227125,-
FR_20260824_2100,FR,France,LightGBM,24,2026-08-24 21:00:00+00:00,2026-08-25 21:00:00+00:00,43756.92,38598.58438598983,9,week_of_year,35.0,-569.2712839136778,569.2712839136778,-
FR_20260824_2100,FR,France,LightGBM,24,2026-08-24 21:00:00+00:00,2026-08-25 21:00:00+00:00,43756.92,38598.58438598983,10,year,2026.0,-509.11241181766553,509.11241181766553,-
FR_20260824_2100,FR,France,XGBoost,24,2026-08-24 21:00:00+00:00,2026-08-25 21:00:00+00:00,43756.92,38456.44140625,1,month,8.0,-10052.74609375,10052.74609375,-
FR_20260824_2100,FR,France,XGBoost,24,2026-08-24 21:00:00+00:00,2026-08-25 21:00:00+00:00,43756.92,38456.44140625,2,lag_1h,43513.0175,1707.018310546875,1707.018310546875,+
FR_20260824_2100,FR,France,XGBoost,24,2026-08-24 21:00:00+00:00,2026-08-25 21:00:00+00:00,43756.92,38456.44140625,3,hour_sin,-0.2588190451025215,-1462.4111328125,1462.4111328125,-
FR_20260824_2100,FR,France,XGBoost,24,2026-08-24 21:00:00+00:00,2026-08-25 21:00:00+00:00,43756.92,38456.44140625,4,is_weekend,0.0,-1376.052490234375,1376.052490234375,-
FR_20260824_2100,FR,France,XGBoost,24,2026-08-24 21:00:00+00:00,2026-08-25 21:00:00+00:00,43756.92,38456.44140625,5,wind_onshore_mw_lag1h,5588.1,1316.6400146484375,1316.6400146484375,+
FR_20260824_2100,FR,France,XGBoost,24,2026-08-24 21:00:00+00:00,2026-08-25 21:00:00+00:00,43756.92,38456.44140625,6,dow_sin,0.0,-1035.052001953125,1035.052001953125,-
FR_20260824_2100,FR,France,XGBoost,24,2026-08-24 21:00:00+00:00,2026-08-25 21:00:00+00:00,43756.92,38456.44140625,7,lag_48h,39250.78,-707.5154418945312,707.5154418945312,-
FR_20260824_2100,FR,France,XGBoost,24,2026-08-24 21:00:00+00:00,2026-08-25 21:00:00+00:00,43756.92,38456.44140625,8,week_of_year,35.0,-615.7088623046875,615.7088623046875,-
FR_20260824_2100,FR,France,XGBoost,24,2026-08-24 21:00:00+00:00,2026-08-25 21:00:00+00:00,43756.92,38456.44140625,9,lag_2h,43708.69,543.796630859375,543.796630859375,+
FR_20260824_2100,FR,France,XGBoost,24,2026-08-24 21:00:00+00:00,2026-08-25 21:00:00+00:00,43756.92,38456.44140625,10,month_cos,-0.5000000000000004,-428.7180480957031,428.7180480957031,-
FR_20260824_2200,FR,France,LightGBM,24,2026-08-24 22:00:00+00:00,2026-08-25 22:00:00+00:00,41274.75,38471.46052514394,1,month,8.0,-12008.271269253359,12008.271269253359,-
FR_20260824_2200,FR,France,LightGBM,24,2026-08-24 22:00:00+00:00,2026-08-25 22:00:00+00:00,41274.75,38471.46052514394,2,lag_1h,42160.195,1614.4536842618627,1614.4536842618627,+
FR_20260824_2200,FR,France,LightGBM,24,2026-08-24 22:00:00+00:00,2026-08-25 22:00:00+00:00,41274.75,38471.46052514394,3,wind_onshore_mw_lag1h,5108.75,1552.6447010552683,1552.6447010552683,+
FR_20260824_2200,FR,France,LightGBM,24,2026-08-24 22:00:00+00:00,2026-08-25 22:00:00+00:00,41274.75,38471.46052514394,4,is_weekend,0.0,-1243.4030428152535,1243.4030428152535,-
FR_20260824_2200,FR,France,LightGBM,24,2026-08-24 22:00:00+00:00,2026-08-25 22:00:00+00:00,41274.75,38471.46052514394,5,rolling_min_24h,32714.285,829.8129456467699,829.8129456467699,+
FR_20260824_2200,FR,France,LightGBM,24,2026-08-24 22:00:00+00:00,2026-08-25 22:00:00+00:00,41274.75,38471.46052514394,6,hour_sin,0.0,-825.1412760646105,825.1412760646105,-
FR_20260824_2200,FR,France,LightGBM,24,2026-08-24 22:00:00+00:00,2026-08-25 22:00:00+00:00,41274.75,38471.46052514394,7,lag_48h,37108.895,-660.1850000603566,660.1850000603566,-
FR_20260824_2200,FR,France,LightGBM,24,2026-08-24 22:00:00+00:00,2026-08-25 22:00:00+00:00,41274.75,38471.46052514394,8,rolling_mean_168h,41122.02831845238,-647.9739633023567,647.9739633023567,-
FR_20260824_2200,FR,France,LightGBM,24,2026-08-24 22:00:00+00:00,2026-08-25 22:00:00+00:00,41274.75,38471.46052514394,9,week_of_year,35.0,-568.8096493836742,568.8096493836742,-
FR_20260824_2200,FR,France,LightGBM,24,2026-08-24 22:00:00+00:00,2026-08-25 22:00:00+00:00,41274.75,38471.46052514394,10,year,2026.0,-510.520202681975,510.520202681975,-
FR_20260824_2200,FR,France,XGBoost,24,2026-08-24 22:00:00+00:00,2026-08-25 22:00:00+00:00,41274.75,38158.55859375,1,month,8.0,-10304.8642578125,10304.8642578125,-
FR_20260824_2200,FR,France,XGBoost,24,2026-08-24 22:00:00+00:00,2026-08-25 22:00:00+00:00,41274.75,38158.55859375,2,lag_1h,42160.195,1702.57470703125,1702.57470703125,+
FR_20260824_2200,FR,France,XGBoost,24,2026-08-24 22:00:00+00:00,2026-08-25 22:00:00+00:00,41274.75,38158.55859375,3,hour_sin,0.0,-1475.2093505859375,1475.2093505859375,-
FR_20260824_2200,FR,France,XGBoost,24,2026-08-24 22:00:00+00:00,2026-08-25 22:00:00+00:00,41274.75,38158.55859375,4,is_weekend,0.0,-1401.0914306640625,1401.0914306640625,-
FR_20260824_2200,FR,France,XGBoost,24,2026-08-24 22:00:00+00:00,2026-08-25 22:00:00+00:00,41274.75,38158.55859375,5,wind_onshore_mw_lag1h,5108.75,1328.5875244140625,1328.5875244140625,+
FR_20260824_2200,FR,France,XGBoost,24,2026-08-24 22:00:00+00:00,2026-08-25 22:00:00+00:00,41274.75,38158.55859375,6,dow_sin,0.7818314824680298,-1069.86474609375,1069.86474609375,-
FR_20260824_2200,FR,France,XGBoost,24,2026-08-24 22:00:00+00:00,2026-08-25 22:00:00+00:00,41274.75,38158.55859375,7,week_of_year,35.0,-751.1094970703125,751.1094970703125,-
FR_20260824_2200,FR,France,XGBoost,24,2026-08-24 22:00:00+00:00,2026-08-25 22:00:00+00:00,41274.75,38158.55859375,8,lag_48h,37108.895,-722.3005981445312,722.3005981445312,-
FR_20260824_2200,FR,France,XGBoost,24,2026-08-24 22:00:00+00:00,2026-08-25 22:00:00+00:00,41274.75,38158.55859375,9,lag_2h,43513.0175,533.5001220703125,533.5001220703125,+
FR_20260824_2200,FR,France,XGBoost,24,2026-08-24 22:00:00+00:00,2026-08-25 22:00:00+00:00,41274.75,38158.55859375,10,dow_cos,0.6234898018587336,-507.51214599609375,507.51214599609375,-
FR_20260824_2300,FR,France,LightGBM,24,2026-08-24 23:00:00+00:00,2026-08-25 23:00:00+00:00,39306.895,38508.618591111735,1,month,8.0,-11923.365994688495,11923.365994688495,-
FR_20260824_2300,FR,France,LightGBM,24,2026-08-24 23:00:00+00:00,2026-08-25 23:00:00+00:00,39306.895,38508.618591111735,2,lag_1h,39745.925,1626.2982528083944,1626.2982528083944,+
FR_20260824_2300,FR,France,LightGBM,24,2026-08-24 23:00:00+00:00,2026-08-25 23:00:00+00:00,39306.895,38508.618591111735,3,wind_onshore_mw_lag1h,4899.3275,1546.067579404764,1546.067579404764,+
FR_20260824_2300,FR,France,LightGBM,24,2026-08-24 23:00:00+00:00,2026-08-25 23:00:00+00:00,39306.895,38508.618591111735,4,is_weekend,0.0,-1246.786602633618,1246.786602633618,-
FR_20260824_2300,FR,France,LightGBM,24,2026-08-24 23:00:00+00:00,2026-08-25 23:00:00+00:00,39306.895,38508.618591111735,5,hour_sin,0.2588190451025207,-821.0170245783223,821.0170245783223,-
FR_20260824_2300,FR,France,LightGBM,24,2026-08-24 23:00:00+00:00,2026-08-25 23:00:00+00:00,39306.895,38508.618591111735,6,rolling_min_24h,32714.285,778.5254013674386,778.5254013674386,+
FR_20260824_2300,FR,France,LightGBM,24,2026-08-24 23:00:00+00:00,2026-08-25 23:00:00+00:00,39306.895,38508.618591111735,7,lag_48h,35303.509999999995,-673.1269529104654,673.1269529104654,-
FR_20260824_2300,FR,France,LightGBM,24,2026-08-24 23:00:00+00:00,2026-08-25 23:00:00+00:00,39306.895,38508.618591111735,8,rolling_mean_168h,41112.97869047619,-619.9471543397121,619.9471543397121,-
FR_20260824_2300,FR,France,LightGBM,24,2026-08-24 23:00:00+00:00,2026-08-25 23:00:00+00:00,39306.895,38508.618591111735,9,week_of_year,35.0,-566.1597657066525,566.1597657066525,-
FR_20260824_2300,FR,France,LightGBM,24,2026-08-24 23:00:00+00:00,2026-08-25 23:00:00+00:00,39306.895,38508.618591111735,10,year,2026.0,-508.07228049729895,508.07228049729895,-
FR_20260824_2300,FR,France,XGBoost,24,2026-08-24 23:00:00+00:00,2026-08-25 23:00:00+00:00,39306.895,37965.75,1,month,8.0,-10177.4765625,10177.4765625,-
FR_20260824_2300,FR,France,XGBoost,24,2026-08-24 23:00:00+00:00,2026-08-25 23:00:00+00:00,39306.895,37965.75,2,lag_1h,39745.925,1681.58447265625,1681.58447265625,+
FR_20260824_2300,FR,France,XGBoost,24,2026-08-24 23:00:00+00:00,2026-08-25 23:00:00+00:00,39306.895,37965.75,3,hour_sin,0.2588190451025207,-1516.591064453125,1516.591064453125,-
FR_20260824_2300,FR,France,XGBoost,24,2026-08-24 23:00:00+00:00,2026-08-25 23:00:00+00:00,39306.895,37965.75,4,is_weekend,0.0,-1472.345458984375,1472.345458984375,-
FR_20260824_2300,FR,France,XGBoost,24,2026-08-24 23:00:00+00:00,2026-08-25 23:00:00+00:00,39306.895,37965.75,5,wind_onshore_mw_lag1h,4899.3275,1325.760986328125,1325.760986328125,+
FR_20260824_2300,FR,France,XGBoost,24,2026-08-24 23:00:00+00:00,2026-08-25 23:00:00+00:00,39306.895,37965.75,6,dow_sin,0.7818314824680298,-1131.7237548828125,1131.7237548828125,-
FR_20260824_2300,FR,France,XGBoost,24,2026-08-24 23:00:00+00:00,2026-08-25 23:00:00+00:00,39306.895,37965.75,7,week_of_year,35.0,-719.8489379882812,719.8489379882812,-
FR_20260824_2300,FR,France,XGBoost,24,2026-08-24 23:00:00+00:00,2026-08-25 23:00:00+00:00,39306.895,37965.75,8,lag_48h,35303.509999999995,-657.1007080078125,657.1007080078125,-
FR_20260824_2300,FR,France,XGBoost,24,2026-08-24 23:00:00+00:00,2026-08-25 23:00:00+00:00,39306.895,37965.75,9,dow_cos,0.6234898018587336,-447.3980712890625,447.3980712890625,-
FR_20260824_2300,FR,France,XGBoost,24,2026-08-24 23:00:00+00:00,2026-08-25 23:00:00+00:00,39306.895,37965.75,10,lag_2h,42160.195,442.38629150390625,442.38629150390625,+
IE_20260824_0000,IE,Ireland,LightGBM,24,2026-08-24 00:00:00+00:00,2026-08-25 00:00:00+00:00,3379.522,3315.0215076532336,1,lag_168h,3311.1445,-144.58519552232514,144.58519552232514,-
IE_20260824_0000,IE,Ireland,LightGBM,24,2026-08-24 00:00:00+00:00,2026-08-25 00:00:00+00:00,3379.522,3315.0215076532336,2,hour_cos,0.9659258262890684,-132.08159148273882,132.08159148273882,-
IE_20260824_0000,IE,Ireland,LightGBM,24,2026-08-24 00:00:00+00:00,2026-08-25 00:00:00+00:00,3379.522,3315.0215076532336,3,lag_1h,3369.1955,-83.69971082193017,83.69971082193017,-
IE_20260824_0000,IE,Ireland,LightGBM,24,2026-08-24 00:00:00+00:00,2026-08-25 00:00:00+00:00,3379.522,3315.0215076532336,4,dayofweek,0.0,68.41351085130204,68.41351085130204,+
IE_20260824_0000,IE,Ireland,LightGBM,24,2026-08-24 00:00:00+00:00,2026-08-25 00:00:00+00:00,3379.522,3315.0215076532336,5,dow_cos,1.0,62.50674751150535,62.50674751150535,+
IE_20260824_0000,IE,Ireland,LightGBM,24,2026-08-24 00:00:00+00:00,2026-08-25 00:00:00+00:00,3379.522,3315.0215076532336,6,lag_48h,3416.794,34.59266744131844,34.59266744131844,+
IE_20260824_0000,IE,Ireland,LightGBM,24,2026-08-24 00:00:00+00:00,2026-08-25 00:00:00+00:00,3379.522,3315.0215076532336,7,lag_24h,3375.364,33.70889449806083,33.70889449806083,+
IE_20260824_0000,IE,Ireland,LightGBM,24,2026-08-24 00:00:00+00:00,2026-08-25 00:00:00+00:00,3379.522,3315.0215076532336,8,hour,1.0,-18.777154689446135,18.777154689446135,-
IE_20260824_0000,IE,Ireland,LightGBM,24,2026-08-24 00:00:00+00:00,2026-08-25 00:00:00+00:00,3379.522,3315.0215076532336,9,rolling_min_24h,3192.065,18.75510269285294,18.75510269285294,+
IE_20260824_0000,IE,Ireland,LightGBM,24,2026-08-24 00:00:00+00:00,2026-08-25 00:00:00+00:00,3379.522,3315.0215076532336,10,dow_sin,0.0,17.377253952072785,17.377253952072785,+
IE_20260824_0000,IE,Ireland,XGBoost,24,2026-08-24 00:00:00+00:00,2026-08-25 00:00:00+00:00,3379.522,3296.7861328125,1,lag_168h,3311.1445,-153.3794708251953,153.3794708251953,-
IE_20260824_0000,IE,Ireland,XGBoost,24,2026-08-24 00:00:00+00:00,2026-08-25 00:00:00+00:00,3379.522,3296.7861328125,2,hour_cos,0.9659258262890684,-114.79856872558594,114.79856872558594,-
IE_20260824_0000,IE,Ireland,XGBoost,24,2026-08-24 00:00:00+00:00,2026-08-25 00:00:00+00:00,3379.522,3296.7861328125,3,lag_1h,3369.1955,-92.37477111816406,92.37477111816406,-
IE_20260824_0000,IE,Ireland,XGBoost,24,2026-08-24 00:00:00+00:00,2026-08-25 00:00:00+00:00,3379.522,3296.7861328125,4,dayofweek,0.0,85.76408386230469,85.76408386230469,+
IE_20260824_0000,IE,Ireland,XGBoost,24,2026-08-24 00:00:00+00:00,2026-08-25 00:00:00+00:00,3379.522,3296.7861328125,5,dow_cos,1.0,50.782779693603516,50.782779693603516,+
IE_20260824_0000,IE,Ireland,XGBoost,24,2026-08-24 00:00:00+00:00,2026-08-25 00:00:00+00:00,3379.522,3296.7861328125,6,lag_48h,3416.794,37.73162078857422,37.73162078857422,+
IE_20260824_0000,IE,Ireland,XGBoost,24,2026-08-24 00:00:00+00:00,2026-08-25 00:00:00+00:00,3379.522,3296.7861328125,7,lag_24h,3375.364,37.467044830322266,37.467044830322266,+
IE_20260824_0000,IE,Ireland,XGBoost,24,2026-08-24 00:00:00+00:00,2026-08-25 00:00:00+00:00,3379.522,3296.7861328125,8,hour,1.0,-23.122913360595703,23.122913360595703,-
IE_20260824_0000,IE,Ireland,XGBoost,24,2026-08-24 00:00:00+00:00,2026-08-25 00:00:00+00:00,3379.522,3296.7861328125,9,rolling_min_24h,3192.065,20.893352508544922,20.893352508544922,+
IE_20260824_0000,IE,Ireland,XGBoost,24,2026-08-24 00:00:00+00:00,2026-08-25 00:00:00+00:00,3379.522,3296.7861328125,10,rolling_max_24h,3962.8875,-16.736770629882812,16.736770629882812,-
IE_20260824_0100,IE,Ireland,LightGBM,24,2026-08-24 01:00:00+00:00,2026-08-25 01:00:00+00:00,3418.1710000000003,3308.954144408123,1,lag_168h,3319.769,-141.92295838013686,141.92295838013686,-
IE_20260824_0100,IE,Ireland,LightGBM,24,2026-08-24 01:00:00+00:00,2026-08-25 01:00:00+00:00,3418.1710000000003,3308.954144408123,2,lag_1h,3250.726,-122.59436160165389,122.59436160165389,-
IE_20260824_0100,IE,Ireland,LightGBM,24,2026-08-24 01:00:00+00:00,2026-08-25 01:00:00+00:00,3418.1710000000003,3308.954144408123,3,hour_cos,0.8660254037844387,-108.84996633502568,108.84996633502568,-
IE_20260824_0100,IE,Ireland,LightGBM,24,2026-08-24 01:00:00+00:00,2026-08-25 01:00:00+00:00,3418.1710000000003,3308.954144408123,4,dayofweek,0.0,71.8767927558467,71.8767927558467,+
IE_20260824_0100,IE,Ireland,LightGBM,24,2026-08-24 01:00:00+00:00,2026-08-25 01:00:00+00:00,3418.1710000000003,3308.954144408123,5,dow_cos,1.0,61.751880819019654,61.751880819019654,+
IE_20260824_0100,IE,Ireland,LightGBM,24,2026-08-24 01:00:00+00:00,2026-08-25 01:00:00+00:00,3418.1710000000003,3308.954144408123,6,lag_48h,3413.08,38.537394824915694,38.537394824915694,+
IE_20260824_0100,IE,Ireland,LightGBM,24,2026-08-24 01:00:00+00:00,2026-08-25 01:00:00+00:00,3418.1710000000003,3308.954144408123,7,lag_24h,3375.2215,34.005046975809194,34.005046975809194,+
IE_20260824_0100,IE,Ireland,LightGBM,24,2026-08-24 01:00:00+00:00,2026-08-25 01:00:00+00:00,3418.1710000000003,3308.954144408123,8,hour,2.0,-21.506306365519404,21.506306365519404,-
IE_20260824_0100,IE,Ireland,LightGBM,24,2026-08-24 01:00:00+00:00,2026-08-25 01:00:00+00:00,3418.1710000000003,3308.954144408123,9,dow_sin,0.0,17.87032135568048,17.87032135568048,+
IE_20260824_0100,IE,Ireland,LightGBM,24,2026-08-24 01:00:00+00:00,2026-08-25 01:00:00+00:00,3418.1710000000003,3308.954144408123,10,rolling_min_24h,3192.065,15.705460081894676,15.705460081894676,+
IE_20260824_0100,IE,Ireland,XGBoost,24,2026-08-24 01:00:00+00:00,2026-08-25 01:00:00+00:00,3418.1710000000003,3291.33447265625,1,lag_168h,3319.769,-148.01670837402344,148.01670837402344,-
IE_20260824_0100,IE,Ireland,XGBoost,24,2026-08-24 01:00:00+00:00,2026-08-25 01:00:00+00:00,3418.1710000000003,3291.33447265625,2,lag_1h,3250.726,-126.00652313232422,126.00652313232422,-
IE_20260824_0100,IE,Ireland,XGBoost,24,2026-08-24 01:00:00+00:00,2026-08-25 01:00:00+00:00,3418.1710000000003,3291.33447265625,3,hour_cos,0.8660254037844387,-101.11973571777344,101.11973571777344,-
IE_20260824_0100,IE,Ireland,XGBoost,24,2026-08-24 01:00:00+00:00,2026-08-25 01:00:00+00:00,3418.1710000000003,3291.33447265625,4,dayofweek,0.0,85.02630615234375,85.02630615234375,+
IE_20260824_0100,IE,Ireland,XGBoost,24,2026-08-24 01:00:00+00:00,2026-08-25 01:00:00+00:00,3418.1710000000003,3291.33447265625,5,dow_cos,1.0,50.41407775878906,50.41407775878906,+
IE_20260824_0100,IE,Ireland,XGBoost,24,2026-08-24 01:00:00+00:00,2026-08-25 01:00:00+00:00,3418.1710000000003,3291.33447265625,6,lag_48h,3413.08,42.661529541015625,42.661529541015625,+
IE_20260824_0100,IE,Ireland,XGBoost,24,2026-08-24 01:00:00+00:00,2026-08-25 01:00:00+00:00,3418.1710000000003,3291.33447265625,7,lag_24h,3375.2215,38.768856048583984,38.768856048583984,+
IE_20260824_0100,IE,Ireland,XGBoost,24,2026-08-24 01:00:00+00:00,2026-08-25 01:00:00+00:00,3418.1710000000003,3291.33447265625,8,hour,2.0,-24.772998809814453,24.772998809814453,-
IE_20260824_0100,IE,Ireland,XGBoost,24,2026-08-24 01:00:00+00:00,2026-08-25 01:00:00+00:00,3418.1710000000003,3291.33447265625,9,dow_sin,0.0,17.9158878326416,17.9158878326416,+
IE_20260824_0100,IE,Ireland,XGBoost,24,2026-08-24 01:00:00+00:00,2026-08-25 01:00:00+00:00,3418.1710000000003,3291.33447265625,10,rolling_max_24h,3962.8875,-17.36983299255371,17.36983299255371,-
IE_20260824_0200,IE,Ireland,LightGBM,24,2026-08-24 02:00:00+00:00,2026-08-25 02:00:00+00:00,3426.116,3342.692690463561,1,lag_168h,3307.5445,-152.55698871920686,152.55698871920686,-
IE_20260824_0200,IE,Ireland,LightGBM,24,2026-08-24 02:00:00+00:00,2026-08-25 02:00:00+00:00,3426.116,3342.692690463561,2,lag_1h,3255.1490000000003,-138.25895997378493,138.25895997378493,-
IE_20260824_0200,IE,Ireland,LightGBM,24,2026-08-24 02:00:00+00:00,2026-08-25 02:00:00+00:00,3426.116,3342.692690463561,3,dayofweek,0.0,77.27382237980495,77.27382237980495,+
IE_20260824_0200,IE,Ireland,LightGBM,24,2026-08-24 02:00:00+00:00,2026-08-25 02:00:00+00:00,3426.116,3342.692690463561,4,dow_cos,1.0,71.86768407661741,71.86768407661741,+
IE_20260824_0200,IE,Ireland,LightGBM,24,2026-08-24 02:00:00+00:00,2026-08-25 02:00:00+00:00,3426.116,3342.692690463561,5,hour_cos,0.7071067811865476,-69.54920357688285,69.54920357688285,-
IE_20260824_0200,IE,Ireland,LightGBM,24,2026-08-24 02:00:00+00:00,2026-08-25 02:00:00+00:00,3426.116,3342.692690463561,6,lag_24h,3328.45,35.30483531649834,35.30483531649834,+
IE_20260824_0200,IE,Ireland,LightGBM,24,2026-08-24 02:00:00+00:00,2026-08-25 02:00:00+00:00,3426.116,3342.692690463561,7,rolling_min_24h,3192.065,19.98048622149104,19.98048622149104,+
IE_20260824_0200,IE,Ireland,LightGBM,24,2026-08-24 02:00:00+00:00,2026-08-25 02:00:00+00:00,3426.116,3342.692690463561,8,lag_48h,3386.867,18.75194527495671,18.75194527495671,+
IE_20260824_0200,IE,Ireland,LightGBM,24,2026-08-24 02:00:00+00:00,2026-08-25 02:00:00+00:00,3426.116,3342.692690463561,9,hour,3.0,-17.04893691292756,17.04893691292756,-
IE_20260824_0200,IE,Ireland,LightGBM,24,2026-08-24 02:00:00+00:00,2026-08-25 02:00:00+00:00,3426.116,3342.692690463561,10,dow_sin,0.0,16.061595245539532,16.061595245539532,+
IE_20260824_0200,IE,Ireland,XGBoost,24,2026-08-24 02:00:00+00:00,2026-08-25 02:00:00+00:00,3426.116,3305.924560546875,1,lag_168h,3307.5445,-157.1847381591797,157.1847381591797,-
IE_20260824_0200,IE,Ireland,XGBoost,24,2026-08-24 02:00:00+00:00,2026-08-25 02:00:00+00:00,3426.116,3305.924560546875,2,lag_1h,3255.1490000000003,-152.7666778564453,152.7666778564453,-
IE_20260824_0200,IE,Ireland,XGBoost,24,2026-08-24 02:00:00+00:00,2026-08-25 02:00:00+00:00,3426.116,3305.924560546875,3,dayofweek,0.0,93.90209197998047,93.90209197998047,+
IE_20260824_0200,IE,Ireland,XGBoost,24,2026-08-24 02:00:00+00:00,2026-08-25 02:00:00+00:00,3426.116,3305.924560546875,4,hour_cos,0.7071067811865476,-65.94376373291016,65.94376373291016,-
IE_20260824_0200,IE,Ireland,XGBoost,24,2026-08-24 02:00:00+00:00,2026-08-25 02:00:00+00:00,3426.116,3305.924560546875,5,dow_cos,1.0,56.02400588989258,56.02400588989258,+
IE_20260824_0200,IE,Ireland,XGBoost,24,2026-08-24 02:00:00+00:00,2026-08-25 02:00:00+00:00,3426.116,3305.924560546875,6,lag_24h,3328.45,38.81801223754883,38.81801223754883,+
IE_20260824_0200,IE,Ireland,XGBoost,24,2026-08-24 02:00:00+00:00,2026-08-25 02:00:00+00:00,3426.116,3305.924560546875,7,lag_48h,3386.867,27.340656280517578,27.340656280517578,+
IE_20260824_0200,IE,Ireland,XGBoost,24,2026-08-24 02:00:00+00:00,2026-08-25 02:00:00+00:00,3426.116,3305.924560546875,8,hour,3.0,-19.311376571655273,19.311376571655273,-
IE_20260824_0200,IE,Ireland,XGBoost,24,2026-08-24 02:00:00+00:00,2026-08-25 02:00:00+00:00,3426.116,3305.924560546875,9,rolling_min_24h,3192.065,19.08544158935547,19.08544158935547,+
IE_20260824_0200,IE,Ireland,XGBoost,24,2026-08-24 02:00:00+00:00,2026-08-25 02:00:00+00:00,3426.116,3305.924560546875,10,rolling_max_24h,3962.8875,-17.482067108154297,17.482067108154297,-
IE_20260824_0300,IE,Ireland,LightGBM,24,2026-08-24 03:00:00+00:00,2026-08-25 03:00:00+00:00,3334.26,3334.5782783976233,1,lag_1h,3229.9325,-156.27416483543672,156.27416483543672,-
IE_20260824_0300,IE,Ireland,LightGBM,24,2026-08-24 03:00:00+00:00,2026-08-25 03:00:00+00:00,3334.26,3334.5782783976233,2,lag_168h,3239.0715,-151.81391456757166,151.81391456757166,-
IE_20260824_0300,IE,Ireland,LightGBM,24,2026-08-24 03:00:00+00:00,2026-08-25 03:00:00+00:00,3334.26,3334.5782783976233,3,dayofweek,0.0,86.63153876282144,86.63153876282144,+
IE_20260824_0300,IE,Ireland,LightGBM,24,2026-08-24 03:00:00+00:00,2026-08-25 03:00:00+00:00,3334.26,3334.5782783976233,4,dow_cos,1.0,68.01825545488839,68.01825545488839,+
IE_20260824_0300,IE,Ireland,LightGBM,24,2026-08-24 03:00:00+00:00,2026-08-25 03:00:00+00:00,3334.26,3334.5782783976233,5,hour_cos,0.5000000000000001,-60.583787812546475,60.583787812546475,-
IE_20260824_0300,IE,Ireland,LightGBM,24,2026-08-24 03:00:00+00:00,2026-08-25 03:00:00+00:00,3334.26,3334.5782783976233,6,lag_24h,3328.45,35.05133016397789,35.05133016397789,+
IE_20260824_0300,IE,Ireland,LightGBM,24,2026-08-24 03:00:00+00:00,2026-08-25 03:00:00+00:00,3334.26,3334.5782783976233,7,rolling_min_24h,3192.065,21.58285620384193,21.58285620384193,+
IE_20260824_0300,IE,Ireland,LightGBM,24,2026-08-24 03:00:00+00:00,2026-08-25 03:00:00+00:00,3334.26,3334.5782783976233,8,hour,4.0,-17.837343202862037,17.837343202862037,-
IE_20260824_0300,IE,Ireland,LightGBM,24,2026-08-24 03:00:00+00:00,2026-08-25 03:00:00+00:00,3334.26,3334.5782783976233,9,dow_sin,0.0,17.035490024164535,17.035490024164535,+
IE_20260824_0300,IE,Ireland,LightGBM,24,2026-08-24 03:00:00+00:00,2026-08-25 03:00:00+00:00,3334.26,3334.5782783976233,10,week_of_year,35.0,9.183270498887756,9.183270498887756,+
IE_20260824_0300,IE,Ireland,XGBoost,24,2026-08-24 03:00:00+00:00,2026-08-25 03:00:00+00:00,3334.26,3297.847900390625,1,lag_168h,3239.0715,-167.7529754638672,167.7529754638672,-
IE_20260824_0300,IE,Ireland,XGBoost,24,2026-08-24 03:00:00+00:00,2026-08-25 03:00:00+00:00,3334.26,3297.847900390625,2,lag_1h,3229.9325,-162.2180633544922,162.2180633544922,-
IE_20260824_0300,IE,Ireland,XGBoost,24,2026-08-24 03:00:00+00:00,2026-08-25 03:00:00+00:00,3334.26,3297.847900390625,3,dayofweek,0.0,103.4765625,103.4765625,+
IE_20260824_0300,IE,Ireland,XGBoost,24,2026-08-24 03:00:00+00:00,2026-08-25 03:00:00+00:00,3334.26,3297.847900390625,4,dow_cos,1.0,57.5695686340332,57.5695686340332,+
IE_20260824_0300,IE,Ireland,XGBoost,24,2026-08-24 03:00:00+00:00,2026-08-25 03:00:00+00:00,3334.26,3297.847900390625,5,hour_cos,0.5000000000000001,-56.843238830566406,56.843238830566406,-
IE_20260824_0300,IE,Ireland,XGBoost,24,2026-08-24 03:00:00+00:00,2026-08-25 03:00:00+00:00,3334.26,3297.847900390625,6,lag_24h,3328.45,39.32108688354492,39.32108688354492,+
IE_20260824_0300,IE,Ireland,XGBoost,24,2026-08-24 03:00:00+00:00,2026-08-25 03:00:00+00:00,3334.26,3297.847900390625,7,rolling_min_24h,3192.065,21.148122787475586,21.148122787475586,+
IE_20260824_0300,IE,Ireland,XGBoost,24,2026-08-24 03:00:00+00:00,2026-08-25 03:00:00+00:00,3334.26,3297.847900390625,8,hour,4.0,-19.24578094482422,19.24578094482422,-
IE_20260824_0300,IE,Ireland,XGBoost,24,2026-08-24 03:00:00+00:00,2026-08-25 03:00:00+00:00,3334.26,3297.847900390625,9,rolling_max_24h,3962.8875,-17.06774139404297,17.06774139404297,-
IE_20260824_0300,IE,Ireland,XGBoost,24,2026-08-24 03:00:00+00:00,2026-08-25 03:00:00+00:00,3334.26,3297.847900390625,10,dow_sin,0.0,15.703383445739746,15.703383445739746,+
IE_20260824_0400,IE,Ireland,LightGBM,24,2026-08-24 04:00:00+00:00,2026-08-25 04:00:00+00:00,3296.0045,3321.3117399161865,1,lag_1h,3168.8375,-175.63880866491166,175.63880866491166,-
IE_20260824_0400,IE,Ireland,LightGBM,24,2026-08-24 04:00:00+00:00,2026-08-25 04:00:00+00:00,3296.0045,3321.3117399161865,2,lag_168h,3265.0565,-152.14528902910746,152.14528902910746,-
IE_20260824_0400,IE,Ireland,LightGBM,24,2026-08-24 04:00:00+00:00,2026-08-25 04:00:00+00:00,3296.0045,3321.3117399161865,3,dayofweek,0.0,89.75364946406314,89.75364946406314,+
IE_20260824_0400,IE,Ireland,LightGBM,24,2026-08-24 04:00:00+00:00,2026-08-25 04:00:00+00:00,3296.0045,3321.3117399161865,4,dow_cos,1.0,70.3800286211455,70.3800286211455,+
IE_20260824_0400,IE,Ireland,LightGBM,24,2026-08-24 04:00:00+00:00,2026-08-25 04:00:00+00:00,3296.0045,3321.3117399161865,5,hour_cos,0.2588190451025207,-43.7516200609661,43.7516200609661,-
IE_20260824_0400,IE,Ireland,LightGBM,24,2026-08-24 04:00:00+00:00,2026-08-25 04:00:00+00:00,3296.0045,3321.3117399161865,6,dow_sin,0.0,16.857462321191672,16.857462321191672,+
IE_20260824_0400,IE,Ireland,LightGBM,24,2026-08-24 04:00:00+00:00,2026-08-25 04:00:00+00:00,3296.0045,3321.3117399161865,7,hour,5.0,-14.65134980148669,14.65134980148669,-
IE_20260824_0400,IE,Ireland,LightGBM,24,2026-08-24 04:00:00+00:00,2026-08-25 04:00:00+00:00,3296.0045,3321.3117399161865,8,year,2026.0,13.592718209261633,13.592718209261633,+
IE_20260824_0400,IE,Ireland,LightGBM,24,2026-08-24 04:00:00+00:00,2026-08-25 04:00:00+00:00,3296.0045,3321.3117399161865,9,week_of_year,35.0,9.870908264152616,9.870908264152616,+
IE_20260824_0400,IE,Ireland,LightGBM,24,2026-08-24 04:00:00+00:00,2026-08-25 04:00:00+00:00,3296.0045,3321.3117399161865,10,rolling_min_24h,3168.8375,9.68713123379969,9.68713123379969,+
IE_20260824_0400,IE,Ireland,XGBoost,24,2026-08-24 04:00:00+00:00,2026-08-25 04:00:00+00:00,3296.0045,3302.09765625,1,lag_1h,3168.8375,-184.40966796875,184.40966796875,-
IE_20260824_0400,IE,Ireland,XGBoost,24,2026-08-24 04:00:00+00:00,2026-08-25 04:00:00+00:00,3296.0045,3302.09765625,2,lag_168h,3265.0565,-160.0299835205078,160.0299835205078,-
IE_20260824_0400,IE,Ireland,XGBoost,24,2026-08-24 04:00:00+00:00,2026-08-25 04:00:00+00:00,3296.0045,3302.09765625,3,dayofweek,0.0,100.78267669677734,100.78267669677734,+
IE_20260824_0400,IE,Ireland,XGBoost,24,2026-08-24 04:00:00+00:00,2026-08-25 04:00:00+00:00,3296.0045,3302.09765625,4,dow_cos,1.0,64.03756713867188,64.03756713867188,+
IE_20260824_0400,IE,Ireland,XGBoost,24,2026-08-24 04:00:00+00:00,2026-08-25 04:00:00+00:00,3296.0045,3302.09765625,5,hour_cos,0.2588190451025207,-41.13801956176758,41.13801956176758,-
IE_20260824_0400,IE,Ireland,XGBoost,24,2026-08-24 04:00:00+00:00,2026-08-25 04:00:00+00:00,3296.0045,3302.09765625,6,lag_24h,3192.065,24.78046989440918,24.78046989440918,+
IE_20260824_0400,IE,Ireland,XGBoost,24,2026-08-24 04:00:00+00:00,2026-08-25 04:00:00+00:00,3296.0045,3302.09765625,7,hour,5.0,-17.70794105529785,17.70794105529785,-
IE_20260824_0400,IE,Ireland,XGBoost,24,2026-08-24 04:00:00+00:00,2026-08-25 04:00:00+00:00,3296.0045,3302.09765625,8,dow_sin,0.0,16.94630241394043,16.94630241394043,+
IE_20260824_0400,IE,Ireland,XGBoost,24,2026-08-24 04:00:00+00:00,2026-08-25 04:00:00+00:00,3296.0045,3302.09765625,9,rolling_max_24h,3962.8875,-16.4234561920166,16.4234561920166,-
IE_20260824_0400,IE,Ireland,XGBoost,24,2026-08-24 04:00:00+00:00,2026-08-25 04:00:00+00:00,3296.0045,3302.09765625,10,rolling_min_24h,3168.8375,13.937956809997559,13.937956809997559,+
IE_20260824_0500,IE,Ireland,LightGBM,24,2026-08-24 05:00:00+00:00,2026-08-25 05:00:00+00:00,3456.1485,3599.770309440763,1,lag_1h,3201.8895,-205.3867629270954,205.3867629270954,-
IE_20260824_0500,IE,Ireland,LightGBM,24,2026-08-24 05:00:00+00:00,2026-08-25 05:00:00+00:00,3456.1485,3599.770309440763,2,dow_cos,1.0,97.52004601959212,97.52004601959212,+
IE_20260824_0500,IE,Ireland,LightGBM,24,2026-08-24 05:00:00+00:00,2026-08-25 05:00:00+00:00,3456.1485,3599.770309440763,3,dayofweek,0.0,85.87059039203858,85.87059039203858,+
IE_20260824_0500,IE,Ireland,LightGBM,24,2026-08-24 05:00:00+00:00,2026-08-25 05:00:00+00:00,3456.1485,3599.770309440763,4,lag_168h,3432.11,70.22705743961278,70.22705743961278,+
IE_20260824_0500,IE,Ireland,LightGBM,24,2026-08-24 05:00:00+00:00,2026-08-25 05:00:00+00:00,3456.1485,3599.770309440763,5,lag_24h,3201.9075000000003,-20.681919959308168,20.681919959308168,-
IE_20260824_0500,IE,Ireland,LightGBM,24,2026-08-24 05:00:00+00:00,2026-08-25 05:00:00+00:00,3456.1485,3599.770309440763,6,dow_sin,0.0,19.170874387051754,19.170874387051754,+
IE_20260824_0500,IE,Ireland,LightGBM,24,2026-08-24 05:00:00+00:00,2026-08-25 05:00:00+00:00,3456.1485,3599.770309440763,7,hour_cos,6.123233995736766e-17,17.8987370854876,17.8987370854876,+
IE_20260824_0500,IE,Ireland,LightGBM,24,2026-08-24 05:00:00+00:00,2026-08-25 05:00:00+00:00,3456.1485,3599.770309440763,8,rolling_min_24h,3168.8375,14.476474848704493,14.476474848704493,+
IE_20260824_0500,IE,Ireland,LightGBM,24,2026-08-24 05:00:00+00:00,2026-08-25 05:00:00+00:00,3456.1485,3599.770309440763,9,year,2026.0,13.221444354752371,13.221444354752371,+
IE_20260824_0500,IE,Ireland,LightGBM,24,2026-08-24 05:00:00+00:00,2026-08-25 05:00:00+00:00,3456.1485,3599.770309440763,10,lag_48h,3318.663,12.317537006865237,12.317537006865237,+
IE_20260824_0500,IE,Ireland,XGBoost,24,2026-08-24 05:00:00+00:00,2026-08-25 05:00:00+00:00,3456.1485,3592.727783203125,1,lag_1h,3201.8895,-195.6977996826172,195.6977996826172,-
IE_20260824_0500,IE,Ireland,XGBoost,24,2026-08-24 05:00:00+00:00,2026-08-25 05:00:00+00:00,3456.1485,3592.727783203125,2,dayofweek,0.0,111.2938232421875,111.2938232421875,+
IE_20260824_0500,IE,Ireland,XGBoost,24,2026-08-24 05:00:00+00:00,2026-08-25 05:00:00+00:00,3456.1485,3592.727783203125,3,dow_cos,1.0,82.06173706054688,82.06173706054688,+
IE_20260824_0500,IE,Ireland,XGBoost,24,2026-08-24 05:00:00+00:00,2026-08-25 05:00:00+00:00,3456.1485,3592.727783203125,4,lag_168h,3432.11,45.640174865722656,45.640174865722656,+
IE_20260824_0500,IE,Ireland,XGBoost,24,2026-08-24 05:00:00+00:00,2026-08-25 05:00:00+00:00,3456.1485,3592.727783203125,5,rolling_min_24h,3168.8375,20.0788631439209,20.0788631439209,+
IE_20260824_0500,IE,Ireland,XGBoost,24,2026-08-24 05:00:00+00:00,2026-08-25 05:00:00+00:00,3456.1485,3592.727783203125,6,rolling_max_24h,3962.8875,-16.724319458007812,16.724319458007812,-
IE_20260824_0500,IE,Ireland,XGBoost,24,2026-08-24 05:00:00+00:00,2026-08-25 05:00:00+00:00,3456.1485,3592.727783203125,7,dow_sin,0.0,15.664944648742676,15.664944648742676,+
IE_20260824_0500,IE,Ireland,XGBoost,24,2026-08-24 05:00:00+00:00,2026-08-25 05:00:00+00:00,3456.1485,3592.727783203125,8,week_of_year,35.0,15.22468376159668,15.22468376159668,+
IE_20260824_0500,IE,Ireland,XGBoost,24,2026-08-24 05:00:00+00:00,2026-08-25 05:00:00+00:00,3456.1485,3592.727783203125,9,hour_cos,6.123233995736766e-17,13.839940071105957,13.839940071105957,+
IE_20260824_0500,IE,Ireland,XGBoost,24,2026-08-24 05:00:00+00:00,2026-08-25 05:00:00+00:00,3456.1485,3592.727783203125,10,total_gen_mw_lag1h,1667.2945,-10.223386764526367,10.223386764526367,-
IE_20260824_0600,IE,Ireland,LightGBM,24,2026-08-24 06:00:00+00:00,2026-08-25 06:00:00+00:00,3828.247,3966.68642658053,1,dow_cos,1.0,129.1894255996636,129.1894255996636,+
IE_20260824_0600,IE,Ireland,LightGBM,24,2026-08-24 06:00:00+00:00,2026-08-25 06:00:00+00:00,3828.247,3966.68642658053,2,lag_168h,3790.9545,123.83940985846363,123.83940985846363,+
IE_20260824_0600,IE,Ireland,LightGBM,24,2026-08-24 06:00:00+00:00,2026-08-25 06:00:00+00:00,3828.247,3966.68642658053,3,hour_cos,-0.2588190451025206,94.50728774164666,94.50728774164666,+
IE_20260824_0600,IE,Ireland,LightGBM,24,2026-08-24 06:00:00+00:00,2026-08-25 06:00:00+00:00,3828.247,3966.68642658053,4,lag_1h,3399.3155,-92.38777839568512,92.38777839568512,-
IE_20260824_0600,IE,Ireland,LightGBM,24,2026-08-24 06:00:00+00:00,2026-08-25 06:00:00+00:00,3828.247,3966.68642658053,5,dayofweek,0.0,90.74564875887602,90.74564875887602,+
IE_20260824_0600,IE,Ireland,LightGBM,24,2026-08-24 06:00:00+00:00,2026-08-25 06:00:00+00:00,3828.247,3966.68642658053,6,rolling_min_24h,3168.8375,34.49588178462754,34.49588178462754,+
IE_20260824_0600,IE,Ireland,LightGBM,24,2026-08-24 06:00:00+00:00,2026-08-25 06:00:00+00:00,3828.247,3966.68642658053,7,lag_48h,3471.7195,32.537086753952835,32.537086753952835,+
IE_20260824_0600,IE,Ireland,LightGBM,24,2026-08-24 06:00:00+00:00,2026-08-25 06:00:00+00:00,3828.247,3966.68642658053,8,dow_sin,0.0,24.862372454877395,24.862372454877395,+
IE_20260824_0600,IE,Ireland,LightGBM,24,2026-08-24 06:00:00+00:00,2026-08-25 06:00:00+00:00,3828.247,3966.68642658053,9,hour,7.0,12.378073066786348,12.378073066786348,+
IE_20260824_0600,IE,Ireland,LightGBM,24,2026-08-24 06:00:00+00:00,2026-08-25 06:00:00+00:00,3828.247,3966.68642658053,10,month_cos,-0.5000000000000004,-11.510495181945473,11.510495181945473,-
IE_20260824_0600,IE,Ireland,XGBoost,24,2026-08-24 06:00:00+00:00,2026-08-25 06:00:00+00:00,3828.247,3960.56982421875,1,dayofweek,0.0,125.3619384765625,125.3619384765625,+
IE_20260824_0600,IE,Ireland,XGBoost,24,2026-08-24 06:00:00+00:00,2026-08-25 06:00:00+00:00,3828.247,3960.56982421875,2,lag_168h,3790.9545,114.71736907958984,114.71736907958984,+
IE_20260824_0600,IE,Ireland,XGBoost,24,2026-08-24 06:00:00+00:00,2026-08-25 06:00:00+00:00,3828.247,3960.56982421875,3,dow_cos,1.0,108.93851470947266,108.93851470947266,+
IE_20260824_0600,IE,Ireland,XGBoost,24,2026-08-24 06:00:00+00:00,2026-08-25 06:00:00+00:00,3828.247,3960.56982421875,4,lag_1h,3399.3155,-89.32356262207031,89.32356262207031,-
IE_20260824_0600,IE,Ireland,XGBoost,24,2026-08-24 06:00:00+00:00,2026-08-25 06:00:00+00:00,3828.247,3960.56982421875,5,hour_cos,-0.2588190451025206,86.92321014404297,86.92321014404297,+
IE_20260824_0600,IE,Ireland,XGBoost,24,2026-08-24 06:00:00+00:00,2026-08-25 06:00:00+00:00,3828.247,3960.56982421875,6,lag_48h,3471.7195,35.16614532470703,35.16614532470703,+
IE_20260824_0600,IE,Ireland,XGBoost,24,2026-08-24 06:00:00+00:00,2026-08-25 06:00:00+00:00,3828.247,3960.56982421875,7,rolling_min_24h,3168.8375,30.800451278686523,30.800451278686523,+
IE_20260824_0600,IE,Ireland,XGBoost,24,2026-08-24 06:00:00+00:00,2026-08-25 06:00:00+00:00,3828.247,3960.56982421875,8,hour,7.0,21.547487258911133,21.547487258911133,+
IE_20260824_0600,IE,Ireland,XGBoost,24,2026-08-24 06:00:00+00:00,2026-08-25 06:00:00+00:00,3828.247,3960.56982421875,9,rolling_max_24h,3962.8875,-18.16754150390625,18.16754150390625,-
IE_20260824_0600,IE,Ireland,XGBoost,24,2026-08-24 06:00:00+00:00,2026-08-25 06:00:00+00:00,3828.247,3960.56982421875,10,hour_sin,0.9659258262890684,16.671573638916016,16.671573638916016,+
IE_20260824_0700,IE,Ireland,LightGBM,24,2026-08-24 07:00:00+00:00,2026-08-25 07:00:00+00:00,4164.749,4226.725708383409,1,lag_168h,4135.044,215.9222703404428,215.9222703404428,+
IE_20260824_0700,IE,Ireland,LightGBM,24,2026-08-24 07:00:00+00:00,2026-08-25 07:00:00+00:00,4164.749,4226.725708383409,2,dow_cos,1.0,124.01940612780419,124.01940612780419,+
IE_20260824_0700,IE,Ireland,LightGBM,24,2026-08-24 07:00:00+00:00,2026-08-25 07:00:00+00:00,4164.749,4226.725708383409,3,hour_cos,-0.4999999999999998,84.2677984294855,84.2677984294855,+
IE_20260824_0700,IE,Ireland,LightGBM,24,2026-08-24 07:00:00+00:00,2026-08-25 07:00:00+00:00,4164.749,4226.725708383409,4,dayofweek,0.0,82.92851728899635,82.92851728899635,+
IE_20260824_0700,IE,Ireland,LightGBM,24,2026-08-24 07:00:00+00:00,2026-08-25 07:00:00+00:00,4164.749,4226.725708383409,5,lag_1h,3758.4935,73.71247916408382,73.71247916408382,+
IE_20260824_0700,IE,Ireland,LightGBM,24,2026-08-24 07:00:00+00:00,2026-08-25 07:00:00+00:00,4164.749,4226.725708383409,6,lag_48h,3670.768,44.796749268120315,44.796749268120315,+
IE_20260824_0700,IE,Ireland,LightGBM,24,2026-08-24 07:00:00+00:00,2026-08-25 07:00:00+00:00,4164.749,4226.725708383409,7,rolling_min_24h,3168.8375,43.10213394261811,43.10213394261811,+
IE_20260824_0700,IE,Ireland,LightGBM,24,2026-08-24 07:00:00+00:00,2026-08-25 07:00:00+00:00,4164.749,4226.725708383409,8,hour_sin,0.8660254037844387,24.420379841256793,24.420379841256793,+
IE_20260824_0700,IE,Ireland,LightGBM,24,2026-08-24 07:00:00+00:00,2026-08-25 07:00:00+00:00,4164.749,4226.725708383409,9,dow_sin,0.0,22.96810086630161,22.96810086630161,+
IE_20260824_0700,IE,Ireland,LightGBM,24,2026-08-24 07:00:00+00:00,2026-08-25 07:00:00+00:00,4164.749,4226.725708383409,10,hour,8.0,17.057117057625952,17.057117057625952,+
IE_20260824_0700,IE,Ireland,XGBoost,24,2026-08-24 07:00:00+00:00,2026-08-25 07:00:00+00:00,4164.749,4186.40234375,1,lag_168h,4135.044,197.01638793945312,197.01638793945312,+
IE_20260824_0700,IE,Ireland,XGBoost,24,2026-08-24 07:00:00+00:00,2026-08-25 07:00:00+00:00,4164.749,4186.40234375,2,dayofweek,0.0,117.94436645507812,117.94436645507812,+
IE_20260824_0700,IE,Ireland,XGBoost,24,2026-08-24 07:00:00+00:00,2026-08-25 07:00:00+00:00,4164.749,4186.40234375,3,dow_cos,1.0,110.77462005615234,110.77462005615234,+
IE_20260824_0700,IE,Ireland,XGBoost,24,2026-08-24 07:00:00+00:00,2026-08-25 07:00:00+00:00,4164.749,4186.40234375,4,lag_1h,3758.4935,72.10671997070312,72.10671997070312,+
IE_20260824_0700,IE,Ireland,XGBoost,24,2026-08-24 07:00:00+00:00,2026-08-25 07:00:00+00:00,4164.749,4186.40234375,5,hour_cos,-0.4999999999999998,69.5450668334961,69.5450668334961,+
IE_20260824_0700,IE,Ireland,XGBoost,24,2026-08-24 07:00:00+00:00,2026-08-25 07:00:00+00:00,4164.749,4186.40234375,6,lag_48h,3670.768,40.55706024169922,40.55706024169922,+
IE_20260824_0700,IE,Ireland,XGBoost,24,2026-08-24 07:00:00+00:00,2026-08-25 07:00:00+00:00,4164.749,4186.40234375,7,rolling_min_24h,3168.8375,32.461448669433594,32.461448669433594,+
IE_20260824_0700,IE,Ireland,XGBoost,24,2026-08-24 07:00:00+00:00,2026-08-25 07:00:00+00:00,4164.749,4186.40234375,8,hour_sin,0.8660254037844387,27.789888381958008,27.789888381958008,+
IE_20260824_0700,IE,Ireland,XGBoost,24,2026-08-24 07:00:00+00:00,2026-08-25 07:00:00+00:00,4164.749,4186.40234375,9,hour,8.0,24.118816375732422,24.118816375732422,+
IE_20260824_0700,IE,Ireland,XGBoost,24,2026-08-24 07:00:00+00:00,2026-08-25 07:00:00+00:00,4164.749,4186.40234375,10,rolling_max_24h,3962.8875,-19.0481014251709,19.0481014251709,-
IE_20260824_0800,IE,Ireland,LightGBM,24,2026-08-24 08:00:00+00:00,2026-08-25 08:00:00+00:00,4164.749,4238.833652658851,1,lag_168h,4295.2425,223.60823695944222,223.60823695944222,+
IE_20260824_0800,IE,Ireland,LightGBM,24,2026-08-24 08:00:00+00:00,2026-08-25 08:00:00+00:00,4164.749,4238.833652658851,2,lag_1h,4008.705,138.63838841518927,138.63838841518927,+
IE_20260824_0800,IE,Ireland,LightGBM,24,2026-08-24 08:00:00+00:00,2026-08-25 08:00:00+00:00,4164.749,4238.833652658851,3,dow_cos,1.0,103.04095488090806,103.04095488090806,+
IE_20260824_0800,IE,Ireland,LightGBM,24,2026-08-24 08:00:00+00:00,2026-08-25 08:00:00+00:00,4164.749,4238.833652658851,4,dayofweek,0.0,68.40178504125903,68.40178504125903,+
IE_20260824_0800,IE,Ireland,LightGBM,24,2026-08-24 08:00:00+00:00,2026-08-25 08:00:00+00:00,4164.749,4238.833652658851,5,lag_48h,3823.5565,63.729339737985114,63.729339737985114,+
IE_20260824_0800,IE,Ireland,LightGBM,24,2026-08-24 08:00:00+00:00,2026-08-25 08:00:00+00:00,4164.749,4238.833652658851,6,hour_cos,-0.7071067811865475,61.952724181066664,61.952724181066664,+
IE_20260824_0800,IE,Ireland,LightGBM,24,2026-08-24 08:00:00+00:00,2026-08-25 08:00:00+00:00,4164.749,4238.833652658851,7,rolling_min_24h,3168.8375,31.99536049199558,31.99536049199558,+
IE_20260824_0800,IE,Ireland,LightGBM,24,2026-08-24 08:00:00+00:00,2026-08-25 08:00:00+00:00,4164.749,4238.833652658851,8,dow_sin,0.0,21.403272000413832,21.403272000413832,+
IE_20260824_0800,IE,Ireland,LightGBM,24,2026-08-24 08:00:00+00:00,2026-08-25 08:00:00+00:00,4164.749,4238.833652658851,9,hour,9.0,17.863611095040994,17.863611095040994,+
IE_20260824_0800,IE,Ireland,LightGBM,24,2026-08-24 08:00:00+00:00,2026-08-25 08:00:00+00:00,4164.749,4238.833652658851,10,month_cos,-0.5000000000000004,-16.083855214383572,16.083855214383572,-
IE_20260824_0800,IE,Ireland,XGBoost,24,2026-08-24 08:00:00+00:00,2026-08-25 08:00:00+00:00,4164.749,4218.9169921875,1,lag_168h,4295.2425,220.556640625,220.556640625,+
IE_20260824_0800,IE,Ireland,XGBoost,24,2026-08-24 08:00:00+00:00,2026-08-25 08:00:00+00:00,4164.749,4218.9169921875,2,lag_1h,4008.705,136.85455322265625,136.85455322265625,+
IE_20260824_0800,IE,Ireland,XGBoost,24,2026-08-24 08:00:00+00:00,2026-08-25 08:00:00+00:00,4164.749,4218.9169921875,3,dayofweek,0.0,103.43934631347656,103.43934631347656,+
IE_20260824_0800,IE,Ireland,XGBoost,24,2026-08-24 08:00:00+00:00,2026-08-25 08:00:00+00:00,4164.749,4218.9169921875,4,dow_cos,1.0,87.51897430419922,87.51897430419922,+
IE_20260824_0800,IE,Ireland,XGBoost,24,2026-08-24 08:00:00+00:00,2026-08-25 08:00:00+00:00,4164.749,4218.9169921875,5,lag_48h,3823.5565,60.623287200927734,60.623287200927734,+
IE_20260824_0800,IE,Ireland,XGBoost,24,2026-08-24 08:00:00+00:00,2026-08-25 08:00:00+00:00,4164.749,4218.9169921875,6,hour_cos,-0.7071067811865475,52.66842269897461,52.66842269897461,+
IE_20260824_0800,IE,Ireland,XGBoost,24,2026-08-24 08:00:00+00:00,2026-08-25 08:00:00+00:00,4164.749,4218.9169921875,7,hour,9.0,27.99301528930664,27.99301528930664,+
IE_20260824_0800,IE,Ireland,XGBoost,24,2026-08-24 08:00:00+00:00,2026-08-25 08:00:00+00:00,4164.749,4218.9169921875,8,rolling_min_24h,3168.8375,24.369606018066406,24.369606018066406,+
IE_20260824_0800,IE,Ireland,XGBoost,24,2026-08-24 08:00:00+00:00,2026-08-25 08:00:00+00:00,4164.749,4218.9169921875,9,lag_24h,3626.932,18.29900360107422,18.29900360107422,+
IE_20260824_0800,IE,Ireland,XGBoost,24,2026-08-24 08:00:00+00:00,2026-08-25 08:00:00+00:00,4164.749,4218.9169921875,10,rolling_std_24h,258.18914082640055,17.220415115356445,17.220415115356445,+
IE_20260824_0900,IE,Ireland,LightGBM,24,2026-08-24 09:00:00+00:00,2026-08-25 09:00:00+00:00,4243.5245,4221.621490654905,1,lag_168h,4259.347,231.44645376285806,231.44645376285806,+
IE_20260824_0900,IE,Ireland,LightGBM,24,2026-08-24 09:00:00+00:00,2026-08-25 09:00:00+00:00,4243.5245,4221.621490654905,2,lag_1h,4101.322,174.94507933238734,174.94507933238734,+
IE_20260824_0900,IE,Ireland,LightGBM,24,2026-08-24 09:00:00+00:00,2026-08-25 09:00:00+00:00,4243.5245,4221.621490654905,3,dow_cos,1.0,86.30167211734774,86.30167211734774,+
IE_20260824_0900,IE,Ireland,LightGBM,24,2026-08-24 09:00:00+00:00,2026-08-25 09:00:00+00:00,4243.5245,4221.621490654905,4,lag_48h,3842.9655,58.92831282885871,58.92831282885871,+
IE_20260824_0900,IE,Ireland,LightGBM,24,2026-08-24 09:00:00+00:00,2026-08-25 09:00:00+00:00,4243.5245,4221.621490654905,5,dayofweek,0.0,58.03523756460686,58.03523756460686,+
IE_20260824_0900,IE,Ireland,LightGBM,24,2026-08-24 09:00:00+00:00,2026-08-25 09:00:00+00:00,4243.5245,4221.621490654905,6,hour_cos,-0.8660254037844387,52.00342636546503,52.00342636546503,+
IE_20260824_0900,IE,Ireland,LightGBM,24,2026-08-24 09:00:00+00:00,2026-08-25 09:00:00+00:00,4243.5245,4221.621490654905,7,rolling_min_24h,3168.8375,24.157352485550334,24.157352485550334,+
IE_20260824_0900,IE,Ireland,LightGBM,24,2026-08-24 09:00:00+00:00,2026-08-25 09:00:00+00:00,4243.5245,4221.621490654905,8,dow_sin,0.0,20.133317008352172,20.133317008352172,+
IE_20260824_0900,IE,Ireland,LightGBM,24,2026-08-24 09:00:00+00:00,2026-08-25 09:00:00+00:00,4243.5245,4221.621490654905,9,hour,10.0,17.574183763408413,17.574183763408413,+
IE_20260824_0900,IE,Ireland,LightGBM,24,2026-08-24 09:00:00+00:00,2026-08-25 09:00:00+00:00,4243.5245,4221.621490654905,10,month_cos,-0.5000000000000004,-15.482890325816006,15.482890325816006,-
IE_20260824_0900,IE,Ireland,XGBoost,24,2026-08-24 09:00:00+00:00,2026-08-25 09:00:00+00:00,4243.5245,4222.53076171875,1,lag_168h,4259.347,219.72531127929688,219.72531127929688,+
IE_20260824_0900,IE,Ireland,XGBoost,24,2026-08-24 09:00:00+00:00,2026-08-25 09:00:00+00:00,4243.5245,4222.53076171875,2,lag_1h,4101.322,188.1854248046875,188.1854248046875,+
IE_20260824_0900,IE,Ireland,XGBoost,24,2026-08-24 09:00:00+00:00,2026-08-25 09:00:00+00:00,4243.5245,4222.53076171875,3,dayofweek,0.0,96.39573669433594,96.39573669433594,+
IE_20260824_0900,IE,Ireland,XGBoost,24,2026-08-24 09:00:00+00:00,2026-08-25 09:00:00+00:00,4243.5245,4222.53076171875,4,dow_cos,1.0,75.7844009399414,75.7844009399414,+
IE_20260824_0900,IE,Ireland,XGBoost,24,2026-08-24 09:00:00+00:00,2026-08-25 09:00:00+00:00,4243.5245,4222.53076171875,5,lag_48h,3842.9655,61.285186767578125,61.285186767578125,+
IE_20260824_0900,IE,Ireland,XGBoost,24,2026-08-24 09:00:00+00:00,2026-08-25 09:00:00+00:00,4243.5245,4222.53076171875,6,hour_cos,-0.8660254037844387,52.47532272338867,52.47532272338867,+
IE_20260824_0900,IE,Ireland,XGBoost,24,2026-08-24 09:00:00+00:00,2026-08-25 09:00:00+00:00,4243.5245,4222.53076171875,7,rolling_min_24h,3168.8375,24.209775924682617,24.209775924682617,+
IE_20260824_0900,IE,Ireland,XGBoost,24,2026-08-24 09:00:00+00:00,2026-08-25 09:00:00+00:00,4243.5245,4222.53076171875,8,hour,10.0,20.179824829101562,20.179824829101562,+
IE_20260824_0900,IE,Ireland,XGBoost,24,2026-08-24 09:00:00+00:00,2026-08-25 09:00:00+00:00,4243.5245,4222.53076171875,9,lag_24h,3692.7955,17.55255699157715,17.55255699157715,+
IE_20260824_0900,IE,Ireland,XGBoost,24,2026-08-24 09:00:00+00:00,2026-08-25 09:00:00+00:00,4243.5245,4222.53076171875,10,rolling_std_24h,280.39918178321534,16.079301834106445,16.079301834106445,+
IE_20260824_1000,IE,Ireland,LightGBM,24,2026-08-24 10:00:00+00:00,2026-08-25 10:00:00+00:00,4179.1655,4156.039261848017,1,lag_168h,4259.347,221.527728065512,221.527728065512,+
IE_20260824_1000,IE,Ireland,LightGBM,24,2026-08-24 10:00:00+00:00,2026-08-25 10:00:00+00:00,4179.1655,4156.039261848017,2,lag_1h,3935.956,102.072348730372,102.072348730372,+
IE_20260824_1000,IE,Ireland,LightGBM,24,2026-08-24 10:00:00+00:00,2026-08-25 10:00:00+00:00,4179.1655,4156.039261848017,3,dow_cos,1.0,96.85098022438166,96.85098022438166,+
IE_20260824_1000,IE,Ireland,LightGBM,24,2026-08-24 10:00:00+00:00,2026-08-25 10:00:00+00:00,4179.1655,4156.039261848017,4,dayofweek,0.0,60.124791671526914,60.124791671526914,+
IE_20260824_1000,IE,Ireland,LightGBM,24,2026-08-24 10:00:00+00:00,2026-08-25 10:00:00+00:00,4179.1655,4156.039261848017,5,hour_cos,-0.9659258262890682,58.91254872775152,58.91254872775152,+
IE_20260824_1000,IE,Ireland,LightGBM,24,2026-08-24 10:00:00+00:00,2026-08-25 10:00:00+00:00,4179.1655,4156.039261848017,6,lag_48h,3803.1135,57.279008516070064,57.279008516070064,+
IE_20260824_1000,IE,Ireland,LightGBM,24,2026-08-24 10:00:00+00:00,2026-08-25 10:00:00+00:00,4179.1655,4156.039261848017,7,rolling_min_24h,3168.8375,28.437326614924448,28.437326614924448,+
IE_20260824_1000,IE,Ireland,LightGBM,24,2026-08-24 10:00:00+00:00,2026-08-25 10:00:00+00:00,4179.1655,4156.039261848017,8,dow_sin,0.0,21.648957097608445,21.648957097608445,+
IE_20260824_1000,IE,Ireland,LightGBM,24,2026-08-24 10:00:00+00:00,2026-08-25 10:00:00+00:00,4179.1655,4156.039261848017,9,hour,11.0,16.558537745667238,16.558537745667238,+
IE_20260824_1000,IE,Ireland,LightGBM,24,2026-08-24 10:00:00+00:00,2026-08-25 10:00:00+00:00,4179.1655,4156.039261848017,10,month_cos,-0.5000000000000004,-14.100402903628249,14.100402903628249,-
IE_20260824_1000,IE,Ireland,XGBoost,24,2026-08-24 10:00:00+00:00,2026-08-25 10:00:00+00:00,4179.1655,4117.29345703125,1,lag_168h,4259.347,213.81927490234375,213.81927490234375,+
IE_20260824_1000,IE,Ireland,XGBoost,24,2026-08-24 10:00:00+00:00,2026-08-25 10:00:00+00:00,4179.1655,4117.29345703125,2,dayofweek,0.0,97.45317840576172,97.45317840576172,+
IE_20260824_1000,IE,Ireland,XGBoost,24,2026-08-24 10:00:00+00:00,2026-08-25 10:00:00+00:00,4179.1655,4117.29345703125,3,lag_1h,3935.956,96.71745300292969,96.71745300292969,+
IE_20260824_1000,IE,Ireland,XGBoost,24,2026-08-24 10:00:00+00:00,2026-08-25 10:00:00+00:00,4179.1655,4117.29345703125,4,dow_cos,1.0,86.20822143554688,86.20822143554688,+
IE_20260824_1000,IE,Ireland,XGBoost,24,2026-08-24 10:00:00+00:00,2026-08-25 10:00:00+00:00,4179.1655,4117.29345703125,5,lag_48h,3803.1135,57.66653060913086,57.66653060913086,+
IE_20260824_1000,IE,Ireland,XGBoost,24,2026-08-24 10:00:00+00:00,2026-08-25 10:00:00+00:00,4179.1655,4117.29345703125,6,hour_cos,-0.9659258262890682,53.42345428466797,53.42345428466797,+
IE_20260824_1000,IE,Ireland,XGBoost,24,2026-08-24 10:00:00+00:00,2026-08-25 10:00:00+00:00,4179.1655,4117.29345703125,7,rolling_min_24h,3168.8375,21.975784301757812,21.975784301757812,+
IE_20260824_1000,IE,Ireland,XGBoost,24,2026-08-24 10:00:00+00:00,2026-08-25 10:00:00+00:00,4179.1655,4117.29345703125,8,hour,11.0,18.235883712768555,18.235883712768555,+
IE_20260824_1000,IE,Ireland,XGBoost,24,2026-08-24 10:00:00+00:00,2026-08-25 10:00:00+00:00,4179.1655,4117.29345703125,9,lag_24h,3695.3445,16.994625091552734,16.994625091552734,+
IE_20260824_1000,IE,Ireland,XGBoost,24,2026-08-24 10:00:00+00:00,2026-08-25 10:00:00+00:00,4179.1655,4117.29345703125,10,dow_sin,0.0,16.121030807495117,16.121030807495117,+
IE_20260824_1100,IE,Ireland,LightGBM,24,2026-08-24 11:00:00+00:00,2026-08-25 11:00:00+00:00,4168.578,4142.879208348436,1,lag_168h,4118.2525000000005,208.6035809511631,208.6035809511631,+
IE_20260824_1100,IE,Ireland,LightGBM,24,2026-08-24 11:00:00+00:00,2026-08-25 11:00:00+00:00,4168.578,4142.879208348436,2,dow_cos,1.0,106.67228963225965,106.67228963225965,+
IE_20260824_1100,IE,Ireland,LightGBM,24,2026-08-24 11:00:00+00:00,2026-08-25 11:00:00+00:00,4168.578,4142.879208348436,3,lag_1h,3824.772,82.0856751361957,82.0856751361957,+
IE_20260824_1100,IE,Ireland,LightGBM,24,2026-08-24 11:00:00+00:00,2026-08-25 11:00:00+00:00,4168.578,4142.879208348436,4,hour_cos,-1.0,61.84058114528678,61.84058114528678,+
IE_20260824_1100,IE,Ireland,LightGBM,24,2026-08-24 11:00:00+00:00,2026-08-25 11:00:00+00:00,4168.578,4142.879208348436,5,dayofweek,0.0,61.575892874297224,61.575892874297224,+
IE_20260824_1100,IE,Ireland,LightGBM,24,2026-08-24 11:00:00+00:00,2026-08-25 11:00:00+00:00,4168.578,4142.879208348436,6,lag_48h,3739.161,53.126835124191444,53.126835124191444,+
IE_20260824_1100,IE,Ireland,LightGBM,24,2026-08-24 11:00:00+00:00,2026-08-25 11:00:00+00:00,4168.578,4142.879208348436,7,rolling_min_24h,3168.8375,34.51465274460904,34.51465274460904,+
IE_20260824_1100,IE,Ireland,LightGBM,24,2026-08-24 11:00:00+00:00,2026-08-25 11:00:00+00:00,4168.578,4142.879208348436,8,dow_sin,0.0,19.692590317431417,19.692590317431417,+
IE_20260824_1100,IE,Ireland,LightGBM,24,2026-08-24 11:00:00+00:00,2026-08-25 11:00:00+00:00,4168.578,4142.879208348436,9,hour,12.0,17.120540400806668,17.120540400806668,+
IE_20260824_1100,IE,Ireland,LightGBM,24,2026-08-24 11:00:00+00:00,2026-08-25 11:00:00+00:00,4168.578,4142.879208348436,10,month_cos,-0.5000000000000004,-12.445872768540765,12.445872768540765,-
IE_20260824_1100,IE,Ireland,XGBoost,24,2026-08-24 11:00:00+00:00,2026-08-25 11:00:00+00:00,4168.578,4105.44970703125,1,lag_168h,4118.2525000000005,204.46597290039062,204.46597290039062,+
IE_20260824_1100,IE,Ireland,XGBoost,24,2026-08-24 11:00:00+00:00,2026-08-25 11:00:00+00:00,4168.578,4105.44970703125,2,dayofweek,0.0,98.10902404785156,98.10902404785156,+
IE_20260824_1100,IE,Ireland,XGBoost,24,2026-08-24 11:00:00+00:00,2026-08-25 11:00:00+00:00,4168.578,4105.44970703125,3,dow_cos,1.0,89.39871978759766,89.39871978759766,+
IE_20260824_1100,IE,Ireland,XGBoost,24,2026-08-24 11:00:00+00:00,2026-08-25 11:00:00+00:00,4168.578,4105.44970703125,4,lag_1h,3824.772,78.89482879638672,78.89482879638672,+
IE_20260824_1100,IE,Ireland,XGBoost,24,2026-08-24 11:00:00+00:00,2026-08-25 11:00:00+00:00,4168.578,4105.44970703125,5,hour_cos,-1.0,57.6357421875,57.6357421875,+
IE_20260824_1100,IE,Ireland,XGBoost,24,2026-08-24 11:00:00+00:00,2026-08-25 11:00:00+00:00,4168.578,4105.44970703125,6,lag_48h,3739.161,45.714359283447266,45.714359283447266,+
IE_20260824_1100,IE,Ireland,XGBoost,24,2026-08-24 11:00:00+00:00,2026-08-25 11:00:00+00:00,4168.578,4105.44970703125,7,rolling_min_24h,3168.8375,36.486419677734375,36.486419677734375,+
IE_20260824_1100,IE,Ireland,XGBoost,24,2026-08-24 11:00:00+00:00,2026-08-25 11:00:00+00:00,4168.578,4105.44970703125,8,hour,12.0,18.463817596435547,18.463817596435547,+
IE_20260824_1100,IE,Ireland,XGBoost,24,2026-08-24 11:00:00+00:00,2026-08-25 11:00:00+00:00,4168.578,4105.44970703125,9,lag_24h,3623.8175,16.727956771850586,16.727956771850586,+
IE_20260824_1100,IE,Ireland,XGBoost,24,2026-08-24 11:00:00+00:00,2026-08-25 11:00:00+00:00,4168.578,4105.44970703125,10,total_gen_mw_lag1h,1328.3395,-15.580244064331055,15.580244064331055,-
IE_20260824_1200,IE,Ireland,LightGBM,24,2026-08-24 12:00:00+00:00,2026-08-25 12:00:00+00:00,4207.679,4067.5791077850135,1,lag_168h,4046.582,188.88670386305145,188.88670386305145,+
IE_20260824_1200,IE,Ireland,LightGBM,24,2026-08-24 12:00:00+00:00,2026-08-25 12:00:00+00:00,4207.679,4067.5791077850135,2,dow_cos,1.0,110.32822935953459,110.32822935953459,+
IE_20260824_1200,IE,Ireland,LightGBM,24,2026-08-24 12:00:00+00:00,2026-08-25 12:00:00+00:00,4207.679,4067.5791077850135,3,hour_cos,-0.9659258262890684,65.02346816080805,65.02346816080805,+
IE_20260824_1200,IE,Ireland,LightGBM,24,2026-08-24 12:00:00+00:00,2026-08-25 12:00:00+00:00,4207.679,4067.5791077850135,4,dayofweek,0.0,60.836281664573406,60.836281664573406,+
IE_20260824_1200,IE,Ireland,LightGBM,24,2026-08-24 12:00:00+00:00,2026-08-25 12:00:00+00:00,4207.679,4067.5791077850135,5,lag_1h,3757.1655,56.55230369280392,56.55230369280392,+
IE_20260824_1200,IE,Ireland,LightGBM,24,2026-08-24 12:00:00+00:00,2026-08-25 12:00:00+00:00,4207.679,4067.5791077850135,6,lag_48h,3644.546,40.42443075457514,40.42443075457514,+
IE_20260824_1200,IE,Ireland,LightGBM,24,2026-08-24 12:00:00+00:00,2026-08-25 12:00:00+00:00,4207.679,4067.5791077850135,7,rolling_min_24h,3168.8375,30.22523789667541,30.22523789667541,+
IE_20260824_1200,IE,Ireland,LightGBM,24,2026-08-24 12:00:00+00:00,2026-08-25 12:00:00+00:00,4207.679,4067.5791077850135,8,dow_sin,0.0,19.468291846117737,19.468291846117737,+
IE_20260824_1200,IE,Ireland,LightGBM,24,2026-08-24 12:00:00+00:00,2026-08-25 12:00:00+00:00,4207.679,4067.5791077850135,9,hour,13.0,14.42824410327252,14.42824410327252,+
IE_20260824_1200,IE,Ireland,LightGBM,24,2026-08-24 12:00:00+00:00,2026-08-25 12:00:00+00:00,4207.679,4067.5791077850135,10,month_cos,-0.5000000000000004,-12.491763290410782,12.491763290410782,-
IE_20260824_1200,IE,Ireland,XGBoost,24,2026-08-24 12:00:00+00:00,2026-08-25 12:00:00+00:00,4207.679,4038.218994140625,1,lag_168h,4046.582,174.43826293945312,174.43826293945312,+
IE_20260824_1200,IE,Ireland,XGBoost,24,2026-08-24 12:00:00+00:00,2026-08-25 12:00:00+00:00,4207.679,4038.218994140625,2,dayofweek,0.0,101.897705078125,101.897705078125,+
IE_20260824_1200,IE,Ireland,XGBoost,24,2026-08-24 12:00:00+00:00,2026-08-25 12:00:00+00:00,4207.679,4038.218994140625,3,dow_cos,1.0,96.42093658447266,96.42093658447266,+
IE_20260824_1200,IE,Ireland,XGBoost,24,2026-08-24 12:00:00+00:00,2026-08-25 12:00:00+00:00,4207.679,4038.218994140625,4,hour_cos,-0.9659258262890684,59.4134635925293,59.4134635925293,+
IE_20260824_1200,IE,Ireland,XGBoost,24,2026-08-24 12:00:00+00:00,2026-08-25 12:00:00+00:00,4207.679,4038.218994140625,5,lag_1h,3757.1655,55.04579544067383,55.04579544067383,+
IE_20260824_1200,IE,Ireland,XGBoost,24,2026-08-24 12:00:00+00:00,2026-08-25 12:00:00+00:00,4207.679,4038.218994140625,6,lag_48h,3644.546,39.649532318115234,39.649532318115234,+
IE_20260824_1200,IE,Ireland,XGBoost,24,2026-08-24 12:00:00+00:00,2026-08-25 12:00:00+00:00,4207.679,4038.218994140625,7,rolling_min_24h,3168.8375,33.18889617919922,33.18889617919922,+
IE_20260824_1200,IE,Ireland,XGBoost,24,2026-08-24 12:00:00+00:00,2026-08-25 12:00:00+00:00,4207.679,4038.218994140625,8,hour,13.0,15.79598617553711,15.79598617553711,+
IE_20260824_1200,IE,Ireland,XGBoost,24,2026-08-24 12:00:00+00:00,2026-08-25 12:00:00+00:00,4207.679,4038.218994140625,9,total_gen_mw_lag1h,1319.4535,-15.784790992736816,15.784790992736816,-
IE_20260824_1200,IE,Ireland,XGBoost,24,2026-08-24 12:00:00+00:00,2026-08-25 12:00:00+00:00,4207.679,4038.218994140625,10,hour_sin,-0.2588190451025208,-13.477679252624512,13.477679252624512,-
IE_20260824_1300,IE,Ireland,LightGBM,24,2026-08-24 13:00:00+00:00,2026-08-25 13:00:00+00:00,4215.1255,3998.283570017307,1,lag_168h,4007.676,158.77846986178005,158.77846986178005,+
IE_20260824_1300,IE,Ireland,LightGBM,24,2026-08-24 13:00:00+00:00,2026-08-25 13:00:00+00:00,4215.1255,3998.283570017307,2,dow_cos,1.0,113.26657071241469,113.26657071241469,+
IE_20260824_1300,IE,Ireland,LightGBM,24,2026-08-24 13:00:00+00:00,2026-08-25 13:00:00+00:00,4215.1255,3998.283570017307,3,dayofweek,0.0,63.03928970492023,63.03928970492023,+
IE_20260824_1300,IE,Ireland,LightGBM,24,2026-08-24 13:00:00+00:00,2026-08-25 13:00:00+00:00,4215.1255,3998.283570017307,4,hour_cos,-0.8660254037844388,62.57969191578269,62.57969191578269,+
IE_20260824_1300,IE,Ireland,LightGBM,24,2026-08-24 13:00:00+00:00,2026-08-25 13:00:00+00:00,4215.1255,3998.283570017307,5,lag_1h,3751.353,55.85355907828578,55.85355907828578,+
IE_20260824_1300,IE,Ireland,LightGBM,24,2026-08-24 13:00:00+00:00,2026-08-25 13:00:00+00:00,4215.1255,3998.283570017307,6,rolling_min_24h,3168.8375,29.58264600515351,29.58264600515351,+
IE_20260824_1300,IE,Ireland,LightGBM,24,2026-08-24 13:00:00+00:00,2026-08-25 13:00:00+00:00,4215.1255,3998.283570017307,7,lag_48h,3521.154,22.96309073638503,22.96309073638503,+
IE_20260824_1300,IE,Ireland,LightGBM,24,2026-08-24 13:00:00+00:00,2026-08-25 13:00:00+00:00,4215.1255,3998.283570017307,8,dow_sin,0.0,19.263210092201746,19.263210092201746,+
IE_20260824_1300,IE,Ireland,LightGBM,24,2026-08-24 13:00:00+00:00,2026-08-25 13:00:00+00:00,4215.1255,3998.283570017307,9,hour_sin,-0.4999999999999997,-14.716644923918789,14.716644923918789,-
IE_20260824_1300,IE,Ireland,LightGBM,24,2026-08-24 13:00:00+00:00,2026-08-25 13:00:00+00:00,4215.1255,3998.283570017307,10,rolling_mean_168h,3789.1049255952375,12.843159254045318,12.843159254045318,+
IE_20260824_1300,IE,Ireland,XGBoost,24,2026-08-24 13:00:00+00:00,2026-08-25 13:00:00+00:00,4215.1255,3990.130859375,1,lag_168h,4007.676,149.38674926757812,149.38674926757812,+
IE_20260824_1300,IE,Ireland,XGBoost,24,2026-08-24 13:00:00+00:00,2026-08-25 13:00:00+00:00,4215.1255,3990.130859375,2,dayofweek,0.0,100.42638397216797,100.42638397216797,+
IE_20260824_1300,IE,Ireland,XGBoost,24,2026-08-24 13:00:00+00:00,2026-08-25 13:00:00+00:00,4215.1255,3990.130859375,3,dow_cos,1.0,91.66290283203125,91.66290283203125,+
IE_20260824_1300,IE,Ireland,XGBoost,24,2026-08-24 13:00:00+00:00,2026-08-25 13:00:00+00:00,4215.1255,3990.130859375,4,hour_cos,-0.8660254037844388,60.11919403076172,60.11919403076172,+
IE_20260824_1300,IE,Ireland,XGBoost,24,2026-08-24 13:00:00+00:00,2026-08-25 13:00:00+00:00,4215.1255,3990.130859375,5,lag_1h,3751.353,56.97764587402344,56.97764587402344,+
IE_20260824_1300,IE,Ireland,XGBoost,24,2026-08-24 13:00:00+00:00,2026-08-25 13:00:00+00:00,4215.1255,3990.130859375,6,rolling_min_24h,3168.8375,38.47706985473633,38.47706985473633,+
IE_20260824_1300,IE,Ireland,XGBoost,24,2026-08-24 13:00:00+00:00,2026-08-25 13:00:00+00:00,4215.1255,3990.130859375,7,lag_48h,3521.154,28.900503158569336,28.900503158569336,+
IE_20260824_1300,IE,Ireland,XGBoost,24,2026-08-24 13:00:00+00:00,2026-08-25 13:00:00+00:00,4215.1255,3990.130859375,8,hour_sin,-0.4999999999999997,-15.131685256958008,15.131685256958008,-
IE_20260824_1300,IE,Ireland,XGBoost,24,2026-08-24 13:00:00+00:00,2026-08-25 13:00:00+00:00,4215.1255,3990.130859375,9,total_gen_mw_lag1h,1338.3925000000002,-14.036279678344727,14.036279678344727,-
IE_20260824_1300,IE,Ireland,XGBoost,24,2026-08-24 13:00:00+00:00,2026-08-25 13:00:00+00:00,4215.1255,3990.130859375,10,month_cos,-0.5000000000000004,-12.87221908569336,12.87221908569336,-
IE_20260824_1400,IE,Ireland,LightGBM,24,2026-08-24 14:00:00+00:00,2026-08-25 14:00:00+00:00,4316.0225,4069.0244922085362,1,lag_168h,4120.189,217.48637239838192,217.48637239838192,+
IE_20260824_1400,IE,Ireland,LightGBM,24,2026-08-24 14:00:00+00:00,2026-08-25 14:00:00+00:00,4316.0225,4069.0244922085362,2,dow_cos,1.0,113.9305458507179,113.9305458507179,+
IE_20260824_1400,IE,Ireland,LightGBM,24,2026-08-24 14:00:00+00:00,2026-08-25 14:00:00+00:00,4316.0225,4069.0244922085362,3,dayofweek,0.0,62.84072299282598,62.84072299282598,+
IE_20260824_1400,IE,Ireland,LightGBM,24,2026-08-24 14:00:00+00:00,2026-08-25 14:00:00+00:00,4316.0225,4069.0244922085362,4,hour_cos,-0.7071067811865479,61.90764010062957,61.90764010062957,+
IE_20260824_1400,IE,Ireland,LightGBM,24,2026-08-24 14:00:00+00:00,2026-08-25 14:00:00+00:00,4316.0225,4069.0244922085362,5,lag_1h,3734.458,50.9019309408607,50.9019309408607,+
IE_20260824_1400,IE,Ireland,LightGBM,24,2026-08-24 14:00:00+00:00,2026-08-25 14:00:00+00:00,4316.0225,4069.0244922085362,6,rolling_min_24h,3168.8375,35.63360286887155,35.63360286887155,+
IE_20260824_1400,IE,Ireland,LightGBM,24,2026-08-24 14:00:00+00:00,2026-08-25 14:00:00+00:00,4316.0225,4069.0244922085362,7,lag_48h,3502.4700000000003,20.983526739435828,20.983526739435828,+
IE_20260824_1400,IE,Ireland,LightGBM,24,2026-08-24 14:00:00+00:00,2026-08-25 14:00:00+00:00,4316.0225,4069.0244922085362,8,dow_sin,0.0,18.57327333413589,18.57327333413589,+
IE_20260824_1400,IE,Ireland,LightGBM,24,2026-08-24 14:00:00+00:00,2026-08-25 14:00:00+00:00,4316.0225,4069.0244922085362,9,month_cos,-0.5000000000000004,-12.331245150531972,12.331245150531972,-
IE_20260824_1400,IE,Ireland,LightGBM,24,2026-08-24 14:00:00+00:00,2026-08-25 14:00:00+00:00,4316.0225,4069.0244922085362,10,year,2026.0,11.605362462163026,11.605362462163026,+
IE_20260824_1400,IE,Ireland,XGBoost,24,2026-08-24 14:00:00+00:00,2026-08-25 14:00:00+00:00,4316.0225,4061.821044921875,1,lag_168h,4120.189,212.1827850341797,212.1827850341797,+
IE_20260824_1400,IE,Ireland,XGBoost,24,2026-08-24 14:00:00+00:00,2026-08-25 14:00:00+00:00,4316.0225,4061.821044921875,2,dow_cos,1.0,100.8853530883789,100.8853530883789,+
IE_20260824_1400,IE,Ireland,XGBoost,24,2026-08-24 14:00:00+00:00,2026-08-25 14:00:00+00:00,4316.0225,4061.821044921875,3,dayofweek,0.0,98.67207336425781,98.67207336425781,+
IE_20260824_1400,IE,Ireland,XGBoost,24,2026-08-24 14:00:00+00:00,2026-08-25 14:00:00+00:00,4316.0225,4061.821044921875,4,hour_cos,-0.7071067811865479,60.808937072753906,60.808937072753906,+
IE_20260824_1400,IE,Ireland,XGBoost,24,2026-08-24 14:00:00+00:00,2026-08-25 14:00:00+00:00,4316.0225,4061.821044921875,5,lag_1h,3734.458,54.624420166015625,54.624420166015625,+
IE_20260824_1400,IE,Ireland,XGBoost,24,2026-08-24 14:00:00+00:00,2026-08-25 14:00:00+00:00,4316.0225,4061.821044921875,6,rolling_min_24h,3168.8375,38.849403381347656,38.849403381347656,+
IE_20260824_1400,IE,Ireland,XGBoost,24,2026-08-24 14:00:00+00:00,2026-08-25 14:00:00+00:00,4316.0225,4061.821044921875,7,lag_48h,3502.4700000000003,27.620677947998047,27.620677947998047,+
IE_20260824_1400,IE,Ireland,XGBoost,24,2026-08-24 14:00:00+00:00,2026-08-25 14:00:00+00:00,4316.0225,4061.821044921875,8,total_gen_mw_lag1h,1330.4905,-14.98861312866211,14.98861312866211,-
IE_20260824_1400,IE,Ireland,XGBoost,24,2026-08-24 14:00:00+00:00,2026-08-25 14:00:00+00:00,4316.0225,4061.821044921875,9,month_cos,-0.5000000000000004,-12.732044219970703,12.732044219970703,-
IE_20260824_1400,IE,Ireland,XGBoost,24,2026-08-24 14:00:00+00:00,2026-08-25 14:00:00+00:00,4316.0225,4061.821044921875,10,hour,15.0,12.563440322875977,12.563440322875977,+
IE_20260824_1500,IE,Ireland,LightGBM,24,2026-08-24 15:00:00+00:00,2026-08-25 15:00:00+00:00,4470.0025000000005,4145.093642945479,1,lag_168h,4230.0665,236.4767099877706,236.4767099877706,+
IE_20260824_1500,IE,Ireland,LightGBM,24,2026-08-24 15:00:00+00:00,2026-08-25 15:00:00+00:00,4470.0025000000005,4145.093642945479,2,dow_cos,1.0,117.82726167408708,117.82726167408708,+
IE_20260824_1500,IE,Ireland,LightGBM,24,2026-08-24 15:00:00+00:00,2026-08-25 15:00:00+00:00,4470.0025000000005,4145.093642945479,3,hour_cos,-0.5000000000000004,71.39692990910154,71.39692990910154,+
IE_20260824_1500,IE,Ireland,LightGBM,24,2026-08-24 15:00:00+00:00,2026-08-25 15:00:00+00:00,4470.0025000000005,4145.093642945479,4,dayofweek,0.0,67.45608128736842,67.45608128736842,+
IE_20260824_1500,IE,Ireland,LightGBM,24,2026-08-24 15:00:00+00:00,2026-08-25 15:00:00+00:00,4470.0025000000005,4145.093642945479,5,lag_1h,3759.8685,63.5290007419636,63.5290007419636,+
IE_20260824_1500,IE,Ireland,LightGBM,24,2026-08-24 15:00:00+00:00,2026-08-25 15:00:00+00:00,4470.0025000000005,4145.093642945479,6,rolling_min_24h,3168.8375,32.94704388550935,32.94704388550935,+
IE_20260824_1500,IE,Ireland,LightGBM,24,2026-08-24 15:00:00+00:00,2026-08-25 15:00:00+00:00,4470.0025000000005,4145.093642945479,7,lag_48h,3570.4945,29.56437545330865,29.56437545330865,+
IE_20260824_1500,IE,Ireland,LightGBM,24,2026-08-24 15:00:00+00:00,2026-08-25 15:00:00+00:00,4470.0025000000005,4145.093642945479,8,dow_sin,0.0,19.449657052063177,19.449657052063177,+
IE_20260824_1500,IE,Ireland,LightGBM,24,2026-08-24 15:00:00+00:00,2026-08-25 15:00:00+00:00,4470.0025000000005,4145.093642945479,9,month_cos,-0.5000000000000004,-18.293559982103954,18.293559982103954,-
IE_20260824_1500,IE,Ireland,LightGBM,24,2026-08-24 15:00:00+00:00,2026-08-25 15:00:00+00:00,4470.0025000000005,4145.093642945479,10,hour_sin,-0.8660254037844384,11.55540324013673,11.55540324013673,+
IE_20260824_1500,IE,Ireland,XGBoost,24,2026-08-24 15:00:00+00:00,2026-08-25 15:00:00+00:00,4470.0025000000005,4139.76171875,1,lag_168h,4230.0665,222.1751251220703,222.1751251220703,+
IE_20260824_1500,IE,Ireland,XGBoost,24,2026-08-24 15:00:00+00:00,2026-08-25 15:00:00+00:00,4470.0025000000005,4139.76171875,2,dayofweek,0.0,104.77922058105469,104.77922058105469,+
IE_20260824_1500,IE,Ireland,XGBoost,24,2026-08-24 15:00:00+00:00,2026-08-25 15:00:00+00:00,4470.0025000000005,4139.76171875,3,dow_cos,1.0,102.62975311279297,102.62975311279297,+
IE_20260824_1500,IE,Ireland,XGBoost,24,2026-08-24 15:00:00+00:00,2026-08-25 15:00:00+00:00,4470.0025000000005,4139.76171875,4,hour_cos,-0.5000000000000004,67.6466064453125,67.6466064453125,+
IE_20260824_1500,IE,Ireland,XGBoost,24,2026-08-24 15:00:00+00:00,2026-08-25 15:00:00+00:00,4470.0025000000005,4139.76171875,5,lag_1h,3759.8685,61.69303894042969,61.69303894042969,+
IE_20260824_1500,IE,Ireland,XGBoost,24,2026-08-24 15:00:00+00:00,2026-08-25 15:00:00+00:00,4470.0025000000005,4139.76171875,6,rolling_min_24h,3168.8375,42.78017044067383,42.78017044067383,+
IE_20260824_1500,IE,Ireland,XGBoost,24,2026-08-24 15:00:00+00:00,2026-08-25 15:00:00+00:00,4470.0025000000005,4139.76171875,7,lag_48h,3570.4945,38.999778747558594,38.999778747558594,+
IE_20260824_1500,IE,Ireland,XGBoost,24,2026-08-24 15:00:00+00:00,2026-08-25 15:00:00+00:00,4470.0025000000005,4139.76171875,8,month_cos,-0.5000000000000004,-20.14194107055664,20.14194107055664,-
IE_20260824_1500,IE,Ireland,XGBoost,24,2026-08-24 15:00:00+00:00,2026-08-25 15:00:00+00:00,4470.0025000000005,4139.76171875,9,hour,16.0,15.765192031860352,15.765192031860352,+
IE_20260824_1500,IE,Ireland,XGBoost,24,2026-08-24 15:00:00+00:00,2026-08-25 15:00:00+00:00,4470.0025000000005,4139.76171875,10,total_gen_mw_lag1h,1255.9009999999998,-15.5193510055542,15.5193510055542,-
IE_20260824_1600,IE,Ireland,LightGBM,24,2026-08-24 16:00:00+00:00,2026-08-25 16:00:00+00:00,4639.613,4219.3295936083705,1,lag_168h,4382.9895,254.86953816058792,254.86953816058792,+
IE_20260824_1600,IE,Ireland,LightGBM,24,2026-08-24 16:00:00+00:00,2026-08-25 16:00:00+00:00,4639.613,4219.3295936083705,2,dow_cos,1.0,114.6053083400261,114.6053083400261,+
IE_20260824_1600,IE,Ireland,LightGBM,24,2026-08-24 16:00:00+00:00,2026-08-25 16:00:00+00:00,4639.613,4219.3295936083705,3,lag_1h,3889.528,93.01399371033905,93.01399371033905,+
IE_20260824_1600,IE,Ireland,LightGBM,24,2026-08-24 16:00:00+00:00,2026-08-25 16:00:00+00:00,4639.613,4219.3295936083705,4,hour_cos,-0.2588190451025206,68.4641103036086,68.4641103036086,+
IE_20260824_1600,IE,Ireland,LightGBM,24,2026-08-24 16:00:00+00:00,2026-08-25 16:00:00+00:00,4639.613,4219.3295936083705,5,dayofweek,0.0,62.04804148417779,62.04804148417779,+
IE_20260824_1600,IE,Ireland,LightGBM,24,2026-08-24 16:00:00+00:00,2026-08-25 16:00:00+00:00,4639.613,4219.3295936083705,6,lag_48h,3746.3355,49.354672605970855,49.354672605970855,+
IE_20260824_1600,IE,Ireland,LightGBM,24,2026-08-24 16:00:00+00:00,2026-08-25 16:00:00+00:00,4639.613,4219.3295936083705,7,hour_sin,-0.9659258262890684,26.700224027670327,26.700224027670327,+
IE_20260824_1600,IE,Ireland,LightGBM,24,2026-08-24 16:00:00+00:00,2026-08-25 16:00:00+00:00,4639.613,4219.3295936083705,8,hour,17.0,25.805638021899963,25.805638021899963,+
IE_20260824_1600,IE,Ireland,LightGBM,24,2026-08-24 16:00:00+00:00,2026-08-25 16:00:00+00:00,4639.613,4219.3295936083705,9,rolling_min_24h,3168.8375,24.19826057683682,24.19826057683682,+
IE_20260824_1600,IE,Ireland,LightGBM,24,2026-08-24 16:00:00+00:00,2026-08-25 16:00:00+00:00,4639.613,4219.3295936083705,10,month_cos,-0.5000000000000004,-23.753468420698773,23.753468420698773,-
IE_20260824_1600,IE,Ireland,XGBoost,24,2026-08-24 16:00:00+00:00,2026-08-25 16:00:00+00:00,4639.613,4189.72607421875,1,lag_168h,4382.9895,244.958984375,244.958984375,+
IE_20260824_1600,IE,Ireland,XGBoost,24,2026-08-24 16:00:00+00:00,2026-08-25 16:00:00+00:00,4639.613,4189.72607421875,2,dow_cos,1.0,96.56929016113281,96.56929016113281,+
IE_20260824_1600,IE,Ireland,XGBoost,24,2026-08-24 16:00:00+00:00,2026-08-25 16:00:00+00:00,4639.613,4189.72607421875,3,dayofweek,0.0,93.10980224609375,93.10980224609375,+
IE_20260824_1600,IE,Ireland,XGBoost,24,2026-08-24 16:00:00+00:00,2026-08-25 16:00:00+00:00,4639.613,4189.72607421875,4,lag_1h,3889.528,86.35315704345703,86.35315704345703,+
IE_20260824_1600,IE,Ireland,XGBoost,24,2026-08-24 16:00:00+00:00,2026-08-25 16:00:00+00:00,4639.613,4189.72607421875,5,hour_cos,-0.2588190451025206,59.297508239746094,59.297508239746094,+
IE_20260824_1600,IE,Ireland,XGBoost,24,2026-08-24 16:00:00+00:00,2026-08-25 16:00:00+00:00,4639.613,4189.72607421875,6,lag_48h,3746.3355,48.76999282836914,48.76999282836914,+
IE_20260824_1600,IE,Ireland,XGBoost,24,2026-08-24 16:00:00+00:00,2026-08-25 16:00:00+00:00,4639.613,4189.72607421875,7,hour_sin,-0.9659258262890684,30.452730178833008,30.452730178833008,+
IE_20260824_1600,IE,Ireland,XGBoost,24,2026-08-24 16:00:00+00:00,2026-08-25 16:00:00+00:00,4639.613,4189.72607421875,8,month_cos,-0.5000000000000004,-30.251079559326172,30.251079559326172,-
IE_20260824_1600,IE,Ireland,XGBoost,24,2026-08-24 16:00:00+00:00,2026-08-25 16:00:00+00:00,4639.613,4189.72607421875,9,rolling_min_24h,3168.8375,28.674951553344727,28.674951553344727,+
IE_20260824_1600,IE,Ireland,XGBoost,24,2026-08-24 16:00:00+00:00,2026-08-25 16:00:00+00:00,4639.613,4189.72607421875,10,hour,17.0,27.98802947998047,27.98802947998047,+
IE_20260824_1700,IE,Ireland,LightGBM,24,2026-08-24 17:00:00+00:00,2026-08-25 17:00:00+00:00,4670.7585,4348.442592844419,1,lag_168h,4429.1075,285.0472065188139,285.0472065188139,+
IE_20260824_1700,IE,Ireland,LightGBM,24,2026-08-24 17:00:00+00:00,2026-08-25 17:00:00+00:00,4670.7585,4348.442592844419,2,lag_1h,4173.7265,248.13324308210798,248.13324308210798,+
IE_20260824_1700,IE,Ireland,LightGBM,24,2026-08-24 17:00:00+00:00,2026-08-25 17:00:00+00:00,4670.7585,4348.442592844419,3,dow_cos,1.0,96.60333907414405,96.60333907414405,+
IE_20260824_1700,IE,Ireland,LightGBM,24,2026-08-24 17:00:00+00:00,2026-08-25 17:00:00+00:00,4670.7585,4348.442592844419,4,hour_cos,-1.8369701987210292e-16,55.99639398970774,55.99639398970774,+
IE_20260824_1700,IE,Ireland,LightGBM,24,2026-08-24 17:00:00+00:00,2026-08-25 17:00:00+00:00,4670.7585,4348.442592844419,5,dayofweek,0.0,52.11486277362341,52.11486277362341,+
IE_20260824_1700,IE,Ireland,LightGBM,24,2026-08-24 17:00:00+00:00,2026-08-25 17:00:00+00:00,4670.7585,4348.442592844419,6,lag_48h,3746.3355,46.02970463140154,46.02970463140154,+
IE_20260824_1700,IE,Ireland,LightGBM,24,2026-08-24 17:00:00+00:00,2026-08-25 17:00:00+00:00,4670.7585,4348.442592844419,7,hour_sin,-1.0,30.36827623525087,30.36827623525087,+
IE_20260824_1700,IE,Ireland,LightGBM,24,2026-08-24 17:00:00+00:00,2026-08-25 17:00:00+00:00,4670.7585,4348.442592844419,8,month_cos,-0.5000000000000004,-23.802945660073966,23.802945660073966,-
IE_20260824_1700,IE,Ireland,LightGBM,24,2026-08-24 17:00:00+00:00,2026-08-25 17:00:00+00:00,4670.7585,4348.442592844419,9,rolling_min_24h,3168.8375,18.815977576481583,18.815977576481583,+
IE_20260824_1700,IE,Ireland,LightGBM,24,2026-08-24 17:00:00+00:00,2026-08-25 17:00:00+00:00,4670.7585,4348.442592844419,10,lag_24h,3790.771,16.788060574967513,16.788060574967513,+
IE_20260824_1700,IE,Ireland,XGBoost,24,2026-08-24 17:00:00+00:00,2026-08-25 17:00:00+00:00,4670.7585,4334.13427734375,1,lag_168h,4429.1075,273.84857177734375,273.84857177734375,+
IE_20260824_1700,IE,Ireland,XGBoost,24,2026-08-24 17:00:00+00:00,2026-08-25 17:00:00+00:00,4670.7585,4334.13427734375,2,lag_1h,4173.7265,246.96591186523438,246.96591186523438,+
IE_20260824_1700,IE,Ireland,XGBoost,24,2026-08-24 17:00:00+00:00,2026-08-25 17:00:00+00:00,4670.7585,4334.13427734375,3,dayofweek,0.0,86.18982696533203,86.18982696533203,+
IE_20260824_1700,IE,Ireland,XGBoost,24,2026-08-24 17:00:00+00:00,2026-08-25 17:00:00+00:00,4670.7585,4334.13427734375,4,dow_cos,1.0,78.77154541015625,78.77154541015625,+
IE_20260824_1700,IE,Ireland,XGBoost,24,2026-08-24 17:00:00+00:00,2026-08-25 17:00:00+00:00,4670.7585,4334.13427734375,5,lag_48h,3746.3355,49.72819137573242,49.72819137573242,+
IE_20260824_1700,IE,Ireland,XGBoost,24,2026-08-24 17:00:00+00:00,2026-08-25 17:00:00+00:00,4670.7585,4334.13427734375,6,hour_cos,-1.8369701987210292e-16,39.722877502441406,39.722877502441406,+
IE_20260824_1700,IE,Ireland,XGBoost,24,2026-08-24 17:00:00+00:00,2026-08-25 17:00:00+00:00,4670.7585,4334.13427734375,7,month_cos,-0.5000000000000004,-28.727476119995117,28.727476119995117,-
IE_20260824_1700,IE,Ireland,XGBoost,24,2026-08-24 17:00:00+00:00,2026-08-25 17:00:00+00:00,4670.7585,4334.13427734375,8,lag_24h,3790.771,26.43204116821289,26.43204116821289,+
IE_20260824_1700,IE,Ireland,XGBoost,24,2026-08-24 17:00:00+00:00,2026-08-25 17:00:00+00:00,4670.7585,4334.13427734375,9,hour_sin,-1.0,25.0690975189209,25.0690975189209,+
IE_20260824_1700,IE,Ireland,XGBoost,24,2026-08-24 17:00:00+00:00,2026-08-25 17:00:00+00:00,4670.7585,4334.13427734375,10,rolling_min_24h,3168.8375,22.47001075744629,22.47001075744629,+
IE_20260824_1800,IE,Ireland,LightGBM,24,2026-08-24 18:00:00+00:00,2026-08-25 18:00:00+00:00,4594.443499999999,4272.515822954494,1,lag_168h,4429.1075,272.26408826552637,272.26408826552637,+
IE_20260824_1800,IE,Ireland,LightGBM,24,2026-08-24 18:00:00+00:00,2026-08-25 18:00:00+00:00,4594.443499999999,4272.515822954494,2,lag_1h,4173.7265,251.77250277137847,251.77250277137847,+
IE_20260824_1800,IE,Ireland,LightGBM,24,2026-08-24 18:00:00+00:00,2026-08-25 18:00:00+00:00,4594.443499999999,4272.515822954494,3,dow_cos,1.0,93.98169124689599,93.98169124689599,+
IE_20260824_1800,IE,Ireland,LightGBM,24,2026-08-24 18:00:00+00:00,2026-08-25 18:00:00+00:00,4594.443499999999,4272.515822954494,4,lag_48h,3971.7995,73.6715409638701,73.6715409638701,+
IE_20260824_1800,IE,Ireland,LightGBM,24,2026-08-24 18:00:00+00:00,2026-08-25 18:00:00+00:00,4594.443499999999,4272.515822954494,5,dayofweek,0.0,44.534815633444865,44.534815633444865,+
IE_20260824_1800,IE,Ireland,LightGBM,24,2026-08-24 18:00:00+00:00,2026-08-25 18:00:00+00:00,4594.443499999999,4272.515822954494,6,hour_sin,-0.9659258262890684,28.040048309082678,28.040048309082678,+
IE_20260824_1800,IE,Ireland,LightGBM,24,2026-08-24 18:00:00+00:00,2026-08-25 18:00:00+00:00,4594.443499999999,4272.515822954494,7,lag_24h,3931.2555,22.993095275873078,22.993095275873078,+
IE_20260824_1800,IE,Ireland,LightGBM,24,2026-08-24 18:00:00+00:00,2026-08-25 18:00:00+00:00,4594.443499999999,4272.515822954494,8,month_cos,-0.5000000000000004,-21.539706102910994,21.539706102910994,-
IE_20260824_1800,IE,Ireland,LightGBM,24,2026-08-24 18:00:00+00:00,2026-08-25 18:00:00+00:00,4594.443499999999,4272.515822954494,9,dow_sin,0.0,13.745531438882217,13.745531438882217,+
IE_20260824_1800,IE,Ireland,LightGBM,24,2026-08-24 18:00:00+00:00,2026-08-25 18:00:00+00:00,4594.443499999999,4272.515822954494,10,year,2026.0,9.307541838068271,9.307541838068271,+
IE_20260824_1800,IE,Ireland,XGBoost,24,2026-08-24 18:00:00+00:00,2026-08-25 18:00:00+00:00,4594.443499999999,4273.59814453125,1,lag_168h,4429.1075,263.2980041503906,263.2980041503906,+
IE_20260824_1800,IE,Ireland,XGBoost,24,2026-08-24 18:00:00+00:00,2026-08-25 18:00:00+00:00,4594.443499999999,4273.59814453125,2,lag_1h,4173.7265,253.81849670410156,253.81849670410156,+
IE_20260824_1800,IE,Ireland,XGBoost,24,2026-08-24 18:00:00+00:00,2026-08-25 18:00:00+00:00,4594.443499999999,4273.59814453125,3,lag_48h,3971.7995,81.59687042236328,81.59687042236328,+
IE_20260824_1800,IE,Ireland,XGBoost,24,2026-08-24 18:00:00+00:00,2026-08-25 18:00:00+00:00,4594.443499999999,4273.59814453125,4,dow_cos,1.0,77.35628509521484,77.35628509521484,+
IE_20260824_1800,IE,Ireland,XGBoost,24,2026-08-24 18:00:00+00:00,2026-08-25 18:00:00+00:00,4594.443499999999,4273.59814453125,5,dayofweek,0.0,73.93197631835938,73.93197631835938,+
IE_20260824_1800,IE,Ireland,XGBoost,24,2026-08-24 18:00:00+00:00,2026-08-25 18:00:00+00:00,4594.443499999999,4273.59814453125,6,lag_24h,3931.2555,32.27875900268555,32.27875900268555,+
IE_20260824_1800,IE,Ireland,XGBoost,24,2026-08-24 18:00:00+00:00,2026-08-25 18:00:00+00:00,4594.443499999999,4273.59814453125,7,month_cos,-0.5000000000000004,-28.501466751098633,28.501466751098633,-
IE_20260824_1800,IE,Ireland,XGBoost,24,2026-08-24 18:00:00+00:00,2026-08-25 18:00:00+00:00,4594.443499999999,4273.59814453125,8,hour_sin,-0.9659258262890684,24.15052604675293,24.15052604675293,+
IE_20260824_1800,IE,Ireland,XGBoost,24,2026-08-24 18:00:00+00:00,2026-08-25 18:00:00+00:00,4594.443499999999,4273.59814453125,9,rolling_min_24h,3168.8375,15.804091453552246,15.804091453552246,+
IE_20260824_1800,IE,Ireland,XGBoost,24,2026-08-24 18:00:00+00:00,2026-08-25 18:00:00+00:00,4594.443499999999,4273.59814453125,10,dow_sin,0.0,14.094154357910156,14.094154357910156,+
IE_20260824_1900,IE,Ireland,LightGBM,24,2026-08-24 19:00:00+00:00,2026-08-25 19:00:00+00:00,4517.755,4273.692795627451,1,lag_1h,4365.4205,339.12806341031603,339.12806341031603,+
IE_20260824_1900,IE,Ireland,LightGBM,24,2026-08-24 19:00:00+00:00,2026-08-25 19:00:00+00:00,4517.755,4273.692795627451,2,lag_168h,4295.6365000000005,231.57003921939292,231.57003921939292,+
IE_20260824_1900,IE,Ireland,LightGBM,24,2026-08-24 19:00:00+00:00,2026-08-25 19:00:00+00:00,4517.755,4273.692795627451,3,dow_cos,1.0,93.93301531535224,93.93301531535224,+
IE_20260824_1900,IE,Ireland,LightGBM,24,2026-08-24 19:00:00+00:00,2026-08-25 19:00:00+00:00,4517.755,4273.692795627451,4,lag_48h,3987.107,74.75817918383268,74.75817918383268,+
IE_20260824_1900,IE,Ireland,LightGBM,24,2026-08-24 19:00:00+00:00,2026-08-25 19:00:00+00:00,4517.755,4273.692795627451,5,dayofweek,0.0,44.088101492431946,44.088101492431946,+
IE_20260824_1900,IE,Ireland,LightGBM,24,2026-08-24 19:00:00+00:00,2026-08-25 19:00:00+00:00,4517.755,4273.692795627451,6,hour_cos,0.5000000000000001,-36.41335440457474,36.41335440457474,-
IE_20260824_1900,IE,Ireland,LightGBM,24,2026-08-24 19:00:00+00:00,2026-08-25 19:00:00+00:00,4517.755,4273.692795627451,7,lag_24h,3945.85,19.682636012915264,19.682636012915264,+
IE_20260824_1900,IE,Ireland,LightGBM,24,2026-08-24 19:00:00+00:00,2026-08-25 19:00:00+00:00,4517.755,4273.692795627451,8,hour,20.0,-15.330454742697201,15.330454742697201,-
IE_20260824_1900,IE,Ireland,LightGBM,24,2026-08-24 19:00:00+00:00,2026-08-25 19:00:00+00:00,4517.755,4273.692795627451,9,hour_sin,-0.8660254037844386,14.827322702534266,14.827322702534266,+
IE_20260824_1900,IE,Ireland,LightGBM,24,2026-08-24 19:00:00+00:00,2026-08-25 19:00:00+00:00,4517.755,4273.692795627451,10,month_cos,-0.5000000000000004,-13.308012003539098,13.308012003539098,-
IE_20260824_1900,IE,Ireland,XGBoost,24,2026-08-24 19:00:00+00:00,2026-08-25 19:00:00+00:00,4517.755,4295.0390625,1,lag_1h,4365.4205,316.0086669921875,316.0086669921875,+
IE_20260824_1900,IE,Ireland,XGBoost,24,2026-08-24 19:00:00+00:00,2026-08-25 19:00:00+00:00,4517.755,4295.0390625,2,lag_168h,4295.6365000000005,221.5904998779297,221.5904998779297,+
IE_20260824_1900,IE,Ireland,XGBoost,24,2026-08-24 19:00:00+00:00,2026-08-25 19:00:00+00:00,4517.755,4295.0390625,3,lag_48h,3987.107,88.818603515625,88.818603515625,+
IE_20260824_1900,IE,Ireland,XGBoost,24,2026-08-24 19:00:00+00:00,2026-08-25 19:00:00+00:00,4517.755,4295.0390625,4,dow_cos,1.0,79.94737243652344,79.94737243652344,+
IE_20260824_1900,IE,Ireland,XGBoost,24,2026-08-24 19:00:00+00:00,2026-08-25 19:00:00+00:00,4517.755,4295.0390625,5,dayofweek,0.0,75.4206314086914,75.4206314086914,+
IE_20260824_1900,IE,Ireland,XGBoost,24,2026-08-24 19:00:00+00:00,2026-08-25 19:00:00+00:00,4517.755,4295.0390625,6,lag_24h,3945.85,32.94179153442383,32.94179153442383,+
IE_20260824_1900,IE,Ireland,XGBoost,24,2026-08-24 19:00:00+00:00,2026-08-25 19:00:00+00:00,4517.755,4295.0390625,7,hour_cos,0.5000000000000001,-32.6912727355957,32.6912727355957,-
IE_20260824_1900,IE,Ireland,XGBoost,24,2026-08-24 19:00:00+00:00,2026-08-25 19:00:00+00:00,4517.755,4295.0390625,8,rolling_min_24h,3168.8375,24.63038444519043,24.63038444519043,+
IE_20260824_1900,IE,Ireland,XGBoost,24,2026-08-24 19:00:00+00:00,2026-08-25 19:00:00+00:00,4517.755,4295.0390625,9,month_cos,-0.5000000000000004,-17.77127456665039,17.77127456665039,-
IE_20260824_1900,IE,Ireland,XGBoost,24,2026-08-24 19:00:00+00:00,2026-08-25 19:00:00+00:00,4517.755,4295.0390625,10,rolling_std_24h,347.48729965219854,14.884296417236328,14.884296417236328,+
IE_20260824_2000,IE,Ireland,LightGBM,24,2026-08-24 20:00:00+00:00,2026-08-25 20:00:00+00:00,4402.2155,4187.820532729448,1,lag_1h,4324.54,294.8752874576511,294.8752874576511,+
IE_20260824_2000,IE,Ireland,LightGBM,24,2026-08-24 20:00:00+00:00,2026-08-25 20:00:00+00:00,4402.2155,4187.820532729448,2,lag_168h,4242.4095,229.31159908504276,229.31159908504276,+
IE_20260824_2000,IE,Ireland,LightGBM,24,2026-08-24 20:00:00+00:00,2026-08-25 20:00:00+00:00,4402.2155,4187.820532729448,3,dow_cos,1.0,88.12006759395628,88.12006759395628,+
IE_20260824_2000,IE,Ireland,LightGBM,24,2026-08-24 20:00:00+00:00,2026-08-25 20:00:00+00:00,4402.2155,4187.820532729448,4,lag_48h,3981.5215,71.27812065579583,71.27812065579583,+
IE_20260824_2000,IE,Ireland,LightGBM,24,2026-08-24 20:00:00+00:00,2026-08-25 20:00:00+00:00,4402.2155,4187.820532729448,5,hour_cos,0.7071067811865474,-63.05124467941918,63.05124467941918,-
IE_20260824_2000,IE,Ireland,LightGBM,24,2026-08-24 20:00:00+00:00,2026-08-25 20:00:00+00:00,4402.2155,4187.820532729448,6,dayofweek,0.0,41.258333177036285,41.258333177036285,+
IE_20260824_2000,IE,Ireland,LightGBM,24,2026-08-24 20:00:00+00:00,2026-08-25 20:00:00+00:00,4402.2155,4187.820532729448,7,lag_24h,3962.8875,17.747028451649527,17.747028451649527,+
IE_20260824_2000,IE,Ireland,LightGBM,24,2026-08-24 20:00:00+00:00,2026-08-25 20:00:00+00:00,4402.2155,4187.820532729448,8,hour,21.0,-16.435357857769645,16.435357857769645,-
IE_20260824_2000,IE,Ireland,LightGBM,24,2026-08-24 20:00:00+00:00,2026-08-25 20:00:00+00:00,4402.2155,4187.820532729448,9,dow_sin,0.0,11.655747275853347,11.655747275853347,+
IE_20260824_2000,IE,Ireland,LightGBM,24,2026-08-24 20:00:00+00:00,2026-08-25 20:00:00+00:00,4402.2155,4187.820532729448,10,year,2026.0,10.757209930776787,10.757209930776787,+
IE_20260824_2000,IE,Ireland,XGBoost,24,2026-08-24 20:00:00+00:00,2026-08-25 20:00:00+00:00,4402.2155,4195.185546875,1,lag_1h,4324.54,259.791748046875,259.791748046875,+
IE_20260824_2000,IE,Ireland,XGBoost,24,2026-08-24 20:00:00+00:00,2026-08-25 20:00:00+00:00,4402.2155,4195.185546875,2,lag_168h,4242.4095,209.92779541015625,209.92779541015625,+
IE_20260824_2000,IE,Ireland,XGBoost,24,2026-08-24 20:00:00+00:00,2026-08-25 20:00:00+00:00,4402.2155,4195.185546875,3,lag_48h,3981.5215,88.26680755615234,88.26680755615234,+
IE_20260824_2000,IE,Ireland,XGBoost,24,2026-08-24 20:00:00+00:00,2026-08-25 20:00:00+00:00,4402.2155,4195.185546875,4,dow_cos,1.0,73.53724670410156,73.53724670410156,+
IE_20260824_2000,IE,Ireland,XGBoost,24,2026-08-24 20:00:00+00:00,2026-08-25 20:00:00+00:00,4402.2155,4195.185546875,5,dayofweek,0.0,72.9923324584961,72.9923324584961,+
IE_20260824_2000,IE,Ireland,XGBoost,24,2026-08-24 20:00:00+00:00,2026-08-25 20:00:00+00:00,4402.2155,4195.185546875,6,hour_cos,0.7071067811865474,-63.18874740600586,63.18874740600586,-
IE_20260824_2000,IE,Ireland,XGBoost,24,2026-08-24 20:00:00+00:00,2026-08-25 20:00:00+00:00,4402.2155,4195.185546875,7,lag_24h,3962.8875,32.581058502197266,32.581058502197266,+
IE_20260824_2000,IE,Ireland,XGBoost,24,2026-08-24 20:00:00+00:00,2026-08-25 20:00:00+00:00,4402.2155,4195.185546875,8,rolling_min_24h,3168.8375,20.46734619140625,20.46734619140625,+
IE_20260824_2000,IE,Ireland,XGBoost,24,2026-08-24 20:00:00+00:00,2026-08-25 20:00:00+00:00,4402.2155,4195.185546875,9,hour,21.0,-17.45052719116211,17.45052719116211,-
IE_20260824_2000,IE,Ireland,XGBoost,24,2026-08-24 20:00:00+00:00,2026-08-25 20:00:00+00:00,4402.2155,4195.185546875,10,rolling_std_24h,366.2946105938032,16.726408004760742,16.726408004760742,+
IE_20260824_2100,IE,Ireland,LightGBM,24,2026-08-24 21:00:00+00:00,2026-08-25 21:00:00+00:00,4062.6015,3949.36884565148,1,lag_1h,4324.54,271.04543529558754,271.04543529558754,+
IE_20260824_2100,IE,Ireland,LightGBM,24,2026-08-24 21:00:00+00:00,2026-08-25 21:00:00+00:00,4062.6015,3949.36884565148,2,lag_168h,4003.5125,137.6585302104851,137.6585302104851,+
IE_20260824_2100,IE,Ireland,LightGBM,24,2026-08-24 21:00:00+00:00,2026-08-25 21:00:00+00:00,4062.6015,3949.36884565148,3,hour_cos,0.8660254037844384,-106.20638496231446,106.20638496231446,-
IE_20260824_2100,IE,Ireland,LightGBM,24,2026-08-24 21:00:00+00:00,2026-08-25 21:00:00+00:00,4062.6015,3949.36884565148,4,dow_cos,1.0,80.78509642758813,80.78509642758813,+
IE_20260824_2100,IE,Ireland,LightGBM,24,2026-08-24 21:00:00+00:00,2026-08-25 21:00:00+00:00,4062.6015,3949.36884565148,5,lag_48h,3774.204,57.954182329195355,57.954182329195355,+
IE_20260824_2100,IE,Ireland,LightGBM,24,2026-08-24 21:00:00+00:00,2026-08-25 21:00:00+00:00,4062.6015,3949.36884565148,6,dayofweek,0.0,35.245666370466814,35.245666370466814,+
IE_20260824_2100,IE,Ireland,LightGBM,24,2026-08-24 21:00:00+00:00,2026-08-25 21:00:00+00:00,4062.6015,3949.36884565148,7,hour,22.0,-26.767586830245605,26.767586830245605,-
IE_20260824_2100,IE,Ireland,LightGBM,24,2026-08-24 21:00:00+00:00,2026-08-25 21:00:00+00:00,4062.6015,3949.36884565148,8,dow_sin,0.0,12.24942269532352,12.24942269532352,+
IE_20260824_2100,IE,Ireland,LightGBM,24,2026-08-24 21:00:00+00:00,2026-08-25 21:00:00+00:00,4062.6015,3949.36884565148,9,hour_sin,-0.5000000000000004,-12.154817456641252,12.154817456641252,-
IE_20260824_2100,IE,Ireland,LightGBM,24,2026-08-24 21:00:00+00:00,2026-08-25 21:00:00+00:00,4062.6015,3949.36884565148,10,year,2026.0,10.174844615026746,10.174844615026746,+
IE_20260824_2100,IE,Ireland,XGBoost,24,2026-08-24 21:00:00+00:00,2026-08-25 21:00:00+00:00,4062.6015,3947.7890625,1,lag_1h,4324.54,255.5772247314453,255.5772247314453,+
IE_20260824_2100,IE,Ireland,XGBoost,24,2026-08-24 21:00:00+00:00,2026-08-25 21:00:00+00:00,4062.6015,3947.7890625,2,lag_168h,4003.5125,113.24827575683594,113.24827575683594,+
IE_20260824_2100,IE,Ireland,XGBoost,24,2026-08-24 21:00:00+00:00,2026-08-25 21:00:00+00:00,4062.6015,3947.7890625,3,hour_cos,0.8660254037844384,-103.9415054321289,103.9415054321289,-
IE_20260824_2100,IE,Ireland,XGBoost,24,2026-08-24 21:00:00+00:00,2026-08-25 21:00:00+00:00,4062.6015,3947.7890625,4,lag_48h,3774.204,66.36699676513672,66.36699676513672,+
IE_20260824_2100,IE,Ireland,XGBoost,24,2026-08-24 21:00:00+00:00,2026-08-25 21:00:00+00:00,4062.6015,3947.7890625,5,dayofweek,0.0,64.6214828491211,64.6214828491211,+
IE_20260824_2100,IE,Ireland,XGBoost,24,2026-08-24 21:00:00+00:00,2026-08-25 21:00:00+00:00,4062.6015,3947.7890625,6,dow_cos,1.0,61.202030181884766,61.202030181884766,+
IE_20260824_2100,IE,Ireland,XGBoost,24,2026-08-24 21:00:00+00:00,2026-08-25 21:00:00+00:00,4062.6015,3947.7890625,7,hour,22.0,-36.611785888671875,36.611785888671875,-
IE_20260824_2100,IE,Ireland,XGBoost,24,2026-08-24 21:00:00+00:00,2026-08-25 21:00:00+00:00,4062.6015,3947.7890625,8,lag_24h,3740.672,21.198179244995117,21.198179244995117,+
IE_20260824_2100,IE,Ireland,XGBoost,24,2026-08-24 21:00:00+00:00,2026-08-25 21:00:00+00:00,4062.6015,3947.7890625,9,rolling_std_24h,383.11217837961846,16.72408103942871,16.72408103942871,+
IE_20260824_2100,IE,Ireland,XGBoost,24,2026-08-24 21:00:00+00:00,2026-08-25 21:00:00+00:00,4062.6015,3947.7890625,10,dow_sin,0.0,12.527756690979004,12.527756690979004,+
IE_20260824_2200,IE,Ireland,LightGBM,24,2026-08-24 22:00:00+00:00,2026-08-25 22:00:00+00:00,3785.5645,3695.4673325662375,1,lag_1h,3982.585,129.54829458409566,129.54829458409566,+
IE_20260824_2200,IE,Ireland,LightGBM,24,2026-08-24 22:00:00+00:00,2026-08-25 22:00:00+00:00,3785.5645,3695.4673325662375,2,hour_cos,0.965925826289068,-114.65880721244416,114.65880721244416,-
IE_20260824_2200,IE,Ireland,LightGBM,24,2026-08-24 22:00:00+00:00,2026-08-25 22:00:00+00:00,3785.5645,3695.4673325662375,3,dow_cos,1.0,70.12673913304764,70.12673913304764,+
IE_20260824_2200,IE,Ireland,LightGBM,24,2026-08-24 22:00:00+00:00,2026-08-25 22:00:00+00:00,3785.5645,3695.4673325662375,4,lag_168h,3729.636,61.34674262824476,61.34674262824476,+
IE_20260824_2200,IE,Ireland,LightGBM,24,2026-08-24 22:00:00+00:00,2026-08-25 22:00:00+00:00,3785.5645,3695.4673325662375,5,dayofweek,0.0,41.0800234221585,41.0800234221585,+
IE_20260824_2200,IE,Ireland,LightGBM,24,2026-08-24 22:00:00+00:00,2026-08-25 22:00:00+00:00,3785.5645,3695.4673325662375,6,lag_48h,3590.186,39.10330533404914,39.10330533404914,+
IE_20260824_2200,IE,Ireland,LightGBM,24,2026-08-24 22:00:00+00:00,2026-08-25 22:00:00+00:00,3785.5645,3695.4673325662375,7,hour,23.0,-19.7296070703007,19.7296070703007,-
IE_20260824_2200,IE,Ireland,LightGBM,24,2026-08-24 22:00:00+00:00,2026-08-25 22:00:00+00:00,3785.5645,3695.4673325662375,8,dow_sin,0.0,15.77293670043408,15.77293670043408,+
IE_20260824_2200,IE,Ireland,LightGBM,24,2026-08-24 22:00:00+00:00,2026-08-25 22:00:00+00:00,3785.5645,3695.4673325662375,9,hour_sin,-0.2588190451025215,-14.232896313430183,14.232896313430183,-
IE_20260824_2200,IE,Ireland,LightGBM,24,2026-08-24 22:00:00+00:00,2026-08-25 22:00:00+00:00,3785.5645,3695.4673325662375,10,year,2026.0,9.794042253580248,9.794042253580248,+
IE_20260824_2200,IE,Ireland,XGBoost,24,2026-08-24 22:00:00+00:00,2026-08-25 22:00:00+00:00,3785.5645,3729.46826171875,1,lag_1h,3982.585,113.68081665039062,113.68081665039062,+
IE_20260824_2200,IE,Ireland,XGBoost,24,2026-08-24 22:00:00+00:00,2026-08-25 22:00:00+00:00,3785.5645,3729.46826171875,2,hour_cos,0.965925826289068,-107.75231170654297,107.75231170654297,-
IE_20260824_2200,IE,Ireland,XGBoost,24,2026-08-24 22:00:00+00:00,2026-08-25 22:00:00+00:00,3785.5645,3729.46826171875,3,lag_168h,3729.636,72.03299713134766,72.03299713134766,+
IE_20260824_2200,IE,Ireland,XGBoost,24,2026-08-24 22:00:00+00:00,2026-08-25 22:00:00+00:00,3785.5645,3729.46826171875,4,dayofweek,0.0,64.49545288085938,64.49545288085938,+
IE_20260824_2200,IE,Ireland,XGBoost,24,2026-08-24 22:00:00+00:00,2026-08-25 22:00:00+00:00,3785.5645,3729.46826171875,5,dow_cos,1.0,64.13543701171875,64.13543701171875,+
IE_20260824_2200,IE,Ireland,XGBoost,24,2026-08-24 22:00:00+00:00,2026-08-25 22:00:00+00:00,3785.5645,3729.46826171875,6,lag_48h,3590.186,48.113765716552734,48.113765716552734,+
IE_20260824_2200,IE,Ireland,XGBoost,24,2026-08-24 22:00:00+00:00,2026-08-25 22:00:00+00:00,3785.5645,3729.46826171875,7,hour,23.0,-30.68831443786621,30.68831443786621,-
IE_20260824_2200,IE,Ireland,XGBoost,24,2026-08-24 22:00:00+00:00,2026-08-25 22:00:00+00:00,3785.5645,3729.46826171875,8,rolling_std_24h,386.0141396622322,13.211433410644531,13.211433410644531,+
IE_20260824_2200,IE,Ireland,XGBoost,24,2026-08-24 22:00:00+00:00,2026-08-25 22:00:00+00:00,3785.5645,3729.46826171875,9,hour_sin,-0.2588190451025215,-10.403236389160156,10.403236389160156,-
IE_20260824_2200,IE,Ireland,XGBoost,24,2026-08-24 22:00:00+00:00,2026-08-25 22:00:00+00:00,3785.5645,3729.46826171875,10,month_cos,-0.5000000000000004,-9.804762840270996,9.804762840270996,-
IE_20260824_2300,IE,Ireland,LightGBM,24,2026-08-24 23:00:00+00:00,2026-08-25 23:00:00+00:00,3594.1235,3528.463820898061,1,hour_cos,1.0,-131.85264606018603,131.85264606018603,-
IE_20260824_2300,IE,Ireland,LightGBM,24,2026-08-24 23:00:00+00:00,2026-08-25 23:00:00+00:00,3594.1235,3528.463820898061,2,dow_cos,0.6234898018587336,58.984734611930634,58.984734611930634,+
IE_20260824_2300,IE,Ireland,LightGBM,24,2026-08-24 23:00:00+00:00,2026-08-25 23:00:00+00:00,3594.1235,3528.463820898061,3,lag_168h,3577.0255,50.159699822859636,50.159699822859636,+
IE_20260824_2300,IE,Ireland,LightGBM,24,2026-08-24 23:00:00+00:00,2026-08-25 23:00:00+00:00,3594.1235,3528.463820898061,4,dayofweek,1.0,37.76539516178765,37.76539516178765,+
IE_20260824_2300,IE,Ireland,LightGBM,24,2026-08-24 23:00:00+00:00,2026-08-25 23:00:00+00:00,3594.1235,3528.463820898061,5,lag_1h,3683.8355,22.60227667663427,22.60227667663427,+
IE_20260824_2300,IE,Ireland,LightGBM,24,2026-08-24 23:00:00+00:00,2026-08-25 23:00:00+00:00,3594.1235,3528.463820898061,6,lag_48h,3481.3125,14.53580574922939,14.53580574922939,+
IE_20260824_2300,IE,Ireland,LightGBM,24,2026-08-24 23:00:00+00:00,2026-08-25 23:00:00+00:00,3594.1235,3528.463820898061,7,hour_sin,0.0,-11.87948727389348,11.87948727389348,-
IE_20260824_2300,IE,Ireland,LightGBM,24,2026-08-24 23:00:00+00:00,2026-08-25 23:00:00+00:00,3594.1235,3528.463820898061,8,year,2026.0,10.627001024255758,10.627001024255758,+
IE_20260824_2300,IE,Ireland,LightGBM,24,2026-08-24 23:00:00+00:00,2026-08-25 23:00:00+00:00,3594.1235,3528.463820898061,9,month_cos,-0.5000000000000004,-9.232687848791977,9.232687848791977,-
IE_20260824_2300,IE,Ireland,LightGBM,24,2026-08-24 23:00:00+00:00,2026-08-25 23:00:00+00:00,3594.1235,3528.463820898061,10,lag_24h,3369.1955,-8.549919859265433,8.549919859265433,-
IE_20260824_2300,IE,Ireland,XGBoost,24,2026-08-24 23:00:00+00:00,2026-08-25 23:00:00+00:00,3594.1235,3544.77880859375,1,hour_cos,1.0,-122.7330551147461,122.7330551147461,-
IE_20260824_2300,IE,Ireland,XGBoost,24,2026-08-24 23:00:00+00:00,2026-08-25 23:00:00+00:00,3594.1235,3544.77880859375,2,dow_cos,0.6234898018587336,56.01845169067383,56.01845169067383,+
IE_20260824_2300,IE,Ireland,XGBoost,24,2026-08-24 23:00:00+00:00,2026-08-25 23:00:00+00:00,3594.1235,3544.77880859375,3,dayofweek,1.0,46.20648956298828,46.20648956298828,+
IE_20260824_2300,IE,Ireland,XGBoost,24,2026-08-24 23:00:00+00:00,2026-08-25 23:00:00+00:00,3594.1235,3544.77880859375,4,lag_168h,3577.0255,36.231319427490234,36.231319427490234,+
IE_20260824_2300,IE,Ireland,XGBoost,24,2026-08-24 23:00:00+00:00,2026-08-25 23:00:00+00:00,3594.1235,3544.77880859375,5,lag_1h,3683.8355,19.63913345336914,19.63913345336914,+
IE_20260824_2300,IE,Ireland,XGBoost,24,2026-08-24 23:00:00+00:00,2026-08-25 23:00:00+00:00,3594.1235,3544.77880859375,6,lag_48h,3481.3125,17.149377822875977,17.149377822875977,+
IE_20260824_2300,IE,Ireland,XGBoost,24,2026-08-24 23:00:00+00:00,2026-08-25 23:00:00+00:00,3594.1235,3544.77880859375,7,rolling_std_24h,382.7938637184218,11.972179412841797,11.972179412841797,+
IE_20260824_2300,IE,Ireland,XGBoost,24,2026-08-24 23:00:00+00:00,2026-08-25 23:00:00+00:00,3594.1235,3544.77880859375,8,week_of_year,35.0,11.368760108947754,11.368760108947754,+
IE_20260824_2300,IE,Ireland,XGBoost,24,2026-08-24 23:00:00+00:00,2026-08-25 23:00:00+00:00,3594.1235,3544.77880859375,9,hour_sin,0.0,-11.071640014648438,11.071640014648438,-
IE_20260824_2300,IE,Ireland,XGBoost,24,2026-08-24 23:00:00+00:00,2026-08-25 23:00:00+00:00,3594.1235,3544.77880859375,10,hour,0.0,-10.71044921875,10.71044921875,-
PT_20260824_0000,PT,Portugal,LightGBM,24,2026-08-24 00:00:00+00:00,2026-08-25 00:00:00+00:00,5031.7,4499.807531055846,1,month,8.0,-773.1363349729061,773.1363349729061,-
PT_20260824_0000,PT,Portugal,LightGBM,24,2026-08-24 00:00:00+00:00,2026-08-25 00:00:00+00:00,5031.7,4499.807531055846,2,lag_48h,5044.0,-349.54169608031646,349.54169608031646,-
PT_20260824_0000,PT,Portugal,LightGBM,24,2026-08-24 00:00:00+00:00,2026-08-25 00:00:00+00:00,5031.7,4499.807531055846,3,wind_onshore_mw_lag1h,2986.3,207.48624421273897,207.48624421273897,+
PT_20260824_0000,PT,Portugal,LightGBM,24,2026-08-24 00:00:00+00:00,2026-08-25 00:00:00+00:00,5031.7,4499.807531055846,4,hour_sin,0.2588190451025207,-202.84262253532535,202.84262253532535,-
PT_20260824_0000,PT,Portugal,LightGBM,24,2026-08-24 00:00:00+00:00,2026-08-25 00:00:00+00:00,5031.7,4499.807531055846,5,is_weekend,0.0,-150.66538423987083,150.66538423987083,-
PT_20260824_0000,PT,Portugal,LightGBM,24,2026-08-24 00:00:00+00:00,2026-08-25 00:00:00+00:00,5031.7,4499.807531055846,6,lag_1h,4975.0,132.20310683005886,132.20310683005886,+
PT_20260824_0000,PT,Portugal,LightGBM,24,2026-08-24 00:00:00+00:00,2026-08-25 00:00:00+00:00,5031.7,4499.807531055846,7,week_of_year,35.0,-87.05451440591337,87.05451440591337,-
PT_20260824_0000,PT,Portugal,LightGBM,24,2026-08-24 00:00:00+00:00,2026-08-25 00:00:00+00:00,5031.7,4499.807531055846,8,wind_offshore_mw_lag1h,21.9,85.4364829117209,85.4364829117209,+
PT_20260824_0000,PT,Portugal,LightGBM,24,2026-08-24 00:00:00+00:00,2026-08-25 00:00:00+00:00,5031.7,4499.807531055846,9,rolling_min_24h,4311.4,76.14929432197354,76.14929432197354,+
PT_20260824_0000,PT,Portugal,LightGBM,24,2026-08-24 00:00:00+00:00,2026-08-25 00:00:00+00:00,5031.7,4499.807531055846,10,hydro_pumped_mw_lag1h,913.8,-54.855378451705555,54.855378451705555,-
PT_20260824_0000,PT,Portugal,XGBoost,24,2026-08-24 00:00:00+00:00,2026-08-25 00:00:00+00:00,5031.7,4827.451171875,1,month,8.0,-728.0698852539062,728.0698852539062,-
PT_20260824_0000,PT,Portugal,XGBoost,24,2026-08-24 00:00:00+00:00,2026-08-25 00:00:00+00:00,5031.7,4827.451171875,2,lag_48h,5044.0,-271.18292236328125,271.18292236328125,-
PT_20260824_0000,PT,Portugal,XGBoost,24,2026-08-24 00:00:00+00:00,2026-08-25 00:00:00+00:00,5031.7,4827.451171875,3,wind_onshore_mw_lag1h,2986.3,197.8357696533203,197.8357696533203,+
PT_20260824_0000,PT,Portugal,XGBoost,24,2026-08-24 00:00:00+00:00,2026-08-25 00:00:00+00:00,5031.7,4827.451171875,4,lag_1h,4975.0,194.6657257080078,194.6657257080078,+
PT_20260824_0000,PT,Portugal,XGBoost,24,2026-08-24 00:00:00+00:00,2026-08-25 00:00:00+00:00,5031.7,4827.451171875,5,hour_sin,0.2588190451025207,-179.4929962158203,179.4929962158203,-
PT_20260824_0000,PT,Portugal,XGBoost,24,2026-08-24 00:00:00+00:00,2026-08-25 00:00:00+00:00,5031.7,4827.451171875,6,is_weekend,0.0,-162.75473022460938,162.75473022460938,-
PT_20260824_0000,PT,Portugal,XGBoost,24,2026-08-24 00:00:00+00:00,2026-08-25 00:00:00+00:00,5031.7,4827.451171875,7,rolling_min_24h,4311.4,76.51510620117188,76.51510620117188,+
PT_20260824_0000,PT,Portugal,XGBoost,24,2026-08-24 00:00:00+00:00,2026-08-25 00:00:00+00:00,5031.7,4827.451171875,8,wind_offshore_mw_lag1h,21.9,64.35795593261719,64.35795593261719,+
PT_20260824_0000,PT,Portugal,XGBoost,24,2026-08-24 00:00:00+00:00,2026-08-25 00:00:00+00:00,5031.7,4827.451171875,9,lag_12h,5471.7,63.42869186401367,63.42869186401367,+
PT_20260824_0000,PT,Portugal,XGBoost,24,2026-08-24 00:00:00+00:00,2026-08-25 00:00:00+00:00,5031.7,4827.451171875,10,week_of_year,35.0,-63.35441589355469,63.35441589355469,-
PT_20260824_0100,PT,Portugal,LightGBM,24,2026-08-24 01:00:00+00:00,2026-08-25 01:00:00+00:00,4833.8,4546.829324017042,1,month,8.0,-765.7252620321702,765.7252620321702,-
PT_20260824_0100,PT,Portugal,LightGBM,24,2026-08-24 01:00:00+00:00,2026-08-25 01:00:00+00:00,4833.8,4546.829324017042,2,lag_48h,4807.8,-349.57548150917745,349.57548150917745,-
PT_20260824_0100,PT,Portugal,LightGBM,24,2026-08-24 01:00:00+00:00,2026-08-25 01:00:00+00:00,4833.8,4546.829324017042,3,wind_onshore_mw_lag1h,3058.0,212.19708326703747,212.19708326703747,+
PT_20260824_0100,PT,Portugal,LightGBM,24,2026-08-24 01:00:00+00:00,2026-08-25 01:00:00+00:00,4833.8,4546.829324017042,4,hour_sin,0.4999999999999999,-202.8479227908776,202.8479227908776,-
PT_20260824_0100,PT,Portugal,LightGBM,24,2026-08-24 01:00:00+00:00,2026-08-25 01:00:00+00:00,4833.8,4546.829324017042,5,is_weekend,0.0,-153.68307444565843,153.68307444565843,-
PT_20260824_0100,PT,Portugal,LightGBM,24,2026-08-24 01:00:00+00:00,2026-08-25 01:00:00+00:00,4833.8,4546.829324017042,6,lag_1h,4716.5,133.9630137041399,133.9630137041399,+
PT_20260824_0100,PT,Portugal,LightGBM,24,2026-08-24 01:00:00+00:00,2026-08-25 01:00:00+00:00,4833.8,4546.829324017042,7,wind_offshore_mw_lag1h,20.5,92.79169500662094,92.79169500662094,+
PT_20260824_0100,PT,Portugal,LightGBM,24,2026-08-24 01:00:00+00:00,2026-08-25 01:00:00+00:00,4833.8,4546.829324017042,8,week_of_year,35.0,-87.05328104669975,87.05328104669975,-
PT_20260824_0100,PT,Portugal,LightGBM,24,2026-08-24 01:00:00+00:00,2026-08-25 01:00:00+00:00,4833.8,4546.829324017042,9,rolling_min_24h,4311.4,76.12798412937258,76.12798412937258,+
PT_20260824_0100,PT,Portugal,LightGBM,24,2026-08-24 01:00:00+00:00,2026-08-25 01:00:00+00:00,4833.8,4546.829324017042,10,hydro_pumped_mw_lag1h,913.5,-53.25238204088027,53.25238204088027,-
PT_20260824_0100,PT,Portugal,XGBoost,24,2026-08-24 01:00:00+00:00,2026-08-25 01:00:00+00:00,4833.8,4827.451171875,1,month,8.0,-728.6063842773438,728.6063842773438,-
PT_20260824_0100,PT,Portugal,XGBoost,24,2026-08-24 01:00:00+00:00,2026-08-25 01:00:00+00:00,4833.8,4827.451171875,2,lag_48h,4807.8,-270.59686279296875,270.59686279296875,-
PT_20260824_0100,PT,Portugal,XGBoost,24,2026-08-24 01:00:00+00:00,2026-08-25 01:00:00+00:00,4833.8,4827.451171875,3,wind_onshore_mw_lag1h,3058.0,198.1494598388672,198.1494598388672,+
PT_20260824_0100,PT,Portugal,XGBoost,24,2026-08-24 01:00:00+00:00,2026-08-25 01:00:00+00:00,4833.8,4827.451171875,4,lag_1h,4716.5,193.47857666015625,193.47857666015625,+
PT_20260824_0100,PT,Portugal,XGBoost,24,2026-08-24 01:00:00+00:00,2026-08-25 01:00:00+00:00,4833.8,4827.451171875,5,hour_sin,0.4999999999999999,-179.6921844482422,179.6921844482422,-
PT_20260824_0100,PT,Portugal,XGBoost,24,2026-08-24 01:00:00+00:00,2026-08-25 01:00:00+00:00,4833.8,4827.451171875,6,is_weekend,0.0,-164.96302795410156,164.96302795410156,-
PT_20260824_0100,PT,Portugal,XGBoost,24,2026-08-24 01:00:00+00:00,2026-08-25 01:00:00+00:00,4833.8,4827.451171875,7,rolling_min_24h,4311.4,77.05221557617188,77.05221557617188,+
PT_20260824_0100,PT,Portugal,XGBoost,24,2026-08-24 01:00:00+00:00,2026-08-25 01:00:00+00:00,4833.8,4827.451171875,8,wind_offshore_mw_lag1h,20.5,64.4888916015625,64.4888916015625,+
PT_20260824_0100,PT,Portugal,XGBoost,24,2026-08-24 01:00:00+00:00,2026-08-25 01:00:00+00:00,4833.8,4827.451171875,9,lag_12h,5344.5,63.54472351074219,63.54472351074219,+
PT_20260824_0100,PT,Portugal,XGBoost,24,2026-08-24 01:00:00+00:00,2026-08-25 01:00:00+00:00,4833.8,4827.451171875,10,week_of_year,35.0,-63.41973114013672,63.41973114013672,-
PT_20260824_0200,PT,Portugal,LightGBM,24,2026-08-24 02:00:00+00:00,2026-08-25 02:00:00+00:00,4709.0,4499.807531055846,1,month,8.0,-773.1768480996435,773.1768480996435,-
PT_20260824_0200,PT,Portugal,LightGBM,24,2026-08-24 02:00:00+00:00,2026-08-25 02:00:00+00:00,4709.0,4499.807531055846,2,lag_48h,4617.6,-349.57548150917745,349.57548150917745,-
PT_20260824_0200,PT,Portugal,LightGBM,24,2026-08-24 02:00:00+00:00,2026-08-25 02:00:00+00:00,4709.0,4499.807531055846,3,wind_onshore_mw_lag1h,3095.8,207.39364756701707,207.39364756701707,+
PT_20260824_0200,PT,Portugal,LightGBM,24,2026-08-24 02:00:00+00:00,2026-08-25 02:00:00+00:00,4709.0,4499.807531055846,4,hour_sin,0.7071067811865475,-202.89012389478535,202.89012389478535,-
PT_20260824_0200,PT,Portugal,LightGBM,24,2026-08-24 02:00:00+00:00,2026-08-25 02:00:00+00:00,4709.0,4499.807531055846,5,is_weekend,0.0,-150.70491484312302,150.70491484312302,-
PT_20260824_0200,PT,Portugal,LightGBM,24,2026-08-24 02:00:00+00:00,2026-08-25 02:00:00+00:00,4709.0,4499.807531055846,6,lag_1h,4538.7,132.20310683005886,132.20310683005886,+
PT_20260824_0200,PT,Portugal,LightGBM,24,2026-08-24 02:00:00+00:00,2026-08-25 02:00:00+00:00,4709.0,4499.807531055846,7,week_of_year,35.0,-87.05451440591337,87.05451440591337,-
PT_20260824_0200,PT,Portugal,LightGBM,24,2026-08-24 02:00:00+00:00,2026-08-25 02:00:00+00:00,4709.0,4499.807531055846,8,wind_offshore_mw_lag1h,19.6,85.44368238290154,85.44368238290154,+
PT_20260824_0200,PT,Portugal,LightGBM,24,2026-08-24 02:00:00+00:00,2026-08-25 02:00:00+00:00,4709.0,4499.807531055846,9,rolling_min_24h,4311.4,76.12798412937258,76.12798412937258,+
PT_20260824_0200,PT,Portugal,LightGBM,24,2026-08-24 02:00:00+00:00,2026-08-25 02:00:00+00:00,4709.0,4499.807531055846,10,hydro_pumped_mw_lag1h,922.9,-53.22669515949688,53.22669515949688,-
PT_20260824_0200,PT,Portugal,XGBoost,24,2026-08-24 02:00:00+00:00,2026-08-25 02:00:00+00:00,4709.0,4827.451171875,1,month,8.0,-729.343994140625,729.343994140625,-
PT_20260824_0200,PT,Portugal,XGBoost,24,2026-08-24 02:00:00+00:00,2026-08-25 02:00:00+00:00,4709.0,4827.451171875,2,lag_48h,4617.6,-270.59686279296875,270.59686279296875,-
PT_20260824_0200,PT,Portugal,XGBoost,24,2026-08-24 02:00:00+00:00,2026-08-25 02:00:00+00:00,4709.0,4827.451171875,3,wind_onshore_mw_lag1h,3095.8,197.79808044433594,197.79808044433594,+
PT_20260824_0200,PT,Portugal,XGBoost,24,2026-08-24 02:00:00+00:00,2026-08-25 02:00:00+00:00,4709.0,4827.451171875,4,lag_1h,4538.7,193.30836486816406,193.30836486816406,+
PT_20260824_0200,PT,Portugal,XGBoost,24,2026-08-24 02:00:00+00:00,2026-08-25 02:00:00+00:00,4709.0,4827.451171875,5,hour_sin,0.7071067811865475,-179.79005432128906,179.79005432128906,-
PT_20260824_0200,PT,Portugal,XGBoost,24,2026-08-24 02:00:00+00:00,2026-08-25 02:00:00+00:00,4709.0,4827.451171875,6,is_weekend,0.0,-162.82029724121094,162.82029724121094,-
PT_20260824_0200,PT,Portugal,XGBoost,24,2026-08-24 02:00:00+00:00,2026-08-25 02:00:00+00:00,4709.0,4827.451171875,7,rolling_min_24h,4311.4,77.05221557617188,77.05221557617188,+
PT_20260824_0200,PT,Portugal,XGBoost,24,2026-08-24 02:00:00+00:00,2026-08-25 02:00:00+00:00,4709.0,4827.451171875,8,wind_offshore_mw_lag1h,19.6,64.4888916015625,64.4888916015625,+
PT_20260824_0200,PT,Portugal,XGBoost,24,2026-08-24 02:00:00+00:00,2026-08-25 02:00:00+00:00,4709.0,4827.451171875,9,lag_12h,5261.5,63.54472351074219,63.54472351074219,+
PT_20260824_0200,PT,Portugal,XGBoost,24,2026-08-24 02:00:00+00:00,2026-08-25 02:00:00+00:00,4709.0,4827.451171875,10,week_of_year,35.0,-63.41973114013672,63.41973114013672,-
PT_20260824_0300,PT,Portugal,LightGBM,24,2026-08-24 03:00:00+00:00,2026-08-25 03:00:00+00:00,4630.5,4499.807531055846,1,month,8.0,-773.3799808326767,773.3799808326767,-
PT_20260824_0300,PT,Portugal,LightGBM,24,2026-08-24 03:00:00+00:00,2026-08-25 03:00:00+00:00,4630.5,4499.807531055846,2,lag_48h,4538.4,-349.5651619476661,349.5651619476661,-
PT_20260824_0300,PT,Portugal,LightGBM,24,2026-08-24 03:00:00+00:00,2026-08-25 03:00:00+00:00,4630.5,4499.807531055846,3,wind_onshore_mw_lag1h,3248.2,207.39364756701707,207.39364756701707,+
PT_20260824_0300,PT,Portugal,LightGBM,24,2026-08-24 03:00:00+00:00,2026-08-25 03:00:00+00:00,4630.5,4499.807531055846,4,hour_sin,0.8660254037844386,-202.8906254598943,202.8906254598943,-
PT_20260824_0300,PT,Portugal,LightGBM,24,2026-08-24 03:00:00+00:00,2026-08-25 03:00:00+00:00,4630.5,4499.807531055846,5,is_weekend,0.0,-150.70491484312302,150.70491484312302,-
PT_20260824_0300,PT,Portugal,LightGBM,24,2026-08-24 03:00:00+00:00,2026-08-25 03:00:00+00:00,4630.5,4499.807531055846,6,lag_1h,4433.6,132.20310683005886,132.20310683005886,+
PT_20260824_0300,PT,Portugal,LightGBM,24,2026-08-24 03:00:00+00:00,2026-08-25 03:00:00+00:00,4630.5,4499.807531055846,7,week_of_year,35.0,-87.05451440591337,87.05451440591337,-
PT_20260824_0300,PT,Portugal,LightGBM,24,2026-08-24 03:00:00+00:00,2026-08-25 03:00:00+00:00,4630.5,4499.807531055846,8,wind_offshore_mw_lag1h,24.1,85.68374006522983,85.68374006522983,+
PT_20260824_0300,PT,Portugal,LightGBM,24,2026-08-24 03:00:00+00:00,2026-08-25 03:00:00+00:00,4630.5,4499.807531055846,9,rolling_min_24h,4311.4,76.12798412937258,76.12798412937258,+
PT_20260824_0300,PT,Portugal,LightGBM,24,2026-08-24 03:00:00+00:00,2026-08-25 03:00:00+00:00,4630.5,4499.807531055846,10,hydro_pumped_mw_lag1h,905.7,-53.21896993100768,53.21896993100768,-
PT_20260824_0300,PT,Portugal,XGBoost,24,2026-08-24 03:00:00+00:00,2026-08-25 03:00:00+00:00,4630.5,4822.44775390625,1,month,8.0,-729.0135498046875,729.0135498046875,-
PT_20260824_0300,PT,Portugal,XGBoost,24,2026-08-24 03:00:00+00:00,2026-08-25 03:00:00+00:00,4630.5,4822.44775390625,2,lag_48h,4538.4,-271.4794921875,271.4794921875,-
PT_20260824_0300,PT,Portugal,XGBoost,24,2026-08-24 03:00:00+00:00,2026-08-25 03:00:00+00:00,4630.5,4822.44775390625,3,wind_onshore_mw_lag1h,3248.2,197.66302490234375,197.66302490234375,+
PT_20260824_0300,PT,Portugal,XGBoost,24,2026-08-24 03:00:00+00:00,2026-08-25 03:00:00+00:00,4630.5,4822.44775390625,4,lag_1h,4433.6,193.25291442871094,193.25291442871094,+
PT_20260824_0300,PT,Portugal,XGBoost,24,2026-08-24 03:00:00+00:00,2026-08-25 03:00:00+00:00,4630.5,4822.44775390625,5,hour_sin,0.8660254037844386,-179.5389862060547,179.5389862060547,-
PT_20260824_0300,PT,Portugal,XGBoost,24,2026-08-24 03:00:00+00:00,2026-08-25 03:00:00+00:00,4630.5,4822.44775390625,6,is_weekend,0.0,-162.82029724121094,162.82029724121094,-
PT_20260824_0300,PT,Portugal,XGBoost,24,2026-08-24 03:00:00+00:00,2026-08-25 03:00:00+00:00,4630.5,4822.44775390625,7,rolling_min_24h,4311.4,77.05221557617188,77.05221557617188,+
PT_20260824_0300,PT,Portugal,XGBoost,24,2026-08-24 03:00:00+00:00,2026-08-25 03:00:00+00:00,4630.5,4822.44775390625,8,wind_offshore_mw_lag1h,24.1,64.95265197753906,64.95265197753906,+
PT_20260824_0300,PT,Portugal,XGBoost,24,2026-08-24 03:00:00+00:00,2026-08-25 03:00:00+00:00,4630.5,4822.44775390625,9,lag_12h,5202.4,63.527992248535156,63.527992248535156,+
PT_20260824_0300,PT,Portugal,XGBoost,24,2026-08-24 03:00:00+00:00,2026-08-25 03:00:00+00:00,4630.5,4822.44775390625,10,week_of_year,35.0,-63.418296813964844,63.418296813964844,-
PT_20260824_0400,PT,Portugal,LightGBM,24,2026-08-24 04:00:00+00:00,2026-08-25 04:00:00+00:00,4703.7,4485.883127324925,1,month,8.0,-776.6335004927705,776.6335004927705,-
PT_20260824_0400,PT,Portugal,LightGBM,24,2026-08-24 04:00:00+00:00,2026-08-25 04:00:00+00:00,4703.7,4485.883127324925,2,lag_48h,4543.9,-345.26122364611905,345.26122364611905,-
PT_20260824_0400,PT,Portugal,LightGBM,24,2026-08-24 04:00:00+00:00,2026-08-25 04:00:00+00:00,4703.7,4485.883127324925,3,wind_onshore_mw_lag1h,3289.8,205.05333958745715,205.05333958745715,+
PT_20260824_0400,PT,Portugal,LightGBM,24,2026-08-24 04:00:00+00:00,2026-08-25 04:00:00+00:00,4703.7,4485.883127324925,4,hour_sin,0.9659258262890684,-203.62065031471042,203.62065031471042,-
PT_20260824_0400,PT,Portugal,LightGBM,24,2026-08-24 04:00:00+00:00,2026-08-25 04:00:00+00:00,4703.7,4485.883127324925,5,is_weekend,0.0,-145.16931802722218,145.16931802722218,-
PT_20260824_0400,PT,Portugal,LightGBM,24,2026-08-24 04:00:00+00:00,2026-08-25 04:00:00+00:00,4703.7,4485.883127324925,6,lag_1h,4393.3,130.64078235635532,130.64078235635532,+
PT_20260824_0400,PT,Portugal,LightGBM,24,2026-08-24 04:00:00+00:00,2026-08-25 04:00:00+00:00,4703.7,4485.883127324925,7,week_of_year,35.0,-87.05451440591337,87.05451440591337,-
PT_20260824_0400,PT,Portugal,LightGBM,24,2026-08-24 04:00:00+00:00,2026-08-25 04:00:00+00:00,4703.7,4485.883127324925,8,wind_offshore_mw_lag1h,25.0,82.20504548209483,82.20504548209483,+
PT_20260824_0400,PT,Portugal,LightGBM,24,2026-08-24 04:00:00+00:00,2026-08-25 04:00:00+00:00,4703.7,4485.883127324925,9,rolling_min_24h,4321.1,73.0617473648316,73.0617473648316,+
PT_20260824_0400,PT,Portugal,LightGBM,24,2026-08-24 04:00:00+00:00,2026-08-25 04:00:00+00:00,4703.7,4485.883127324925,10,hydro_pumped_mw_lag1h,797.7,-53.21896993100768,53.21896993100768,-
PT_20260824_0400,PT,Portugal,XGBoost,24,2026-08-24 04:00:00+00:00,2026-08-25 04:00:00+00:00,4703.7,4811.3154296875,1,month,8.0,-730.6746826171875,730.6746826171875,-
PT_20260824_0400,PT,Portugal,XGBoost,24,2026-08-24 04:00:00+00:00,2026-08-25 04:00:00+00:00,4703.7,4811.3154296875,2,lag_48h,4543.9,-271.38372802734375,271.38372802734375,-
PT_20260824_0400,PT,Portugal,XGBoost,24,2026-08-24 04:00:00+00:00,2026-08-25 04:00:00+00:00,4703.7,4811.3154296875,3,wind_onshore_mw_lag1h,3289.8,194.76693725585938,194.76693725585938,+
PT_20260824_0400,PT,Portugal,XGBoost,24,2026-08-24 04:00:00+00:00,2026-08-25 04:00:00+00:00,4703.7,4811.3154296875,4,lag_1h,4393.3,190.43255615234375,190.43255615234375,+
PT_20260824_0400,PT,Portugal,XGBoost,24,2026-08-24 04:00:00+00:00,2026-08-25 04:00:00+00:00,4703.7,4811.3154296875,5,hour_sin,0.9659258262890684,-180.21205139160156,180.21205139160156,-
PT_20260824_0400,PT,Portugal,XGBoost,24,2026-08-24 04:00:00+00:00,2026-08-25 04:00:00+00:00,4703.7,4811.3154296875,6,is_weekend,0.0,-155.2635040283203,155.2635040283203,-
PT_20260824_0400,PT,Portugal,XGBoost,24,2026-08-24 04:00:00+00:00,2026-08-25 04:00:00+00:00,4703.7,4811.3154296875,7,rolling_min_24h,4321.1,75.10931396484375,75.10931396484375,+
PT_20260824_0400,PT,Portugal,XGBoost,24,2026-08-24 04:00:00+00:00,2026-08-25 04:00:00+00:00,4703.7,4811.3154296875,8,wind_offshore_mw_lag1h,25.0,64.95265197753906,64.95265197753906,+
PT_20260824_0400,PT,Portugal,XGBoost,24,2026-08-24 04:00:00+00:00,2026-08-25 04:00:00+00:00,4703.7,4811.3154296875,9,lag_12h,5186.1,63.527992248535156,63.527992248535156,+
PT_20260824_0400,PT,Portugal,XGBoost,24,2026-08-24 04:00:00+00:00,2026-08-25 04:00:00+00:00,4703.7,4811.3154296875,10,week_of_year,35.0,-63.418296813964844,63.418296813964844,-
PT_20260824_0500,PT,Portugal,LightGBM,24,2026-08-24 05:00:00+00:00,2026-08-25 05:00:00+00:00,4946.8,4552.745021242977,1,month,8.0,-766.843262724629,766.843262724629,-
PT_20260824_0500,PT,Portugal,LightGBM,24,2026-08-24 05:00:00+00:00,2026-08-25 05:00:00+00:00,4946.8,4552.745021242977,2,lag_48h,4621.5,-345.13984942060944,345.13984942060944,-
PT_20260824_0500,PT,Portugal,LightGBM,24,2026-08-24 05:00:00+00:00,2026-08-25 05:00:00+00:00,4946.8,4552.745021242977,3,wind_onshore_mw_lag1h,3299.9,212.28967991275937,212.28967991275937,+
PT_20260824_0500,PT,Portugal,LightGBM,24,2026-08-24 05:00:00+00:00,2026-08-25 05:00:00+00:00,4946.8,4552.745021242977,4,hour_sin,1.0,-203.3748074592362,203.3748074592362,-
PT_20260824_0500,PT,Portugal,LightGBM,24,2026-08-24 05:00:00+00:00,2026-08-25 05:00:00+00:00,4946.8,4552.745021242977,5,is_weekend,0.0,-153.64388657593736,153.64388657593736,-
PT_20260824_0500,PT,Portugal,LightGBM,24,2026-08-24 05:00:00+00:00,2026-08-25 05:00:00+00:00,4946.8,4552.745021242977,6,lag_1h,4505.2,132.49600532877727,132.49600532877727,+
PT_20260824_0500,PT,Portugal,LightGBM,24,2026-08-24 05:00:00+00:00,2026-08-25 05:00:00+00:00,4946.8,4552.745021242977,7,wind_offshore_mw_lag1h,25.0,92.94420414142009,92.94420414142009,+
PT_20260824_0500,PT,Portugal,LightGBM,24,2026-08-24 05:00:00+00:00,2026-08-25 05:00:00+00:00,4946.8,4552.745021242977,8,week_of_year,35.0,-87.03961164137027,87.03961164137027,-
PT_20260824_0500,PT,Portugal,LightGBM,24,2026-08-24 05:00:00+00:00,2026-08-25 05:00:00+00:00,4946.8,4552.745021242977,9,rolling_min_24h,4343.7,75.70258784693627,75.70258784693627,+
PT_20260824_0500,PT,Portugal,LightGBM,24,2026-08-24 05:00:00+00:00,2026-08-25 05:00:00+00:00,4946.8,4552.745021242977,10,hydro_pumped_mw_lag1h,1075.9,-54.41653969057227,54.41653969057227,-
PT_20260824_0500,PT,Portugal,XGBoost,24,2026-08-24 05:00:00+00:00,2026-08-25 05:00:00+00:00,4946.8,4832.05419921875,1,month,8.0,-725.369384765625,725.369384765625,-
PT_20260824_0500,PT,Portugal,XGBoost,24,2026-08-24 05:00:00+00:00,2026-08-25 05:00:00+00:00,4946.8,4832.05419921875,2,lag_48h,4621.5,-271.435791015625,271.435791015625,-
PT_20260824_0500,PT,Portugal,XGBoost,24,2026-08-24 05:00:00+00:00,2026-08-25 05:00:00+00:00,4946.8,4832.05419921875,3,wind_onshore_mw_lag1h,3299.9,199.53973388671875,199.53973388671875,+
PT_20260824_0500,PT,Portugal,XGBoost,24,2026-08-24 05:00:00+00:00,2026-08-25 05:00:00+00:00,4946.8,4832.05419921875,4,lag_1h,4505.2,198.01829528808594,198.01829528808594,+
PT_20260824_0500,PT,Portugal,XGBoost,24,2026-08-24 05:00:00+00:00,2026-08-25 05:00:00+00:00,4946.8,4832.05419921875,5,hour_sin,1.0,-180.11605834960938,180.11605834960938,-
PT_20260824_0500,PT,Portugal,XGBoost,24,2026-08-24 05:00:00+00:00,2026-08-25 05:00:00+00:00,4946.8,4832.05419921875,6,is_weekend,0.0,-166.0113983154297,166.0113983154297,-
PT_20260824_0500,PT,Portugal,XGBoost,24,2026-08-24 05:00:00+00:00,2026-08-25 05:00:00+00:00,4946.8,4832.05419921875,7,rolling_min_24h,4343.7,76.39791107177734,76.39791107177734,+
PT_20260824_0500,PT,Portugal,XGBoost,24,2026-08-24 05:00:00+00:00,2026-08-25 05:00:00+00:00,4946.8,4832.05419921875,8,wind_offshore_mw_lag1h,25.0,64.06842041015625,64.06842041015625,+
PT_20260824_0500,PT,Portugal,XGBoost,24,2026-08-24 05:00:00+00:00,2026-08-25 05:00:00+00:00,4946.8,4832.05419921875,9,lag_12h,5547.9,63.56005096435547,63.56005096435547,+
PT_20260824_0500,PT,Portugal,XGBoost,24,2026-08-24 05:00:00+00:00,2026-08-25 05:00:00+00:00,4946.8,4832.05419921875,10,week_of_year,35.0,-63.35877990722656,63.35877990722656,-
PT_20260824_0600,PT,Portugal,LightGBM,24,2026-08-24 06:00:00+00:00,2026-08-25 06:00:00+00:00,5255.0,4575.323949000942,1,month,8.0,-757.318997895846,757.318997895846,-
PT_20260824_0600,PT,Portugal,LightGBM,24,2026-08-24 06:00:00+00:00,2026-08-25 06:00:00+00:00,5255.0,4575.323949000942,2,lag_48h,4648.5,-348.03393955312356,348.03393955312356,-
PT_20260824_0600,PT,Portugal,LightGBM,24,2026-08-24 06:00:00+00:00,2026-08-25 06:00:00+00:00,5255.0,4575.323949000942,3,wind_onshore_mw_lag1h,3361.2,212.15020009549895,212.15020009549895,+
PT_20260824_0600,PT,Portugal,LightGBM,24,2026-08-24 06:00:00+00:00,2026-08-25 06:00:00+00:00,5255.0,4575.323949000942,4,hour_sin,0.9659258262890684,-202.05184651268235,202.05184651268235,-
PT_20260824_0600,PT,Portugal,LightGBM,24,2026-08-24 06:00:00+00:00,2026-08-25 06:00:00+00:00,5255.0,4575.323949000942,5,is_weekend,0.0,-154.09857804587193,154.09857804587193,-
PT_20260824_0600,PT,Portugal,LightGBM,24,2026-08-24 06:00:00+00:00,2026-08-25 06:00:00+00:00,5255.0,4575.323949000942,6,lag_1h,4827.0,133.5480340475655,133.5480340475655,+
PT_20260824_0600,PT,Portugal,LightGBM,24,2026-08-24 06:00:00+00:00,2026-08-25 06:00:00+00:00,5255.0,4575.323949000942,7,wind_offshore_mw_lag1h,25.0,92.69021283948838,92.69021283948838,+
PT_20260824_0600,PT,Portugal,LightGBM,24,2026-08-24 06:00:00+00:00,2026-08-25 06:00:00+00:00,5255.0,4575.323949000942,8,week_of_year,35.0,-87.45062667943441,87.45062667943441,-
PT_20260824_0600,PT,Portugal,LightGBM,24,2026-08-24 06:00:00+00:00,2026-08-25 06:00:00+00:00,5255.0,4575.323949000942,9,rolling_min_24h,4343.7,77.02524895093181,77.02524895093181,+
PT_20260824_0600,PT,Portugal,LightGBM,24,2026-08-24 06:00:00+00:00,2026-08-25 06:00:00+00:00,5255.0,4575.323949000942,10,hydro_pumped_mw_lag1h,2200.7,-52.80711358828183,52.80711358828183,-
PT_20260824_0600,PT,Portugal,XGBoost,24,2026-08-24 06:00:00+00:00,2026-08-25 06:00:00+00:00,5255.0,4854.291015625,1,month,8.0,-720.311767578125,720.311767578125,-
PT_20260824_0600,PT,Portugal,XGBoost,24,2026-08-24 06:00:00+00:00,2026-08-25 06:00:00+00:00,5255.0,4854.291015625,2,lag_48h,4648.5,-275.6405334472656,275.6405334472656,-
PT_20260824_0600,PT,Portugal,XGBoost,24,2026-08-24 06:00:00+00:00,2026-08-25 06:00:00+00:00,5255.0,4854.291015625,3,wind_onshore_mw_lag1h,3361.2,197.9441375732422,197.9441375732422,+
PT_20260824_0600,PT,Portugal,XGBoost,24,2026-08-24 06:00:00+00:00,2026-08-25 06:00:00+00:00,5255.0,4854.291015625,4,lag_1h,4827.0,195.63955688476562,195.63955688476562,+
PT_20260824_0600,PT,Portugal,XGBoost,24,2026-08-24 06:00:00+00:00,2026-08-25 06:00:00+00:00,5255.0,4854.291015625,5,hour_sin,0.9659258262890684,-176.7156524658203,176.7156524658203,-
PT_20260824_0600,PT,Portugal,XGBoost,24,2026-08-24 06:00:00+00:00,2026-08-25 06:00:00+00:00,5255.0,4854.291015625,6,is_weekend,0.0,-163.64926147460938,163.64926147460938,-
PT_20260824_0600,PT,Portugal,XGBoost,24,2026-08-24 06:00:00+00:00,2026-08-25 06:00:00+00:00,5255.0,4854.291015625,7,rolling_min_24h,4343.7,79.72434997558594,79.72434997558594,+
PT_20260824_0600,PT,Portugal,XGBoost,24,2026-08-24 06:00:00+00:00,2026-08-25 06:00:00+00:00,5255.0,4854.291015625,8,wind_offshore_mw_lag1h,25.0,67.35499572753906,67.35499572753906,+
PT_20260824_0600,PT,Portugal,XGBoost,24,2026-08-24 06:00:00+00:00,2026-08-25 06:00:00+00:00,5255.0,4854.291015625,9,lag_12h,5828.5,64.81582641601562,64.81582641601562,+
PT_20260824_0600,PT,Portugal,XGBoost,24,2026-08-24 06:00:00+00:00,2026-08-25 06:00:00+00:00,5255.0,4854.291015625,10,week_of_year,35.0,-61.825653076171875,61.825653076171875,-
PT_20260824_0700,PT,Portugal,LightGBM,24,2026-08-24 07:00:00+00:00,2026-08-25 07:00:00+00:00,5838.2,4569.736130559186,1,month,8.0,-753.5883240960658,753.5883240960658,-
PT_20260824_0700,PT,Portugal,LightGBM,24,2026-08-24 07:00:00+00:00,2026-08-25 07:00:00+00:00,5838.2,4569.736130559186,2,lag_48h,4841.1,-351.8835507644022,351.8835507644022,-
PT_20260824_0700,PT,Portugal,LightGBM,24,2026-08-24 07:00:00+00:00,2026-08-25 07:00:00+00:00,5838.2,4569.736130559186,3,wind_onshore_mw_lag1h,3596.7,212.9325842958849,212.9325842958849,+
PT_20260824_0700,PT,Portugal,LightGBM,24,2026-08-24 07:00:00+00:00,2026-08-25 07:00:00+00:00,5838.2,4569.736130559186,4,hour_sin,0.8660254037844387,-199.64326404452524,199.64326404452524,-
PT_20260824_0700,PT,Portugal,LightGBM,24,2026-08-24 07:00:00+00:00,2026-08-25 07:00:00+00:00,5838.2,4569.736130559186,5,is_weekend,0.0,-158.93221003215842,158.93221003215842,-
PT_20260824_0700,PT,Portugal,LightGBM,24,2026-08-24 07:00:00+00:00,2026-08-25 07:00:00+00:00,5838.2,4569.736130559186,6,lag_1h,5159.0,132.12593737557793,132.12593737557793,+
PT_20260824_0700,PT,Portugal,LightGBM,24,2026-08-24 07:00:00+00:00,2026-08-25 07:00:00+00:00,5838.2,4569.736130559186,7,wind_offshore_mw_lag1h,25.0,93.42394769290371,93.42394769290371,+
PT_20260824_0700,PT,Portugal,LightGBM,24,2026-08-24 07:00:00+00:00,2026-08-25 07:00:00+00:00,5838.2,4569.736130559186,8,week_of_year,35.0,-82.80422217229408,82.80422217229408,-
PT_20260824_0700,PT,Portugal,LightGBM,24,2026-08-24 07:00:00+00:00,2026-08-25 07:00:00+00:00,5838.2,4569.736130559186,9,rolling_min_24h,4393.3,75.24161879994952,75.24161879994952,+
PT_20260824_0700,PT,Portugal,LightGBM,24,2026-08-24 07:00:00+00:00,2026-08-25 07:00:00+00:00,5838.2,4569.736130559186,10,hydro_pumped_mw_lag1h,1765.3,-60.495202190569906,60.495202190569906,-
PT_20260824_0700,PT,Portugal,XGBoost,24,2026-08-24 07:00:00+00:00,2026-08-25 07:00:00+00:00,5838.2,4871.642578125,1,month,8.0,-705.6057739257812,705.6057739257812,-
PT_20260824_0700,PT,Portugal,XGBoost,24,2026-08-24 07:00:00+00:00,2026-08-25 07:00:00+00:00,5838.2,4871.642578125,2,lag_48h,4841.1,-285.465576171875,285.465576171875,-
PT_20260824_0700,PT,Portugal,XGBoost,24,2026-08-24 07:00:00+00:00,2026-08-25 07:00:00+00:00,5838.2,4871.642578125,3,wind_onshore_mw_lag1h,3596.7,201.0923614501953,201.0923614501953,+
PT_20260824_0700,PT,Portugal,XGBoost,24,2026-08-24 07:00:00+00:00,2026-08-25 07:00:00+00:00,5838.2,4871.642578125,4,lag_1h,5159.0,194.325439453125,194.325439453125,+
PT_20260824_0700,PT,Portugal,XGBoost,24,2026-08-24 07:00:00+00:00,2026-08-25 07:00:00+00:00,5838.2,4871.642578125,5,is_weekend,0.0,-175.38082885742188,175.38082885742188,-
PT_20260824_0700,PT,Portugal,XGBoost,24,2026-08-24 07:00:00+00:00,2026-08-25 07:00:00+00:00,5838.2,4871.642578125,6,hour_sin,0.8660254037844387,-173.37448120117188,173.37448120117188,-
PT_20260824_0700,PT,Portugal,XGBoost,24,2026-08-24 07:00:00+00:00,2026-08-25 07:00:00+00:00,5838.2,4871.642578125,7,rolling_min_24h,4393.3,68.7691879272461,68.7691879272461,+
PT_20260824_0700,PT,Portugal,XGBoost,24,2026-08-24 07:00:00+00:00,2026-08-25 07:00:00+00:00,5838.2,4871.642578125,8,wind_offshore_mw_lag1h,25.0,65.14399719238281,65.14399719238281,+
PT_20260824_0700,PT,Portugal,XGBoost,24,2026-08-24 07:00:00+00:00,2026-08-25 07:00:00+00:00,5838.2,4871.642578125,9,solar_mw_lag1h,144.2,63.83037567138672,63.83037567138672,+
PT_20260824_0700,PT,Portugal,XGBoost,24,2026-08-24 07:00:00+00:00,2026-08-25 07:00:00+00:00,5838.2,4871.642578125,10,lag_12h,6050.3,63.29647445678711,63.29647445678711,+
PT_20260824_0800,PT,Portugal,LightGBM,24,2026-08-24 08:00:00+00:00,2026-08-25 08:00:00+00:00,6186.4,4496.70743547943,1,month,8.0,-773.0127582682044,773.0127582682044,-
PT_20260824_0800,PT,Portugal,LightGBM,24,2026-08-24 08:00:00+00:00,2026-08-25 08:00:00+00:00,6186.4,4496.70743547943,2,lag_48h,5025.9,-344.7227958728838,344.7227958728838,-
PT_20260824_0800,PT,Portugal,LightGBM,24,2026-08-24 08:00:00+00:00,2026-08-25 08:00:00+00:00,6186.4,4496.70743547943,3,hour_sin,0.7071067811865476,-202.75973637651302,202.75973637651302,-
PT_20260824_0800,PT,Portugal,LightGBM,24,2026-08-24 08:00:00+00:00,2026-08-25 08:00:00+00:00,6186.4,4496.70743547943,4,wind_onshore_mw_lag1h,3756.6,201.86097194164293,201.86097194164293,+
PT_20260824_0800,PT,Portugal,LightGBM,24,2026-08-24 08:00:00+00:00,2026-08-25 08:00:00+00:00,6186.4,4496.70743547943,5,is_weekend,0.0,-145.41717010786527,145.41717010786527,-
PT_20260824_0800,PT,Portugal,LightGBM,24,2026-08-24 08:00:00+00:00,2026-08-25 08:00:00+00:00,6186.4,4496.70743547943,6,lag_1h,5763.5,130.2327170748305,130.2327170748305,+
PT_20260824_0800,PT,Portugal,LightGBM,24,2026-08-24 08:00:00+00:00,2026-08-25 08:00:00+00:00,6186.4,4496.70743547943,7,week_of_year,35.0,-83.33437531340715,83.33437531340715,-
PT_20260824_0800,PT,Portugal,LightGBM,24,2026-08-24 08:00:00+00:00,2026-08-25 08:00:00+00:00,6186.4,4496.70743547943,8,wind_offshore_mw_lag1h,25.0,82.02543319339752,82.02543319339752,+
PT_20260824_0800,PT,Portugal,LightGBM,24,2026-08-24 08:00:00+00:00,2026-08-25 08:00:00+00:00,6186.4,4496.70743547943,9,rolling_min_24h,4393.3,73.66539823217201,73.66539823217201,+
PT_20260824_0800,PT,Portugal,LightGBM,24,2026-08-24 08:00:00+00:00,2026-08-25 08:00:00+00:00,6186.4,4496.70743547943,10,dow_sin,0.0,-51.38601339161079,51.38601339161079,-
PT_20260824_0800,PT,Portugal,XGBoost,24,2026-08-24 08:00:00+00:00,2026-08-25 08:00:00+00:00,6186.4,4811.6748046875,1,month,8.0,-726.24951171875,726.24951171875,-
PT_20260824_0800,PT,Portugal,XGBoost,24,2026-08-24 08:00:00+00:00,2026-08-25 08:00:00+00:00,6186.4,4811.6748046875,2,lag_48h,5025.9,-276.791748046875,276.791748046875,-
PT_20260824_0800,PT,Portugal,XGBoost,24,2026-08-24 08:00:00+00:00,2026-08-25 08:00:00+00:00,6186.4,4811.6748046875,3,wind_onshore_mw_lag1h,3756.6,195.6754913330078,195.6754913330078,+
PT_20260824_0800,PT,Portugal,XGBoost,24,2026-08-24 08:00:00+00:00,2026-08-25 08:00:00+00:00,6186.4,4811.6748046875,4,lag_1h,5763.5,190.2733612060547,190.2733612060547,+
PT_20260824_0800,PT,Portugal,XGBoost,24,2026-08-24 08:00:00+00:00,2026-08-25 08:00:00+00:00,6186.4,4811.6748046875,5,hour_sin,0.7071067811865476,-176.6062469482422,176.6062469482422,-
PT_20260824_0800,PT,Portugal,XGBoost,24,2026-08-24 08:00:00+00:00,2026-08-25 08:00:00+00:00,6186.4,4811.6748046875,6,is_weekend,0.0,-154.6424102783203,154.6424102783203,-
PT_20260824_0800,PT,Portugal,XGBoost,24,2026-08-24 08:00:00+00:00,2026-08-25 08:00:00+00:00,6186.4,4811.6748046875,7,rolling_min_24h,4393.3,71.16534423828125,71.16534423828125,+
PT_20260824_0800,PT,Portugal,XGBoost,24,2026-08-24 08:00:00+00:00,2026-08-25 08:00:00+00:00,6186.4,4811.6748046875,8,lag_12h,5897.7,66.33250427246094,66.33250427246094,+
PT_20260824_0800,PT,Portugal,XGBoost,24,2026-08-24 08:00:00+00:00,2026-08-25 08:00:00+00:00,6186.4,4811.6748046875,9,wind_offshore_mw_lag1h,25.0,64.13113403320312,64.13113403320312,+
PT_20260824_0800,PT,Portugal,XGBoost,24,2026-08-24 08:00:00+00:00,2026-08-25 08:00:00+00:00,6186.4,4811.6748046875,10,solar_mw_lag1h,686.6,62.94449234008789,62.94449234008789,+
PT_20260824_0900,PT,Portugal,LightGBM,24,2026-08-24 09:00:00+00:00,2026-08-25 09:00:00+00:00,6341.5,4578.865269461398,1,month,8.0,-769.2628859864584,769.2628859864584,-
PT_20260824_0900,PT,Portugal,LightGBM,24,2026-08-24 09:00:00+00:00,2026-08-25 09:00:00+00:00,6341.5,4578.865269461398,2,lag_48h,5041.6,-342.0629667438253,342.0629667438253,-
PT_20260824_0900,PT,Portugal,LightGBM,24,2026-08-24 09:00:00+00:00,2026-08-25 09:00:00+00:00,6341.5,4578.865269461398,3,wind_onshore_mw_lag1h,3901.5,208.17115275698853,208.17115275698853,+
PT_20260824_0900,PT,Portugal,LightGBM,24,2026-08-24 09:00:00+00:00,2026-08-25 09:00:00+00:00,6341.5,4578.865269461398,4,hour_sin,0.4999999999999999,-203.56871080104636,203.56871080104636,-
PT_20260824_0900,PT,Portugal,LightGBM,24,2026-08-24 09:00:00+00:00,2026-08-25 09:00:00+00:00,6341.5,4578.865269461398,5,is_weekend,0.0,-142.94215185374378,142.94215185374378,-
PT_20260824_0900,PT,Portugal,LightGBM,24,2026-08-24 09:00:00+00:00,2026-08-25 09:00:00+00:00,6341.5,4578.865269461398,6,lag_1h,6193.2,129.11332810285137,129.11332810285137,+
PT_20260824_0900,PT,Portugal,LightGBM,24,2026-08-24 09:00:00+00:00,2026-08-25 09:00:00+00:00,6341.5,4578.865269461398,7,week_of_year,35.0,-83.33633330295721,83.33633330295721,-
PT_20260824_0900,PT,Portugal,LightGBM,24,2026-08-24 09:00:00+00:00,2026-08-25 09:00:00+00:00,6341.5,4578.865269461398,8,wind_offshore_mw_lag1h,25.0,82.47362541983247,82.47362541983247,+
PT_20260824_0900,PT,Portugal,LightGBM,24,2026-08-24 09:00:00+00:00,2026-08-25 09:00:00+00:00,6341.5,4578.865269461398,9,rolling_min_24h,4393.3,73.79806901652275,73.79806901652275,+
PT_20260824_0900,PT,Portugal,LightGBM,24,2026-08-24 09:00:00+00:00,2026-08-25 09:00:00+00:00,6341.5,4578.865269461398,10,lag_12h,5599.9,52.54826222921172,52.54826222921172,+
PT_20260824_0900,PT,Portugal,XGBoost,24,2026-08-24 09:00:00+00:00,2026-08-25 09:00:00+00:00,6341.5,4905.54150390625,1,month,8.0,-715.0701904296875,715.0701904296875,-
PT_20260824_0900,PT,Portugal,XGBoost,24,2026-08-24 09:00:00+00:00,2026-08-25 09:00:00+00:00,6341.5,4905.54150390625,2,lag_48h,5041.6,-268.56170654296875,268.56170654296875,-
PT_20260824_0900,PT,Portugal,XGBoost,24,2026-08-24 09:00:00+00:00,2026-08-25 09:00:00+00:00,6341.5,4905.54150390625,3,wind_onshore_mw_lag1h,3901.5,192.90333557128906,192.90333557128906,+
PT_20260824_0900,PT,Portugal,XGBoost,24,2026-08-24 09:00:00+00:00,2026-08-25 09:00:00+00:00,6341.5,4905.54150390625,4,lag_1h,6193.2,186.8668975830078,186.8668975830078,+
PT_20260824_0900,PT,Portugal,XGBoost,24,2026-08-24 09:00:00+00:00,2026-08-25 09:00:00+00:00,6341.5,4905.54150390625,5,hour_sin,0.4999999999999999,-184.85662841796875,184.85662841796875,-
PT_20260824_0900,PT,Portugal,XGBoost,24,2026-08-24 09:00:00+00:00,2026-08-25 09:00:00+00:00,6341.5,4905.54150390625,6,is_weekend,0.0,-155.7827911376953,155.7827911376953,-
PT_20260824_0900,PT,Portugal,XGBoost,24,2026-08-24 09:00:00+00:00,2026-08-25 09:00:00+00:00,6341.5,4905.54150390625,7,rolling_min_24h,4393.3,69.7690658569336,69.7690658569336,+
PT_20260824_0900,PT,Portugal,XGBoost,24,2026-08-24 09:00:00+00:00,2026-08-25 09:00:00+00:00,6341.5,4905.54150390625,8,lag_12h,5599.9,68.09123992919922,68.09123992919922,+
PT_20260824_0900,PT,Portugal,XGBoost,24,2026-08-24 09:00:00+00:00,2026-08-25 09:00:00+00:00,6341.5,4905.54150390625,9,solar_mw_lag1h,1188.2,67.8891372680664,67.8891372680664,+
PT_20260824_0900,PT,Portugal,XGBoost,24,2026-08-24 09:00:00+00:00,2026-08-25 09:00:00+00:00,6341.5,4905.54150390625,10,wind_offshore_mw_lag1h,25.0,64.04145050048828,64.04145050048828,+
PT_20260824_1000,PT,Portugal,LightGBM,24,2026-08-24 10:00:00+00:00,2026-08-25 10:00:00+00:00,6426.1,4625.240639066801,1,month,8.0,-748.4512820864377,748.4512820864377,-
PT_20260824_1000,PT,Portugal,LightGBM,24,2026-08-24 10:00:00+00:00,2026-08-25 10:00:00+00:00,6426.1,4625.240639066801,2,lag_48h,5089.1,-343.3906488858259,343.3906488858259,-
PT_20260824_1000,PT,Portugal,LightGBM,24,2026-08-24 10:00:00+00:00,2026-08-25 10:00:00+00:00,6426.1,4625.240639066801,3,wind_onshore_mw_lag1h,4080.6,214.0599538885826,214.0599538885826,+
PT_20260824_1000,PT,Portugal,LightGBM,24,2026-08-24 10:00:00+00:00,2026-08-25 10:00:00+00:00,6426.1,4625.240639066801,4,hour_sin,0.258819045102521,-204.70921355298518,204.70921355298518,-
PT_20260824_1000,PT,Portugal,LightGBM,24,2026-08-24 10:00:00+00:00,2026-08-25 10:00:00+00:00,6426.1,4625.240639066801,5,is_weekend,0.0,-143.58512958602907,143.58512958602907,-
PT_20260824_1000,PT,Portugal,LightGBM,24,2026-08-24 10:00:00+00:00,2026-08-25 10:00:00+00:00,6426.1,4625.240639066801,6,lag_1h,6509.7,130.38183224967824,130.38183224967824,+
PT_20260824_1000,PT,Portugal,LightGBM,24,2026-08-24 10:00:00+00:00,2026-08-25 10:00:00+00:00,6426.1,4625.240639066801,7,wind_offshore_mw_lag1h,24.8,83.84742696177986,83.84742696177986,+
PT_20260824_1000,PT,Portugal,LightGBM,24,2026-08-24 10:00:00+00:00,2026-08-25 10:00:00+00:00,6426.1,4625.240639066801,8,week_of_year,35.0,-81.54895698438771,81.54895698438771,-
PT_20260824_1000,PT,Portugal,LightGBM,24,2026-08-24 10:00:00+00:00,2026-08-25 10:00:00+00:00,6426.1,4625.240639066801,9,rolling_min_24h,4393.3,73.88711436612063,73.88711436612063,+
PT_20260824_1000,PT,Portugal,LightGBM,24,2026-08-24 10:00:00+00:00,2026-08-25 10:00:00+00:00,6426.1,4625.240639066801,10,dow_sin,0.0,-54.48059719980093,54.48059719980093,-
PT_20260824_1000,PT,Portugal,XGBoost,24,2026-08-24 10:00:00+00:00,2026-08-25 10:00:00+00:00,6426.1,4934.6591796875,1,month,8.0,-709.6127319335938,709.6127319335938,-
PT_20260824_1000,PT,Portugal,XGBoost,24,2026-08-24 10:00:00+00:00,2026-08-25 10:00:00+00:00,6426.1,4934.6591796875,2,lag_48h,5089.1,-267.9041442871094,267.9041442871094,-
PT_20260824_1000,PT,Portugal,XGBoost,24,2026-08-24 10:00:00+00:00,2026-08-25 10:00:00+00:00,6426.1,4934.6591796875,3,wind_onshore_mw_lag1h,4080.6,197.3363800048828,197.3363800048828,+
PT_20260824_1000,PT,Portugal,XGBoost,24,2026-08-24 10:00:00+00:00,2026-08-25 10:00:00+00:00,6426.1,4934.6591796875,4,lag_1h,6509.7,188.51275634765625,188.51275634765625,+
PT_20260824_1000,PT,Portugal,XGBoost,24,2026-08-24 10:00:00+00:00,2026-08-25 10:00:00+00:00,6426.1,4934.6591796875,5,hour_sin,0.258819045102521,-185.3384246826172,185.3384246826172,-
PT_20260824_1000,PT,Portugal,XGBoost,24,2026-08-24 10:00:00+00:00,2026-08-25 10:00:00+00:00,6426.1,4934.6591796875,6,is_weekend,0.0,-156.203125,156.203125,-
PT_20260824_1000,PT,Portugal,XGBoost,24,2026-08-24 10:00:00+00:00,2026-08-25 10:00:00+00:00,6426.1,4934.6591796875,7,solar_mw_lag1h,1407.6,71.14381408691406,71.14381408691406,+
PT_20260824_1000,PT,Portugal,XGBoost,24,2026-08-24 10:00:00+00:00,2026-08-25 10:00:00+00:00,6426.1,4934.6591796875,8,lag_12h,5258.3,70.68919372558594,70.68919372558594,+
PT_20260824_1000,PT,Portugal,XGBoost,24,2026-08-24 10:00:00+00:00,2026-08-25 10:00:00+00:00,6426.1,4934.6591796875,9,rolling_min_24h,4393.3,69.42837524414062,69.42837524414062,+
PT_20260824_1000,PT,Portugal,XGBoost,24,2026-08-24 10:00:00+00:00,2026-08-25 10:00:00+00:00,6426.1,4934.6591796875,10,wind_offshore_mw_lag1h,24.8,63.744834899902344,63.744834899902344,+
PT_20260824_1100,PT,Portugal,LightGBM,24,2026-08-24 11:00:00+00:00,2026-08-25 11:00:00+00:00,6461.5,4625.240639066801,1,month,8.0,-748.5989918004859,748.5989918004859,-
PT_20260824_1100,PT,Portugal,LightGBM,24,2026-08-24 11:00:00+00:00,2026-08-25 11:00:00+00:00,6461.5,4625.240639066801,2,lag_48h,5162.7,-343.3776486694332,343.3776486694332,-
PT_20260824_1100,PT,Portugal,LightGBM,24,2026-08-24 11:00:00+00:00,2026-08-25 11:00:00+00:00,6461.5,4625.240639066801,3,wind_onshore_mw_lag1h,4150.0,214.10087580279802,214.10087580279802,+
PT_20260824_1100,PT,Portugal,LightGBM,24,2026-08-24 11:00:00+00:00,2026-08-25 11:00:00+00:00,6461.5,4625.240639066801,4,hour_sin,1.2246467991473532e-16,-205.3095760024331,205.3095760024331,-
PT_20260824_1100,PT,Portugal,LightGBM,24,2026-08-24 11:00:00+00:00,2026-08-25 11:00:00+00:00,6461.5,4625.240639066801,5,is_weekend,0.0,-143.58512958602907,143.58512958602907,-
PT_20260824_1100,PT,Portugal,LightGBM,24,2026-08-24 11:00:00+00:00,2026-08-25 11:00:00+00:00,6461.5,4625.240639066801,6,lag_1h,6576.2,130.38183224967824,130.38183224967824,+
PT_20260824_1100,PT,Portugal,LightGBM,24,2026-08-24 11:00:00+00:00,2026-08-25 11:00:00+00:00,6461.5,4625.240639066801,7,wind_offshore_mw_lag1h,25.0,83.84742696177986,83.84742696177986,+
PT_20260824_1100,PT,Portugal,LightGBM,24,2026-08-24 11:00:00+00:00,2026-08-25 11:00:00+00:00,6461.5,4625.240639066801,8,week_of_year,35.0,-81.55395507889008,81.55395507889008,-
PT_20260824_1100,PT,Portugal,LightGBM,24,2026-08-24 11:00:00+00:00,2026-08-25 11:00:00+00:00,6461.5,4625.240639066801,9,rolling_min_24h,4393.3,73.88711436612063,73.88711436612063,+
PT_20260824_1100,PT,Portugal,LightGBM,24,2026-08-24 11:00:00+00:00,2026-08-25 11:00:00+00:00,6461.5,4625.240639066801,10,dow_sin,0.0,-54.49597338376432,54.49597338376432,-
PT_20260824_1100,PT,Portugal,XGBoost,24,2026-08-24 11:00:00+00:00,2026-08-25 11:00:00+00:00,6461.5,4934.6591796875,1,month,8.0,-709.6194458007812,709.6194458007812,-
PT_20260824_1100,PT,Portugal,XGBoost,24,2026-08-24 11:00:00+00:00,2026-08-25 11:00:00+00:00,6461.5,4934.6591796875,2,lag_48h,5162.7,-269.4617919921875,269.4617919921875,-
PT_20260824_1100,PT,Portugal,XGBoost,24,2026-08-24 11:00:00+00:00,2026-08-25 11:00:00+00:00,6461.5,4934.6591796875,3,wind_onshore_mw_lag1h,4150.0,197.32139587402344,197.32139587402344,+
PT_20260824_1100,PT,Portugal,XGBoost,24,2026-08-24 11:00:00+00:00,2026-08-25 11:00:00+00:00,6461.5,4934.6591796875,4,lag_1h,6576.2,188.6337127685547,188.6337127685547,+
PT_20260824_1100,PT,Portugal,XGBoost,24,2026-08-24 11:00:00+00:00,2026-08-25 11:00:00+00:00,6461.5,4934.6591796875,5,hour_sin,1.2246467991473532e-16,-185.1796112060547,185.1796112060547,-
PT_20260824_1100,PT,Portugal,XGBoost,24,2026-08-24 11:00:00+00:00,2026-08-25 11:00:00+00:00,6461.5,4934.6591796875,6,is_weekend,0.0,-156.203125,156.203125,-
PT_20260824_1100,PT,Portugal,XGBoost,24,2026-08-24 11:00:00+00:00,2026-08-25 11:00:00+00:00,6461.5,4934.6591796875,7,solar_mw_lag1h,1658.8,70.99358367919922,70.99358367919922,+
PT_20260824_1100,PT,Portugal,XGBoost,24,2026-08-24 11:00:00+00:00,2026-08-25 11:00:00+00:00,6461.5,4934.6591796875,8,lag_12h,4975.0,70.68455505371094,70.68455505371094,+
PT_20260824_1100,PT,Portugal,XGBoost,24,2026-08-24 11:00:00+00:00,2026-08-25 11:00:00+00:00,6461.5,4934.6591796875,9,rolling_min_24h,4393.3,69.42837524414062,69.42837524414062,+
PT_20260824_1100,PT,Portugal,XGBoost,24,2026-08-24 11:00:00+00:00,2026-08-25 11:00:00+00:00,6461.5,4934.6591796875,10,wind_offshore_mw_lag1h,25.0,63.75364685058594,63.75364685058594,+
PT_20260824_1200,PT,Portugal,LightGBM,24,2026-08-24 12:00:00+00:00,2026-08-25 12:00:00+00:00,6224.2,4615.217989067487,1,month,8.0,-748.6641897445896,748.6641897445896,-
PT_20260824_1200,PT,Portugal,LightGBM,24,2026-08-24 12:00:00+00:00,2026-08-25 12:00:00+00:00,6224.2,4615.217989067487,2,lag_48h,5014.9,-344.8036275476716,344.8036275476716,-
PT_20260824_1200,PT,Portugal,LightGBM,24,2026-08-24 12:00:00+00:00,2026-08-25 12:00:00+00:00,6224.2,4615.217989067487,3,wind_onshore_mw_lag1h,4067.0,214.10391878779978,214.10391878779978,+
PT_20260824_1200,PT,Portugal,LightGBM,24,2026-08-24 12:00:00+00:00,2026-08-25 12:00:00+00:00,6224.2,4615.217989067487,4,hour_sin,-0.2588190451025208,-204.2450228348355,204.2450228348355,-
PT_20260824_1200,PT,Portugal,LightGBM,24,2026-08-24 12:00:00+00:00,2026-08-25 12:00:00+00:00,6224.2,4615.217989067487,5,is_weekend,0.0,-143.61246791424352,143.61246791424352,-
PT_20260824_1200,PT,Portugal,LightGBM,24,2026-08-24 12:00:00+00:00,2026-08-25 12:00:00+00:00,6224.2,4615.217989067487,6,lag_1h,6534.0,130.22115667743316,130.22115667743316,+
PT_20260824_1200,PT,Portugal,LightGBM,24,2026-08-24 12:00:00+00:00,2026-08-25 12:00:00+00:00,6224.2,4615.217989067487,7,wind_offshore_mw_lag1h,25.0,83.87155594826581,83.87155594826581,+
PT_20260824_1200,PT,Portugal,LightGBM,24,2026-08-24 12:00:00+00:00,2026-08-25 12:00:00+00:00,6224.2,4615.217989067487,8,week_of_year,35.0,-81.55395507889008,81.55395507889008,-
PT_20260824_1200,PT,Portugal,LightGBM,24,2026-08-24 12:00:00+00:00,2026-08-25 12:00:00+00:00,6224.2,4615.217989067487,9,rolling_min_24h,4393.3,73.93126600599972,73.93126600599972,+
PT_20260824_1200,PT,Portugal,LightGBM,24,2026-08-24 12:00:00+00:00,2026-08-25 12:00:00+00:00,6224.2,4615.217989067487,10,dow_sin,0.0,-54.61196393774465,54.61196393774465,-
PT_20260824_1200,PT,Portugal,XGBoost,24,2026-08-24 12:00:00+00:00,2026-08-25 12:00:00+00:00,6224.2,4936.5341796875,1,month,8.0,-711.0667114257812,711.0667114257812,-
PT_20260824_1200,PT,Portugal,XGBoost,24,2026-08-24 12:00:00+00:00,2026-08-25 12:00:00+00:00,6224.2,4936.5341796875,2,lag_48h,5014.9,-269.6929931640625,269.6929931640625,-
PT_20260824_1200,PT,Portugal,XGBoost,24,2026-08-24 12:00:00+00:00,2026-08-25 12:00:00+00:00,6224.2,4936.5341796875,3,wind_onshore_mw_lag1h,4067.0,197.3213653564453,197.3213653564453,+
PT_20260824_1200,PT,Portugal,XGBoost,24,2026-08-24 12:00:00+00:00,2026-08-25 12:00:00+00:00,6224.2,4936.5341796875,4,lag_1h,6534.0,187.1541748046875,187.1541748046875,+
PT_20260824_1200,PT,Portugal,XGBoost,24,2026-08-24 12:00:00+00:00,2026-08-25 12:00:00+00:00,6224.2,4936.5341796875,5,hour_sin,-0.2588190451025208,-183.5596466064453,183.5596466064453,-
PT_20260824_1200,PT,Portugal,XGBoost,24,2026-08-24 12:00:00+00:00,2026-08-25 12:00:00+00:00,6224.2,4936.5341796875,6,is_weekend,0.0,-156.20513916015625,156.20513916015625,-
PT_20260824_1200,PT,Portugal,XGBoost,24,2026-08-24 12:00:00+00:00,2026-08-25 12:00:00+00:00,6224.2,4936.5341796875,7,solar_mw_lag1h,1814.4,71.31732177734375,71.31732177734375,+
PT_20260824_1200,PT,Portugal,XGBoost,24,2026-08-24 12:00:00+00:00,2026-08-25 12:00:00+00:00,6224.2,4936.5341796875,8,lag_12h,4716.5,70.24249267578125,70.24249267578125,+
PT_20260824_1200,PT,Portugal,XGBoost,24,2026-08-24 12:00:00+00:00,2026-08-25 12:00:00+00:00,6224.2,4936.5341796875,9,rolling_min_24h,4393.3,69.53982543945312,69.53982543945312,+
PT_20260824_1200,PT,Portugal,XGBoost,24,2026-08-24 12:00:00+00:00,2026-08-25 12:00:00+00:00,6224.2,4936.5341796875,10,wind_offshore_mw_lag1h,25.0,63.76014709472656,63.76014709472656,+
PT_20260824_1300,PT,Portugal,LightGBM,24,2026-08-24 13:00:00+00:00,2026-08-25 13:00:00+00:00,6062.4,4615.217989067487,1,month,8.0,-748.6568999179856,748.6568999179856,-
PT_20260824_1300,PT,Portugal,LightGBM,24,2026-08-24 13:00:00+00:00,2026-08-25 13:00:00+00:00,6062.4,4615.217989067487,2,lag_48h,4875.1,-344.7963377210676,344.7963377210676,-
PT_20260824_1300,PT,Portugal,LightGBM,24,2026-08-24 13:00:00+00:00,2026-08-25 13:00:00+00:00,6062.4,4615.217989067487,3,wind_onshore_mw_lag1h,4051.1,214.10391878779978,214.10391878779978,+
PT_20260824_1300,PT,Portugal,LightGBM,24,2026-08-24 13:00:00+00:00,2026-08-25 13:00:00+00:00,6062.4,4615.217989067487,4,hour_sin,-0.4999999999999997,-204.24635503781448,204.24635503781448,-
PT_20260824_1300,PT,Portugal,LightGBM,24,2026-08-24 13:00:00+00:00,2026-08-25 13:00:00+00:00,6062.4,4615.217989067487,5,is_weekend,0.0,-143.61246791424352,143.61246791424352,-
PT_20260824_1300,PT,Portugal,LightGBM,24,2026-08-24 13:00:00+00:00,2026-08-25 13:00:00+00:00,6062.4,4615.217989067487,6,lag_1h,6365.1,130.2118485530868,130.2118485530868,+
PT_20260824_1300,PT,Portugal,LightGBM,24,2026-08-24 13:00:00+00:00,2026-08-25 13:00:00+00:00,6062.4,4615.217989067487,7,wind_offshore_mw_lag1h,25.0,83.87155594826581,83.87155594826581,+
PT_20260824_1300,PT,Portugal,LightGBM,24,2026-08-24 13:00:00+00:00,2026-08-25 13:00:00+00:00,6062.4,4615.217989067487,8,week_of_year,35.0,-81.55395507889008,81.55395507889008,-
PT_20260824_1300,PT,Portugal,LightGBM,24,2026-08-24 13:00:00+00:00,2026-08-25 13:00:00+00:00,6062.4,4615.217989067487,9,rolling_min_24h,4393.3,73.93126600599972,73.93126600599972,+
PT_20260824_1300,PT,Portugal,LightGBM,24,2026-08-24 13:00:00+00:00,2026-08-25 13:00:00+00:00,6062.4,4615.217989067487,10,dow_sin,0.0,-54.61196393774465,54.61196393774465,-
PT_20260824_1300,PT,Portugal,XGBoost,24,2026-08-24 13:00:00+00:00,2026-08-25 13:00:00+00:00,6062.4,4933.423828125,1,month,8.0,-711.1915893554688,711.1915893554688,-
PT_20260824_1300,PT,Portugal,XGBoost,24,2026-08-24 13:00:00+00:00,2026-08-25 13:00:00+00:00,6062.4,4933.423828125,2,lag_48h,4875.1,-269.6922912597656,269.6922912597656,-
PT_20260824_1300,PT,Portugal,XGBoost,24,2026-08-24 13:00:00+00:00,2026-08-25 13:00:00+00:00,6062.4,4933.423828125,3,wind_onshore_mw_lag1h,4051.1,197.3213653564453,197.3213653564453,+
PT_20260824_1300,PT,Portugal,XGBoost,24,2026-08-24 13:00:00+00:00,2026-08-25 13:00:00+00:00,6062.4,4933.423828125,4,lag_1h,6365.1,187.29306030273438,187.29306030273438,+
PT_20260824_1300,PT,Portugal,XGBoost,24,2026-08-24 13:00:00+00:00,2026-08-25 13:00:00+00:00,6062.4,4933.423828125,5,hour_sin,-0.4999999999999997,-183.57554626464844,183.57554626464844,-
PT_20260824_1300,PT,Portugal,XGBoost,24,2026-08-24 13:00:00+00:00,2026-08-25 13:00:00+00:00,6062.4,4933.423828125,6,is_weekend,0.0,-156.2038116455078,156.2038116455078,-
PT_20260824_1300,PT,Portugal,XGBoost,24,2026-08-24 13:00:00+00:00,2026-08-25 13:00:00+00:00,6062.4,4933.423828125,7,solar_mw_lag1h,1853.0,71.02304077148438,71.02304077148438,+
PT_20260824_1300,PT,Portugal,XGBoost,24,2026-08-24 13:00:00+00:00,2026-08-25 13:00:00+00:00,6062.4,4933.423828125,8,lag_12h,4538.7,70.24249267578125,70.24249267578125,+
PT_20260824_1300,PT,Portugal,XGBoost,24,2026-08-24 13:00:00+00:00,2026-08-25 13:00:00+00:00,6062.4,4933.423828125,9,rolling_min_24h,4393.3,69.53982543945312,69.53982543945312,+
PT_20260824_1300,PT,Portugal,XGBoost,24,2026-08-24 13:00:00+00:00,2026-08-25 13:00:00+00:00,6062.4,4933.423828125,10,wind_offshore_mw_lag1h,25.0,63.8056640625,63.8056640625,+
PT_20260824_1400,PT,Portugal,LightGBM,24,2026-08-24 14:00:00+00:00,2026-08-25 14:00:00+00:00,5993.2,4615.217989067487,1,month,8.0,-748.9419672485576,748.9419672485576,-
PT_20260824_1400,PT,Portugal,LightGBM,24,2026-08-24 14:00:00+00:00,2026-08-25 14:00:00+00:00,5993.2,4615.217989067487,2,lag_48h,4844.5,-344.8724035384885,344.8724035384885,-
PT_20260824_1400,PT,Portugal,LightGBM,24,2026-08-24 14:00:00+00:00,2026-08-25 14:00:00+00:00,5993.2,4615.217989067487,3,wind_onshore_mw_lag1h,4047.0,214.10391878779978,214.10391878779978,+
PT_20260824_1400,PT,Portugal,LightGBM,24,2026-08-24 14:00:00+00:00,2026-08-25 14:00:00+00:00,5993.2,4615.217989067487,4,hour_sin,-0.7071067811865471,-204.2296623555813,204.2296623555813,-
PT_20260824_1400,PT,Portugal,LightGBM,24,2026-08-24 14:00:00+00:00,2026-08-25 14:00:00+00:00,5993.2,4615.217989067487,5,is_weekend,0.0,-143.61246791424352,143.61246791424352,-
PT_20260824_1400,PT,Portugal,LightGBM,24,2026-08-24 14:00:00+00:00,2026-08-25 14:00:00+00:00,5993.2,4615.217989067487,6,lag_1h,6301.1,130.25108392101768,130.25108392101768,+
PT_20260824_1400,PT,Portugal,LightGBM,24,2026-08-24 14:00:00+00:00,2026-08-25 14:00:00+00:00,5993.2,4615.217989067487,7,wind_offshore_mw_lag1h,25.0,83.87155594826581,83.87155594826581,+
PT_20260824_1400,PT,Portugal,LightGBM,24,2026-08-24 14:00:00+00:00,2026-08-25 14:00:00+00:00,5993.2,4615.217989067487,8,week_of_year,35.0,-81.53905231434699,81.53905231434699,-
PT_20260824_1400,PT,Portugal,LightGBM,24,2026-08-24 14:00:00+00:00,2026-08-25 14:00:00+00:00,5993.2,4615.217989067487,9,rolling_min_24h,4393.3,73.93126600599972,73.93126600599972,+
PT_20260824_1400,PT,Portugal,LightGBM,24,2026-08-24 14:00:00+00:00,2026-08-25 14:00:00+00:00,5993.2,4615.217989067487,10,dow_sin,0.0,-54.59756018634307,54.59756018634307,-
PT_20260824_1400,PT,Portugal,XGBoost,24,2026-08-24 14:00:00+00:00,2026-08-25 14:00:00+00:00,5993.2,4932.87646484375,1,month,8.0,-711.2396850585938,711.2396850585938,-
PT_20260824_1400,PT,Portugal,XGBoost,24,2026-08-24 14:00:00+00:00,2026-08-25 14:00:00+00:00,5993.2,4932.87646484375,2,lag_48h,4844.5,-268.8795471191406,268.8795471191406,-
PT_20260824_1400,PT,Portugal,XGBoost,24,2026-08-24 14:00:00+00:00,2026-08-25 14:00:00+00:00,5993.2,4932.87646484375,3,wind_onshore_mw_lag1h,4047.0,197.2620086669922,197.2620086669922,+
PT_20260824_1400,PT,Portugal,XGBoost,24,2026-08-24 14:00:00+00:00,2026-08-25 14:00:00+00:00,5993.2,4932.87646484375,4,lag_1h,6301.1,187.32623291015625,187.32623291015625,+
PT_20260824_1400,PT,Portugal,XGBoost,24,2026-08-24 14:00:00+00:00,2026-08-25 14:00:00+00:00,5993.2,4932.87646484375,5,hour_sin,-0.7071067811865471,-184.6331329345703,184.6331329345703,-
PT_20260824_1400,PT,Portugal,XGBoost,24,2026-08-24 14:00:00+00:00,2026-08-25 14:00:00+00:00,5993.2,4932.87646484375,6,is_weekend,0.0,-156.2989959716797,156.2989959716797,-
PT_20260824_1400,PT,Portugal,XGBoost,24,2026-08-24 14:00:00+00:00,2026-08-25 14:00:00+00:00,5993.2,4932.87646484375,7,solar_mw_lag1h,1375.2,72.29015350341797,72.29015350341797,+
PT_20260824_1400,PT,Portugal,XGBoost,24,2026-08-24 14:00:00+00:00,2026-08-25 14:00:00+00:00,5993.2,4932.87646484375,8,lag_12h,4433.6,70.23770904541016,70.23770904541016,+
PT_20260824_1400,PT,Portugal,XGBoost,24,2026-08-24 14:00:00+00:00,2026-08-25 14:00:00+00:00,5993.2,4932.87646484375,9,rolling_min_24h,4393.3,69.53777313232422,69.53777313232422,+
PT_20260824_1400,PT,Portugal,XGBoost,24,2026-08-24 14:00:00+00:00,2026-08-25 14:00:00+00:00,5993.2,4932.87646484375,10,wind_offshore_mw_lag1h,25.0,63.91173553466797,63.91173553466797,+
PT_20260824_1500,PT,Portugal,LightGBM,24,2026-08-24 15:00:00+00:00,2026-08-25 15:00:00+00:00,5895.2,4610.81072496823,1,month,8.0,-749.0106108884994,749.0106108884994,-
PT_20260824_1500,PT,Portugal,LightGBM,24,2026-08-24 15:00:00+00:00,2026-08-25 15:00:00+00:00,5895.2,4610.81072496823,2,lag_48h,4914.2,-346.518521861352,346.518521861352,-
PT_20260824_1500,PT,Portugal,LightGBM,24,2026-08-24 15:00:00+00:00,2026-08-25 15:00:00+00:00,5895.2,4610.81072496823,3,wind_onshore_mw_lag1h,3772.1,213.20906176430225,213.20906176430225,+
PT_20260824_1500,PT,Portugal,LightGBM,24,2026-08-24 15:00:00+00:00,2026-08-25 15:00:00+00:00,5895.2,4610.81072496823,4,hour_sin,-0.8660254037844384,-204.29179665731547,204.29179665731547,-
PT_20260824_1500,PT,Portugal,LightGBM,24,2026-08-24 15:00:00+00:00,2026-08-25 15:00:00+00:00,5895.2,4610.81072496823,5,is_weekend,0.0,-143.6219599930388,143.6219599930388,-
PT_20260824_1500,PT,Portugal,LightGBM,24,2026-08-24 15:00:00+00:00,2026-08-25 15:00:00+00:00,5895.2,4610.81072496823,6,lag_1h,6270.1,130.5778774830896,130.5778774830896,+
PT_20260824_1500,PT,Portugal,LightGBM,24,2026-08-24 15:00:00+00:00,2026-08-25 15:00:00+00:00,5895.2,4610.81072496823,7,wind_offshore_mw_lag1h,25.0,83.93302087456881,83.93302087456881,+
PT_20260824_1500,PT,Portugal,LightGBM,24,2026-08-24 15:00:00+00:00,2026-08-25 15:00:00+00:00,5895.2,4610.81072496823,8,week_of_year,35.0,-81.55395507889008,81.55395507889008,-
PT_20260824_1500,PT,Portugal,LightGBM,24,2026-08-24 15:00:00+00:00,2026-08-25 15:00:00+00:00,5895.2,4610.81072496823,9,rolling_min_24h,4393.3,74.31251064855695,74.31251064855695,+
PT_20260824_1500,PT,Portugal,LightGBM,24,2026-08-24 15:00:00+00:00,2026-08-25 15:00:00+00:00,5895.2,4610.81072496823,10,dow_sin,0.0,-54.59592766771961,54.59592766771961,-
PT_20260824_1500,PT,Portugal,XGBoost,24,2026-08-24 15:00:00+00:00,2026-08-25 15:00:00+00:00,5895.2,4929.47216796875,1,month,8.0,-711.8895263671875,711.8895263671875,-
PT_20260824_1500,PT,Portugal,XGBoost,24,2026-08-24 15:00:00+00:00,2026-08-25 15:00:00+00:00,5895.2,4929.47216796875,2,lag_48h,4914.2,-270.1591491699219,270.1591491699219,-
PT_20260824_1500,PT,Portugal,XGBoost,24,2026-08-24 15:00:00+00:00,2026-08-25 15:00:00+00:00,5895.2,4929.47216796875,3,wind_onshore_mw_lag1h,3772.1,195.7907257080078,195.7907257080078,+
PT_20260824_1500,PT,Portugal,XGBoost,24,2026-08-24 15:00:00+00:00,2026-08-25 15:00:00+00:00,5895.2,4929.47216796875,4,lag_1h,6270.1,185.2767791748047,185.2767791748047,+
PT_20260824_1500,PT,Portugal,XGBoost,24,2026-08-24 15:00:00+00:00,2026-08-25 15:00:00+00:00,5895.2,4929.47216796875,5,hour_sin,-0.8660254037844384,-184.46922302246094,184.46922302246094,-
PT_20260824_1500,PT,Portugal,XGBoost,24,2026-08-24 15:00:00+00:00,2026-08-25 15:00:00+00:00,5895.2,4929.47216796875,6,is_weekend,0.0,-155.26861572265625,155.26861572265625,-
PT_20260824_1500,PT,Portugal,XGBoost,24,2026-08-24 15:00:00+00:00,2026-08-25 15:00:00+00:00,5895.2,4929.47216796875,7,solar_mw_lag1h,1521.5,72.08177185058594,72.08177185058594,+
PT_20260824_1500,PT,Portugal,XGBoost,24,2026-08-24 15:00:00+00:00,2026-08-25 15:00:00+00:00,5895.2,4929.47216796875,8,lag_12h,4393.3,70.93163299560547,70.93163299560547,+
PT_20260824_1500,PT,Portugal,XGBoost,24,2026-08-24 15:00:00+00:00,2026-08-25 15:00:00+00:00,5895.2,4929.47216796875,9,rolling_min_24h,4393.3,70.08267974853516,70.08267974853516,+
PT_20260824_1500,PT,Portugal,XGBoost,24,2026-08-24 15:00:00+00:00,2026-08-25 15:00:00+00:00,5895.2,4929.47216796875,10,wind_offshore_mw_lag1h,25.0,64.46977996826172,64.46977996826172,+
PT_20260824_1600,PT,Portugal,LightGBM,24,2026-08-24 16:00:00+00:00,2026-08-25 16:00:00+00:00,5972.0,4615.217989067487,1,month,8.0,-748.4537671849524,748.4537671849524,-
PT_20260824_1600,PT,Portugal,LightGBM,24,2026-08-24 16:00:00+00:00,2026-08-25 16:00:00+00:00,5972.0,4615.217989067487,2,lag_48h,5182.0,-344.8179591172916,344.8179591172916,-
PT_20260824_1600,PT,Portugal,LightGBM,24,2026-08-24 16:00:00+00:00,2026-08-25 16:00:00+00:00,5972.0,4615.217989067487,3,wind_onshore_mw_lag1h,3765.1,214.10391878779978,214.10391878779978,+
PT_20260824_1600,PT,Portugal,LightGBM,24,2026-08-24 16:00:00+00:00,2026-08-25 16:00:00+00:00,5972.0,4615.217989067487,4,hour_sin,-0.9659258262890684,-204.22916079047235,204.22916079047235,-
PT_20260824_1600,PT,Portugal,LightGBM,24,2026-08-24 16:00:00+00:00,2026-08-25 16:00:00+00:00,5972.0,4615.217989067487,5,is_weekend,0.0,-143.61246791424352,143.61246791424352,-
PT_20260824_1600,PT,Portugal,LightGBM,24,2026-08-24 16:00:00+00:00,2026-08-25 16:00:00+00:00,5972.0,4615.217989067487,6,lag_1h,6283.2,130.23087918070834,130.23087918070834,+
PT_20260824_1600,PT,Portugal,LightGBM,24,2026-08-24 16:00:00+00:00,2026-08-25 16:00:00+00:00,5972.0,4615.217989067487,7,wind_offshore_mw_lag1h,17.8,83.63149826593752,83.63149826593752,+
PT_20260824_1600,PT,Portugal,LightGBM,24,2026-08-24 16:00:00+00:00,2026-08-25 16:00:00+00:00,5972.0,4615.217989067487,8,week_of_year,35.0,-81.53905231434699,81.53905231434699,-
PT_20260824_1600,PT,Portugal,LightGBM,24,2026-08-24 16:00:00+00:00,2026-08-25 16:00:00+00:00,5972.0,4615.217989067487,9,rolling_min_24h,4393.3,73.93126600599972,73.93126600599972,+
PT_20260824_1600,PT,Portugal,LightGBM,24,2026-08-24 16:00:00+00:00,2026-08-25 16:00:00+00:00,5972.0,4615.217989067487,10,dow_sin,0.0,-54.79660956226723,54.79660956226723,-
PT_20260824_1600,PT,Portugal,XGBoost,24,2026-08-24 16:00:00+00:00,2026-08-25 16:00:00+00:00,5972.0,4928.94384765625,1,month,8.0,-711.2593383789062,711.2593383789062,-
PT_20260824_1600,PT,Portugal,XGBoost,24,2026-08-24 16:00:00+00:00,2026-08-25 16:00:00+00:00,5972.0,4928.94384765625,2,lag_48h,5182.0,-269.58349609375,269.58349609375,-
PT_20260824_1600,PT,Portugal,XGBoost,24,2026-08-24 16:00:00+00:00,2026-08-25 16:00:00+00:00,5972.0,4928.94384765625,3,wind_onshore_mw_lag1h,3765.1,197.32235717773438,197.32235717773438,+
PT_20260824_1600,PT,Portugal,XGBoost,24,2026-08-24 16:00:00+00:00,2026-08-25 16:00:00+00:00,5972.0,4928.94384765625,4,lag_1h,6283.2,187.17210388183594,187.17210388183594,+
PT_20260824_1600,PT,Portugal,XGBoost,24,2026-08-24 16:00:00+00:00,2026-08-25 16:00:00+00:00,5972.0,4928.94384765625,5,hour_sin,-0.9659258262890684,-185.3023681640625,185.3023681640625,-
PT_20260824_1600,PT,Portugal,XGBoost,24,2026-08-24 16:00:00+00:00,2026-08-25 16:00:00+00:00,5972.0,4928.94384765625,6,is_weekend,0.0,-156.21511840820312,156.21511840820312,-
PT_20260824_1600,PT,Portugal,XGBoost,24,2026-08-24 16:00:00+00:00,2026-08-25 16:00:00+00:00,5972.0,4928.94384765625,7,solar_mw_lag1h,1516.1,71.0272445678711,71.0272445678711,+
PT_20260824_1600,PT,Portugal,XGBoost,24,2026-08-24 16:00:00+00:00,2026-08-25 16:00:00+00:00,5972.0,4928.94384765625,8,lag_12h,4505.2,70.24783325195312,70.24783325195312,+
PT_20260824_1600,PT,Portugal,XGBoost,24,2026-08-24 16:00:00+00:00,2026-08-25 16:00:00+00:00,5972.0,4928.94384765625,9,rolling_min_24h,4393.3,69.53982543945312,69.53982543945312,+
PT_20260824_1600,PT,Portugal,XGBoost,24,2026-08-24 16:00:00+00:00,2026-08-25 16:00:00+00:00,5972.0,4928.94384765625,10,wind_offshore_mw_lag1h,17.8,63.367210388183594,63.367210388183594,+
PT_20260824_1700,PT,Portugal,LightGBM,24,2026-08-24 17:00:00+00:00,2026-08-25 17:00:00+00:00,6238.2,4629.128338260514,1,month,8.0,-748.410077634676,748.410077634676,-
PT_20260824_1700,PT,Portugal,LightGBM,24,2026-08-24 17:00:00+00:00,2026-08-25 17:00:00+00:00,6238.2,4629.128338260514,2,lag_48h,5577.9,-342.1148307305192,342.1148307305192,-
PT_20260824_1700,PT,Portugal,LightGBM,24,2026-08-24 17:00:00+00:00,2026-08-25 17:00:00+00:00,6238.2,4629.128338260514,3,wind_onshore_mw_lag1h,3590.4,214.10391878779978,214.10391878779978,+
PT_20260824_1700,PT,Portugal,LightGBM,24,2026-08-24 17:00:00+00:00,2026-08-25 17:00:00+00:00,6238.2,4629.128338260514,4,hour_sin,-1.0,-204.7766877532452,204.7766877532452,-
PT_20260824_1700,PT,Portugal,LightGBM,24,2026-08-24 17:00:00+00:00,2026-08-25 17:00:00+00:00,6238.2,4629.128338260514,5,is_weekend,0.0,-143.61246791424352,143.61246791424352,-
PT_20260824_1700,PT,Portugal,LightGBM,24,2026-08-24 17:00:00+00:00,2026-08-25 17:00:00+00:00,6238.2,4629.128338260514,6,lag_1h,6221.6,130.22776799782946,130.22776799782946,+
PT_20260824_1700,PT,Portugal,LightGBM,24,2026-08-24 17:00:00+00:00,2026-08-25 17:00:00+00:00,6238.2,4629.128338260514,7,wind_offshore_mw_lag1h,16.4,84.0596676877356,84.0596676877356,+
PT_20260824_1700,PT,Portugal,LightGBM,24,2026-08-24 17:00:00+00:00,2026-08-25 17:00:00+00:00,6238.2,4629.128338260514,8,week_of_year,35.0,-81.53905231434699,81.53905231434699,-
PT_20260824_1700,PT,Portugal,LightGBM,24,2026-08-24 17:00:00+00:00,2026-08-25 17:00:00+00:00,6238.2,4629.128338260514,9,rolling_min_24h,4393.3,74.73976848442351,74.73976848442351,+
PT_20260824_1700,PT,Portugal,LightGBM,24,2026-08-24 17:00:00+00:00,2026-08-25 17:00:00+00:00,6238.2,4629.128338260514,10,dow_sin,0.0,-54.633491407081145,54.633491407081145,-
PT_20260824_1700,PT,Portugal,XGBoost,24,2026-08-24 17:00:00+00:00,2026-08-25 17:00:00+00:00,6238.2,4928.57470703125,1,month,8.0,-711.2593383789062,711.2593383789062,-
PT_20260824_1700,PT,Portugal,XGBoost,24,2026-08-24 17:00:00+00:00,2026-08-25 17:00:00+00:00,6238.2,4928.57470703125,2,lag_48h,5577.9,-269.59161376953125,269.59161376953125,-
PT_20260824_1700,PT,Portugal,XGBoost,24,2026-08-24 17:00:00+00:00,2026-08-25 17:00:00+00:00,6238.2,4928.57470703125,3,wind_onshore_mw_lag1h,3590.4,197.32235717773438,197.32235717773438,+
PT_20260824_1700,PT,Portugal,XGBoost,24,2026-08-24 17:00:00+00:00,2026-08-25 17:00:00+00:00,6238.2,4928.57470703125,4,lag_1h,6221.6,187.03392028808594,187.03392028808594,+
PT_20260824_1700,PT,Portugal,XGBoost,24,2026-08-24 17:00:00+00:00,2026-08-25 17:00:00+00:00,6238.2,4928.57470703125,5,hour_sin,-1.0,-185.27418518066406,185.27418518066406,-
PT_20260824_1700,PT,Portugal,XGBoost,24,2026-08-24 17:00:00+00:00,2026-08-25 17:00:00+00:00,6238.2,4928.57470703125,6,is_weekend,0.0,-156.47732543945312,156.47732543945312,-
PT_20260824_1700,PT,Portugal,XGBoost,24,2026-08-24 17:00:00+00:00,2026-08-25 17:00:00+00:00,6238.2,4928.57470703125,7,solar_mw_lag1h,1331.8,70.99014282226562,70.99014282226562,+
PT_20260824_1700,PT,Portugal,XGBoost,24,2026-08-24 17:00:00+00:00,2026-08-25 17:00:00+00:00,6238.2,4928.57470703125,8,lag_12h,4827.0,69.97718811035156,69.97718811035156,+
PT_20260824_1700,PT,Portugal,XGBoost,24,2026-08-24 17:00:00+00:00,2026-08-25 17:00:00+00:00,6238.2,4928.57470703125,9,rolling_min_24h,4393.3,69.50230407714844,69.50230407714844,+
PT_20260824_1700,PT,Portugal,XGBoost,24,2026-08-24 17:00:00+00:00,2026-08-25 17:00:00+00:00,6238.2,4928.57470703125,10,wind_offshore_mw_lag1h,16.4,63.328365325927734,63.328365325927734,+
PT_20260824_1800,PT,Portugal,LightGBM,24,2026-08-24 18:00:00+00:00,2026-08-25 18:00:00+00:00,6678.3,4500.927435202135,1,month,8.0,-773.66470865289,773.66470865289,-
PT_20260824_1800,PT,Portugal,LightGBM,24,2026-08-24 18:00:00+00:00,2026-08-25 18:00:00+00:00,6678.3,4500.927435202135,2,lag_48h,6025.7,-344.90294233927364,344.90294233927364,-
PT_20260824_1800,PT,Portugal,LightGBM,24,2026-08-24 18:00:00+00:00,2026-08-25 18:00:00+00:00,6678.3,4500.927435202135,3,hour_sin,-0.9659258262890684,-202.66534331392384,202.66534331392384,-
PT_20260824_1800,PT,Portugal,LightGBM,24,2026-08-24 18:00:00+00:00,2026-08-25 18:00:00+00:00,6678.3,4500.927435202135,4,wind_onshore_mw_lag1h,3329.2,201.06139929344593,201.06139929344593,+
PT_20260824_1800,PT,Portugal,LightGBM,24,2026-08-24 18:00:00+00:00,2026-08-25 18:00:00+00:00,6678.3,4500.927435202135,5,is_weekend,0.0,-145.44032637317056,145.44032637317056,-
PT_20260824_1800,PT,Portugal,LightGBM,24,2026-08-24 18:00:00+00:00,2026-08-25 18:00:00+00:00,6678.3,4500.927435202135,6,lag_1h,6359.3,130.20865987821145,130.20865987821145,+
PT_20260824_1800,PT,Portugal,LightGBM,24,2026-08-24 18:00:00+00:00,2026-08-25 18:00:00+00:00,6678.3,4500.927435202135,7,week_of_year,35.0,-83.31947254886406,83.31947254886406,-
PT_20260824_1800,PT,Portugal,LightGBM,24,2026-08-24 18:00:00+00:00,2026-08-25 18:00:00+00:00,6678.3,4500.927435202135,8,rolling_min_24h,4393.3,80.04698201736889,80.04698201736889,+
PT_20260824_1800,PT,Portugal,LightGBM,24,2026-08-24 18:00:00+00:00,2026-08-25 18:00:00+00:00,6678.3,4500.927435202135,9,wind_offshore_mw_lag1h,7.4,75.15372783859218,75.15372783859218,+
PT_20260824_1800,PT,Portugal,LightGBM,24,2026-08-24 18:00:00+00:00,2026-08-25 18:00:00+00:00,6678.3,4500.927435202135,10,dow_sin,0.0,-50.69136420603288,50.69136420603288,-
PT_20260824_1800,PT,Portugal,XGBoost,24,2026-08-24 18:00:00+00:00,2026-08-25 18:00:00+00:00,6678.3,4799.57861328125,1,month,8.0,-725.2464599609375,725.2464599609375,-
PT_20260824_1800,PT,Portugal,XGBoost,24,2026-08-24 18:00:00+00:00,2026-08-25 18:00:00+00:00,6678.3,4799.57861328125,2,lag_48h,6025.7,-271.8933410644531,271.8933410644531,-
PT_20260824_1800,PT,Portugal,XGBoost,24,2026-08-24 18:00:00+00:00,2026-08-25 18:00:00+00:00,6678.3,4799.57861328125,3,wind_onshore_mw_lag1h,3329.2,195.41757202148438,195.41757202148438,+
PT_20260824_1800,PT,Portugal,XGBoost,24,2026-08-24 18:00:00+00:00,2026-08-25 18:00:00+00:00,6678.3,4799.57861328125,4,lag_1h,6359.3,189.990966796875,189.990966796875,+
PT_20260824_1800,PT,Portugal,XGBoost,24,2026-08-24 18:00:00+00:00,2026-08-25 18:00:00+00:00,6678.3,4799.57861328125,5,hour_sin,-0.9659258262890684,-177.99136352539062,177.99136352539062,-
PT_20260824_1800,PT,Portugal,XGBoost,24,2026-08-24 18:00:00+00:00,2026-08-25 18:00:00+00:00,6678.3,4799.57861328125,6,is_weekend,0.0,-154.09976196289062,154.09976196289062,-
PT_20260824_1800,PT,Portugal,XGBoost,24,2026-08-24 18:00:00+00:00,2026-08-25 18:00:00+00:00,6678.3,4799.57861328125,7,rolling_min_24h,4393.3,69.03827667236328,69.03827667236328,+
PT_20260824_1800,PT,Portugal,XGBoost,24,2026-08-24 18:00:00+00:00,2026-08-25 18:00:00+00:00,6678.3,4799.57861328125,8,solar_mw_lag1h,868.8,62.98134994506836,62.98134994506836,+
PT_20260824_1800,PT,Portugal,XGBoost,24,2026-08-24 18:00:00+00:00,2026-08-25 18:00:00+00:00,6678.3,4799.57861328125,9,lag_12h,5159.0,62.80091857910156,62.80091857910156,+
PT_20260824_1800,PT,Portugal,XGBoost,24,2026-08-24 18:00:00+00:00,2026-08-25 18:00:00+00:00,6678.3,4799.57861328125,10,hydro_pumped_mw_lag1h,188.8,-57.27507019042969,57.27507019042969,-
PT_20260824_1900,PT,Portugal,LightGBM,24,2026-08-24 19:00:00+00:00,2026-08-25 19:00:00+00:00,6949.8,4586.041884794702,1,month,8.0,-753.3366833216134,753.3366833216134,-
PT_20260824_1900,PT,Portugal,LightGBM,24,2026-08-24 19:00:00+00:00,2026-08-25 19:00:00+00:00,6949.8,4586.041884794702,2,lag_48h,6287.1,-346.68118203573306,346.68118203573306,-
PT_20260824_1900,PT,Portugal,LightGBM,24,2026-08-24 19:00:00+00:00,2026-08-25 19:00:00+00:00,6949.8,4586.041884794702,3,wind_onshore_mw_lag1h,3120.4,208.0047921905379,208.0047921905379,+
PT_20260824_1900,PT,Portugal,LightGBM,24,2026-08-24 19:00:00+00:00,2026-08-25 19:00:00+00:00,6949.8,4586.041884794702,4,hour_sin,-0.8660254037844386,-202.5779847824283,202.5779847824283,-
PT_20260824_1900,PT,Portugal,LightGBM,24,2026-08-24 19:00:00+00:00,2026-08-25 19:00:00+00:00,6949.8,4586.041884794702,5,is_weekend,0.0,-153.88978923455235,153.88978923455235,-
PT_20260824_1900,PT,Portugal,LightGBM,24,2026-08-24 19:00:00+00:00,2026-08-25 19:00:00+00:00,6949.8,4586.041884794702,6,lag_1h,6759.8,131.32687371096898,131.32687371096898,+
PT_20260824_1900,PT,Portugal,LightGBM,24,2026-08-24 19:00:00+00:00,2026-08-25 19:00:00+00:00,6949.8,4586.041884794702,7,wind_offshore_mw_lag1h,4.2,86.64594656950999,86.64594656950999,+
PT_20260824_1900,PT,Portugal,LightGBM,24,2026-08-24 19:00:00+00:00,2026-08-25 19:00:00+00:00,6949.8,4586.041884794702,8,week_of_year,35.0,-82.9993066091064,82.9993066091064,-
PT_20260824_1900,PT,Portugal,LightGBM,24,2026-08-24 19:00:00+00:00,2026-08-25 19:00:00+00:00,6949.8,4586.041884794702,9,rolling_min_24h,4393.3,82.46357202257835,82.46357202257835,+
PT_20260824_1900,PT,Portugal,LightGBM,24,2026-08-24 19:00:00+00:00,2026-08-25 19:00:00+00:00,6949.8,4586.041884794702,10,dow_sin,0.0,-51.174092950285825,51.174092950285825,-
PT_20260824_1900,PT,Portugal,XGBoost,24,2026-08-24 19:00:00+00:00,2026-08-25 19:00:00+00:00,6949.8,4792.1533203125,1,month,8.0,-714.8873901367188,714.8873901367188,-
PT_20260824_1900,PT,Portugal,XGBoost,24,2026-08-24 19:00:00+00:00,2026-08-25 19:00:00+00:00,6949.8,4792.1533203125,2,lag_48h,6287.1,-294.9900817871094,294.9900817871094,-
PT_20260824_1900,PT,Portugal,XGBoost,24,2026-08-24 19:00:00+00:00,2026-08-25 19:00:00+00:00,6949.8,4792.1533203125,3,wind_onshore_mw_lag1h,3120.4,200.59347534179688,200.59347534179688,+
PT_20260824_1900,PT,Portugal,XGBoost,24,2026-08-24 19:00:00+00:00,2026-08-25 19:00:00+00:00,6949.8,4792.1533203125,4,lag_1h,6759.8,194.08807373046875,194.08807373046875,+
PT_20260824_1900,PT,Portugal,XGBoost,24,2026-08-24 19:00:00+00:00,2026-08-25 19:00:00+00:00,6949.8,4792.1533203125,5,hour_sin,-0.8660254037844386,-173.88270568847656,173.88270568847656,-
PT_20260824_1900,PT,Portugal,XGBoost,24,2026-08-24 19:00:00+00:00,2026-08-25 19:00:00+00:00,6949.8,4792.1533203125,6,is_weekend,0.0,-168.58982849121094,168.58982849121094,-
PT_20260824_1900,PT,Portugal,XGBoost,24,2026-08-24 19:00:00+00:00,2026-08-25 19:00:00+00:00,6949.8,4792.1533203125,7,rolling_min_24h,4393.3,70.29805755615234,70.29805755615234,+
PT_20260824_1900,PT,Portugal,XGBoost,24,2026-08-24 19:00:00+00:00,2026-08-25 19:00:00+00:00,6949.8,4792.1533203125,8,lag_12h,5763.5,63.87410354614258,63.87410354614258,+
PT_20260824_1900,PT,Portugal,XGBoost,24,2026-08-24 19:00:00+00:00,2026-08-25 19:00:00+00:00,6949.8,4792.1533203125,9,solar_mw_lag1h,237.0,63.568519592285156,63.568519592285156,+
PT_20260824_1900,PT,Portugal,XGBoost,24,2026-08-24 19:00:00+00:00,2026-08-25 19:00:00+00:00,6949.8,4792.1533203125,10,wind_offshore_mw_lag1h,4.2,62.610572814941406,62.610572814941406,+
PT_20260824_2000,PT,Portugal,LightGBM,24,2026-08-24 20:00:00+00:00,2026-08-25 20:00:00+00:00,6667.0,4547.217039539151,1,month,8.0,-754.3239964055923,754.3239964055923,-
PT_20260824_2000,PT,Portugal,LightGBM,24,2026-08-24 20:00:00+00:00,2026-08-25 20:00:00+00:00,6667.0,4547.217039539151,2,lag_48h,6100.6,-339.37554402525234,339.37554402525234,-
PT_20260824_2000,PT,Portugal,LightGBM,24,2026-08-24 20:00:00+00:00,2026-08-25 20:00:00+00:00,6667.0,4547.217039539151,3,wind_onshore_mw_lag1h,2878.2,206.9412411115593,206.9412411115593,+
PT_20260824_2000,PT,Portugal,LightGBM,24,2026-08-24 20:00:00+00:00,2026-08-25 20:00:00+00:00,6667.0,4547.217039539151,4,hour_sin,-0.7071067811865477,-199.65336034337545,199.65336034337545,-
PT_20260824_2000,PT,Portugal,LightGBM,24,2026-08-24 20:00:00+00:00,2026-08-25 20:00:00+00:00,6667.0,4547.217039539151,5,is_weekend,0.0,-164.93708639030112,164.93708639030112,-
PT_20260824_2000,PT,Portugal,LightGBM,24,2026-08-24 20:00:00+00:00,2026-08-25 20:00:00+00:00,6667.0,4547.217039539151,6,lag_1h,6923.1,134.00199234087916,134.00199234087916,+
PT_20260824_2000,PT,Portugal,LightGBM,24,2026-08-24 20:00:00+00:00,2026-08-25 20:00:00+00:00,6667.0,4547.217039539151,7,week_of_year,35.0,-83.90653414562377,83.90653414562377,-
PT_20260824_2000,PT,Portugal,LightGBM,24,2026-08-24 20:00:00+00:00,2026-08-25 20:00:00+00:00,6667.0,4547.217039539151,8,rolling_min_24h,4393.3,69.03294038135512,69.03294038135512,+
PT_20260824_2000,PT,Portugal,LightGBM,24,2026-08-24 20:00:00+00:00,2026-08-25 20:00:00+00:00,6667.0,4547.217039539151,9,hydro_pumped_mw_lag1h,2750.6,-60.30223239187433,60.30223239187433,-
PT_20260824_2000,PT,Portugal,LightGBM,24,2026-08-24 20:00:00+00:00,2026-08-25 20:00:00+00:00,6667.0,4547.217039539151,10,dow_sin,0.0,-56.61617365638369,56.61617365638369,-
PT_20260824_2000,PT,Portugal,XGBoost,24,2026-08-24 20:00:00+00:00,2026-08-25 20:00:00+00:00,6667.0,4784.89453125,1,month,8.0,-706.5242309570312,706.5242309570312,-
PT_20260824_2000,PT,Portugal,XGBoost,24,2026-08-24 20:00:00+00:00,2026-08-25 20:00:00+00:00,6667.0,4784.89453125,2,lag_48h,6100.6,-294.1344299316406,294.1344299316406,-
PT_20260824_2000,PT,Portugal,XGBoost,24,2026-08-24 20:00:00+00:00,2026-08-25 20:00:00+00:00,6667.0,4784.89453125,3,wind_onshore_mw_lag1h,2878.2,197.8396759033203,197.8396759033203,+
PT_20260824_2000,PT,Portugal,XGBoost,24,2026-08-24 20:00:00+00:00,2026-08-25 20:00:00+00:00,6667.0,4784.89453125,4,lag_1h,6923.1,187.8833465576172,187.8833465576172,+
PT_20260824_2000,PT,Portugal,XGBoost,24,2026-08-24 20:00:00+00:00,2026-08-25 20:00:00+00:00,6667.0,4784.89453125,5,is_weekend,0.0,-182.89920043945312,182.89920043945312,-
PT_20260824_2000,PT,Portugal,XGBoost,24,2026-08-24 20:00:00+00:00,2026-08-25 20:00:00+00:00,6667.0,4784.89453125,6,hour_sin,-0.7071067811865477,-173.44085693359375,173.44085693359375,-
PT_20260824_2000,PT,Portugal,XGBoost,24,2026-08-24 20:00:00+00:00,2026-08-25 20:00:00+00:00,6667.0,4784.89453125,7,solar_mw_lag1h,2.4,64.21662902832031,64.21662902832031,+
PT_20260824_2000,PT,Portugal,XGBoost,24,2026-08-24 20:00:00+00:00,2026-08-25 20:00:00+00:00,6667.0,4784.89453125,8,hydro_pumped_mw_lag1h,2750.6,-61.64425277709961,61.64425277709961,-
PT_20260824_2000,PT,Portugal,XGBoost,24,2026-08-24 20:00:00+00:00,2026-08-25 20:00:00+00:00,6667.0,4784.89453125,9,week_of_year,35.0,-59.43890380859375,59.43890380859375,-
PT_20260824_2000,PT,Portugal,XGBoost,24,2026-08-24 20:00:00+00:00,2026-08-25 20:00:00+00:00,6667.0,4784.89453125,10,rolling_min_24h,4393.3,55.787235260009766,55.787235260009766,+
PT_20260824_2100,PT,Portugal,LightGBM,24,2026-08-24 21:00:00+00:00,2026-08-25 21:00:00+00:00,6193.0,4525.564496709322,1,month,8.0,-767.2476373887914,767.2476373887914,-
PT_20260824_2100,PT,Portugal,LightGBM,24,2026-08-24 21:00:00+00:00,2026-08-25 21:00:00+00:00,6193.0,4525.564496709322,2,lag_48h,5706.6,-342.19729234267703,342.19729234267703,-
PT_20260824_2100,PT,Portugal,LightGBM,24,2026-08-24 21:00:00+00:00,2026-08-25 21:00:00+00:00,6193.0,4525.564496709322,3,wind_onshore_mw_lag1h,2590.3,210.01355188722184,210.01355188722184,+
PT_20260824_2100,PT,Portugal,LightGBM,24,2026-08-24 21:00:00+00:00,2026-08-25 21:00:00+00:00,6193.0,4525.564496709322,4,hour_sin,-0.5000000000000004,-199.16613371144976,199.16613371144976,-
PT_20260824_2100,PT,Portugal,LightGBM,24,2026-08-24 21:00:00+00:00,2026-08-25 21:00:00+00:00,6193.0,4525.564496709322,5,is_weekend,0.0,-166.3910543601679,166.3910543601679,-
PT_20260824_2100,PT,Portugal,LightGBM,24,2026-08-24 21:00:00+00:00,2026-08-25 21:00:00+00:00,6193.0,4525.564496709322,6,lag_1h,6622.8,132.4516022596003,132.4516022596003,+
PT_20260824_2100,PT,Portugal,LightGBM,24,2026-08-24 21:00:00+00:00,2026-08-25 21:00:00+00:00,6193.0,4525.564496709322,7,week_of_year,35.0,-87.94016121919601,87.94016121919601,-
PT_20260824_2100,PT,Portugal,LightGBM,24,2026-08-24 21:00:00+00:00,2026-08-25 21:00:00+00:00,6193.0,4525.564496709322,8,rolling_min_24h,4393.3,74.25804025516959,74.25804025516959,+
PT_20260824_2100,PT,Portugal,LightGBM,24,2026-08-24 21:00:00+00:00,2026-08-25 21:00:00+00:00,6193.0,4525.564496709322,9,hydro_pumped_mw_lag1h,2284.0,-64.64942849956866,64.64942849956866,-
PT_20260824_2100,PT,Portugal,LightGBM,24,2026-08-24 21:00:00+00:00,2026-08-25 21:00:00+00:00,6193.0,4525.564496709322,10,dow_sin,0.0,-57.06859815160614,57.06859815160614,-
PT_20260824_2100,PT,Portugal,XGBoost,24,2026-08-24 21:00:00+00:00,2026-08-25 21:00:00+00:00,6193.0,4834.78173828125,1,month,8.0,-709.6859130859375,709.6859130859375,-
PT_20260824_2100,PT,Portugal,XGBoost,24,2026-08-24 21:00:00+00:00,2026-08-25 21:00:00+00:00,6193.0,4834.78173828125,2,lag_48h,5706.6,-269.334716796875,269.334716796875,-
PT_20260824_2100,PT,Portugal,XGBoost,24,2026-08-24 21:00:00+00:00,2026-08-25 21:00:00+00:00,6193.0,4834.78173828125,3,wind_onshore_mw_lag1h,2590.3,200.13595581054688,200.13595581054688,+
PT_20260824_2100,PT,Portugal,XGBoost,24,2026-08-24 21:00:00+00:00,2026-08-25 21:00:00+00:00,6193.0,4834.78173828125,4,lag_1h,6622.8,189.66529846191406,189.66529846191406,+
PT_20260824_2100,PT,Portugal,XGBoost,24,2026-08-24 21:00:00+00:00,2026-08-25 21:00:00+00:00,6193.0,4834.78173828125,5,is_weekend,0.0,-183.3383026123047,183.3383026123047,-
PT_20260824_2100,PT,Portugal,XGBoost,24,2026-08-24 21:00:00+00:00,2026-08-25 21:00:00+00:00,6193.0,4834.78173828125,6,hour_sin,-0.5000000000000004,-180.6205596923828,180.6205596923828,-
PT_20260824_2100,PT,Portugal,XGBoost,24,2026-08-24 21:00:00+00:00,2026-08-25 21:00:00+00:00,6193.0,4834.78173828125,7,rolling_min_24h,4393.3,67.86356353759766,67.86356353759766,+
PT_20260824_2100,PT,Portugal,XGBoost,24,2026-08-24 21:00:00+00:00,2026-08-25 21:00:00+00:00,6193.0,4834.78173828125,8,solar_mw_lag1h,0.2,62.94054412841797,62.94054412841797,+
PT_20260824_2100,PT,Portugal,XGBoost,24,2026-08-24 21:00:00+00:00,2026-08-25 21:00:00+00:00,6193.0,4834.78173828125,9,week_of_year,35.0,-60.51097869873047,60.51097869873047,-
PT_20260824_2100,PT,Portugal,XGBoost,24,2026-08-24 21:00:00+00:00,2026-08-25 21:00:00+00:00,6193.0,4834.78173828125,10,lag_12h,6509.7,55.04576873779297,55.04576873779297,+
PT_20260824_2200,PT,Portugal,LightGBM,24,2026-08-24 22:00:00+00:00,2026-08-25 22:00:00+00:00,5721.0,4520.545784300013,1,month,8.0,-768.0969173752954,768.0969173752954,-
PT_20260824_2200,PT,Portugal,LightGBM,24,2026-08-24 22:00:00+00:00,2026-08-25 22:00:00+00:00,5721.0,4520.545784300013,2,lag_48h,5328.4,-338.1180069829431,338.1180069829431,-
PT_20260824_2200,PT,Portugal,LightGBM,24,2026-08-24 22:00:00+00:00,2026-08-25 22:00:00+00:00,5721.0,4520.545784300013,3,wind_onshore_mw_lag1h,2219.9,211.79747057138323,211.79747057138323,+
PT_20260824_2200,PT,Portugal,LightGBM,24,2026-08-24 22:00:00+00:00,2026-08-25 22:00:00+00:00,5721.0,4520.545784300013,4,hour_sin,-0.2588190451025215,-199.12473907927142,199.12473907927142,-
PT_20260824_2200,PT,Portugal,LightGBM,24,2026-08-24 22:00:00+00:00,2026-08-25 22:00:00+00:00,5721.0,4520.545784300013,5,is_weekend,0.0,-163.44199089820935,163.44199089820935,-
PT_20260824_2200,PT,Portugal,LightGBM,24,2026-08-24 22:00:00+00:00,2026-08-25 22:00:00+00:00,5721.0,4520.545784300013,6,lag_1h,6132.9,133.08673640570385,133.08673640570385,+
PT_20260824_2200,PT,Portugal,LightGBM,24,2026-08-24 22:00:00+00:00,2026-08-25 22:00:00+00:00,5721.0,4520.545784300013,7,week_of_year,35.0,-87.63867708438208,87.63867708438208,-
PT_20260824_2200,PT,Portugal,LightGBM,24,2026-08-24 22:00:00+00:00,2026-08-25 22:00:00+00:00,5721.0,4520.545784300013,8,rolling_min_24h,4393.3,74.27723618221337,74.27723618221337,+
PT_20260824_2200,PT,Portugal,LightGBM,24,2026-08-24 22:00:00+00:00,2026-08-25 22:00:00+00:00,5721.0,4520.545784300013,9,hydro_pumped_mw_lag1h,1434.3,-66.03183303780285,66.03183303780285,-
PT_20260824_2200,PT,Portugal,LightGBM,24,2026-08-24 22:00:00+00:00,2026-08-25 22:00:00+00:00,5721.0,4520.545784300013,10,dow_sin,0.0,-58.08055749885669,58.08055749885669,-
PT_20260824_2200,PT,Portugal,XGBoost,24,2026-08-24 22:00:00+00:00,2026-08-25 22:00:00+00:00,5721.0,4809.45654296875,1,month,8.0,-715.9085083007812,715.9085083007812,-
PT_20260824_2200,PT,Portugal,XGBoost,24,2026-08-24 22:00:00+00:00,2026-08-25 22:00:00+00:00,5721.0,4809.45654296875,2,lag_48h,5328.4,-268.9385986328125,268.9385986328125,-
PT_20260824_2200,PT,Portugal,XGBoost,24,2026-08-24 22:00:00+00:00,2026-08-25 22:00:00+00:00,5721.0,4809.45654296875,3,wind_onshore_mw_lag1h,2219.9,199.68026733398438,199.68026733398438,+
PT_20260824_2200,PT,Portugal,XGBoost,24,2026-08-24 22:00:00+00:00,2026-08-25 22:00:00+00:00,5721.0,4809.45654296875,4,lag_1h,6132.9,190.21311950683594,190.21311950683594,+
PT_20260824_2200,PT,Portugal,XGBoost,24,2026-08-24 22:00:00+00:00,2026-08-25 22:00:00+00:00,5721.0,4809.45654296875,5,is_weekend,0.0,-183.2192840576172,183.2192840576172,-
PT_20260824_2200,PT,Portugal,XGBoost,24,2026-08-24 22:00:00+00:00,2026-08-25 22:00:00+00:00,5721.0,4809.45654296875,6,hour_sin,-0.2588190451025215,-180.99349975585938,180.99349975585938,-
PT_20260824_2200,PT,Portugal,XGBoost,24,2026-08-24 22:00:00+00:00,2026-08-25 22:00:00+00:00,5721.0,4809.45654296875,7,rolling_min_24h,4393.3,67.97109985351562,67.97109985351562,+
PT_20260824_2200,PT,Portugal,XGBoost,24,2026-08-24 22:00:00+00:00,2026-08-25 22:00:00+00:00,5721.0,4809.45654296875,8,solar_mw_lag1h,0.0,62.92592239379883,62.92592239379883,+
PT_20260824_2200,PT,Portugal,XGBoost,24,2026-08-24 22:00:00+00:00,2026-08-25 22:00:00+00:00,5721.0,4809.45654296875,9,week_of_year,35.0,-60.46818923950195,60.46818923950195,-
PT_20260824_2200,PT,Portugal,XGBoost,24,2026-08-24 22:00:00+00:00,2026-08-25 22:00:00+00:00,5721.0,4809.45654296875,10,lag_12h,6576.2,56.79909133911133,56.79909133911133,+
PT_20260824_2300,PT,Portugal,LightGBM,24,2026-08-24 23:00:00+00:00,2026-08-25 23:00:00+00:00,5352.4,4536.733935473842,1,month,8.0,-773.2125741588292,773.2125741588292,-
PT_20260824_2300,PT,Portugal,LightGBM,24,2026-08-24 23:00:00+00:00,2026-08-25 23:00:00+00:00,5352.4,4536.733935473842,2,lag_48h,5003.6,-338.4263021166427,338.4263021166427,-
PT_20260824_2300,PT,Portugal,LightGBM,24,2026-08-24 23:00:00+00:00,2026-08-25 23:00:00+00:00,5352.4,4536.733935473842,3,wind_onshore_mw_lag1h,1795.1,212.52583388627275,212.52583388627275,+
PT_20260824_2300,PT,Portugal,LightGBM,24,2026-08-24 23:00:00+00:00,2026-08-25 23:00:00+00:00,5352.4,4536.733935473842,4,hour_sin,0.0,-199.4469748799649,199.4469748799649,-
PT_20260824_2300,PT,Portugal,LightGBM,24,2026-08-24 23:00:00+00:00,2026-08-25 23:00:00+00:00,5352.4,4536.733935473842,5,is_weekend,0.0,-163.57557643925514,163.57557643925514,-
PT_20260824_2300,PT,Portugal,LightGBM,24,2026-08-24 23:00:00+00:00,2026-08-25 23:00:00+00:00,5352.4,4536.733935473842,6,lag_1h,5626.8,132.1070365459341,132.1070365459341,+
PT_20260824_2300,PT,Portugal,LightGBM,24,2026-08-24 23:00:00+00:00,2026-08-25 23:00:00+00:00,5352.4,4536.733935473842,7,week_of_year,35.0,-88.09763125531587,88.09763125531587,-
PT_20260824_2300,PT,Portugal,LightGBM,24,2026-08-24 23:00:00+00:00,2026-08-25 23:00:00+00:00,5352.4,4536.733935473842,8,rolling_min_24h,4393.3,77.65905516263888,77.65905516263888,+
PT_20260824_2300,PT,Portugal,LightGBM,24,2026-08-24 23:00:00+00:00,2026-08-25 23:00:00+00:00,5352.4,4536.733935473842,9,hydro_pumped_mw_lag1h,1063.9,-66.99232995546983,66.99232995546983,-
PT_20260824_2300,PT,Portugal,LightGBM,24,2026-08-24 23:00:00+00:00,2026-08-25 23:00:00+00:00,5352.4,4536.733935473842,10,dow_sin,0.7818314824680298,-53.47700924575341,53.47700924575341,-
PT_20260824_2300,PT,Portugal,XGBoost,24,2026-08-24 23:00:00+00:00,2026-08-25 23:00:00+00:00,5352.4,4813.0888671875,1,month,8.0,-712.9903564453125,712.9903564453125,-
PT_20260824_2300,PT,Portugal,XGBoost,24,2026-08-24 23:00:00+00:00,2026-08-25 23:00:00+00:00,5352.4,4813.0888671875,2,lag_48h,5003.6,-269.9598083496094,269.9598083496094,-
PT_20260824_2300,PT,Portugal,XGBoost,24,2026-08-24 23:00:00+00:00,2026-08-25 23:00:00+00:00,5352.4,4813.0888671875,3,wind_onshore_mw_lag1h,1795.1,202.806640625,202.806640625,+
PT_20260824_2300,PT,Portugal,XGBoost,24,2026-08-24 23:00:00+00:00,2026-08-25 23:00:00+00:00,5352.4,4813.0888671875,4,is_weekend,0.0,-192.45950317382812,192.45950317382812,-
PT_20260824_2300,PT,Portugal,XGBoost,24,2026-08-24 23:00:00+00:00,2026-08-25 23:00:00+00:00,5352.4,4813.0888671875,5,lag_1h,5626.8,188.5118865966797,188.5118865966797,+
PT_20260824_2300,PT,Portugal,XGBoost,24,2026-08-24 23:00:00+00:00,2026-08-25 23:00:00+00:00,5352.4,4813.0888671875,6,hour_sin,0.0,-183.92347717285156,183.92347717285156,-
PT_20260824_2300,PT,Portugal,XGBoost,24,2026-08-24 23:00:00+00:00,2026-08-25 23:00:00+00:00,5352.4,4813.0888671875,7,rolling_min_24h,4393.3,68.326904296875,68.326904296875,+
PT_20260824_2300,PT,Portugal,XGBoost,24,2026-08-24 23:00:00+00:00,2026-08-25 23:00:00+00:00,5352.4,4813.0888671875,8,week_of_year,35.0,-63.32737350463867,63.32737350463867,-
PT_20260824_2300,PT,Portugal,XGBoost,24,2026-08-24 23:00:00+00:00,2026-08-25 23:00:00+00:00,5352.4,4813.0888671875,9,solar_mw_lag1h,0.0,62.922569274902344,62.922569274902344,+
PT_20260824_2300,PT,Portugal,XGBoost,24,2026-08-24 23:00:00+00:00,2026-08-25 23:00:00+00:00,5352.4,4813.0888671875,10,lag_12h,6534.0,53.81022644042969,53.81022644042969,+
